,행정구역명,행정구역코드,고령자,수급자,중증장애,매출액,고령자_zscore,수급자_zscore,중증장애_zscore,매출액_zscore,고령자_tscore,수급자_tscore,중증장애_tscore,매출액_tscore,의료가중지수
0,가락1동,1124066,3460,112,215,132632406.2,-0.202330408,-1.140143327,-0.577222439,-0.781478385,47.97669592,38.59856673,44.22777561,42.18521615,42.97116839
1,가락2동,1124067,4280,576,358,384975911,0.33532522,-0.485926431,0.047746218,0.584404671,53.3532522,45.14073569,50.47746218,55.84404671,52.80198532
2,가락본동,1124065,3811,739,264,264387300,0.027812428,-0.256104547,-0.36307234,-0.06831647,50.27812428,47.43895453,46.3692766,49.3168353,48.81201912
3,가리봉동,1117070,2077,643,204,92000303.57,-1.109132523,-0.391459767,-0.625296951,-1.001411529,38.90867477,46.08540233,43.74703049,39.98588471,41.30800153
4,가산동,1118051,2682,801,261,274420097.4,-0.712447578,-0.168687634,-0.37618357,-0.014011019,42.87552422,48.31312366,46.2381643,49.85988981,47.73961693
5,가양1동,1116064,3121,307,282,163015579,-0.424605113,-0.865203037,-0.284404956,-0.617020571,45.75394887,41.34796963,47.15595044,43.82979429,44.19607541
6,가양2동,1116065,4134,3330,1426,665295367.6,0.239596291,3.397076441,4.715344305,2.101715753,52.39596291,83.97076441,97.15344305,71.01715753,72.8268355
7,가양3동,1116066,3721,2312,775,434045423.5,-0.031198556,1.961747129,1.870207269,0.850007766,49.68801444,69.61747129,68.70207269,58.50007766,59.95845828
8,가회동,1101060,865,77,72,58333851.02,-1.903813768,-1.189491585,-1.202191097,-1.183641055,30.96186232,38.10508415,37.97808903,38.16358945,36.68981805
9,갈현1동,1112055,4381,1799,372,315876992.4,0.401548657,1.238442673,0.108931961,0.210386556,54.01548657,62.38442673,51.08931961,52.10386556,54.15846972
10,갈현2동,1112056,5010,1456,454,238617193.6,0.813969864,0.754829752,0.467305597,-0.207804711,58.13969864,57.54829752,54.67305597,47.92195289,52.49400024
11,강일동,1125051,5321,2240,687,277008598.3,1.017885597,1.860230714,1.485611172,-3.23E-16,60.17885597,68.60230714,64.85611172,50,57.14818891
12,개봉1동,1117072,6464,1645,622,176929828.1,1.767325088,1.021310341,1.201534509,-0.541705627,67.67325088,60.21310341,62.01534509,44.58294373,54.11533328
13,개봉2동,1117064,6506,811,483,442268746.9,1.794863547,-0.154588132,0.594047493,0.89451891,67.94863547,48.45411868,55.94047493,58.9451891,58.53435178
14,개봉3동,1117065,4307,658,355,199760780,0.353028515,-0.370310514,0.034634988,-0.418126419,53.53028515,46.29689486,50.34634988,45.81873581,48.01067527
15,개포1동,1123068,1620,162,65,187513490.4,-1.408777184,-1.069645817,-1.232783968,-0.484418458,35.91222816,39.30354183,37.67216032,45.15581542,41.3474932
16,개포2동,1123080,3640,174,211,180614788.4,-0.084308441,-1.052726414,-0.59470408,-0.521759701,49.15691559,39.47273586,44.0529592,44.78240299,44.63693329
17,개포4동,1123071,3240,713,249,196187972,-0.346579479,-0.292763253,-0.428628493,-0.437465288,46.53420521,47.07236747,45.71371507,45.62534712,46.07139329
18,거여1동,1124053,2414,560,222,150921420.6,-0.888169173,-0.508485634,-0.546629568,-0.682483743,41.11830827,44.91514366,44.53370432,43.17516257,43.23810612
19,거여2동,1124054,3550,803,453,393813102.9,-0.143319425,-0.165867734,0.462935187,0.632238559,48.56680575,48.34132266,54.62935187,56.32238559,53.16295439
20,고덕1동,1125055,2856,309,282,237110262,-0.598359676,-0.862383136,-0.284404956,-0.215961419,44.01640324,41.37616864,47.15595044,47.84038581,45.85879687
21,고덕2동,1125056,2998,588,368,377337788.1,-0.505253457,-0.469007029,0.09145032,0.543061096,44.94746543,45.30992971,50.9145032,55.43061096,50.99834917
22,고척1동,1117061,4429,667,368,298501321.3,0.433021182,-0.357620962,0.09145032,0.116335652,54.33021182,46.42379038,50.9145032,51.16335652,50.93619684
23,고척2동,1117062,5243,1176,479,285131800.3,0.966742744,0.360043693,0.576565852,0.043969208,59.66742744,53.60043693,55.76565852,50.43969208,53.50411531
24,공덕동,1114077,5910,1151,528,145184891.1,1.4040797,0.324794938,0.790715951,-0.713534387,64.040797,53.24794938,57.90715951,42.86465613,50.79727355
25,공릉1동,1111079,6594,2447,940,159334136,1.852563176,2.152090407,2.591324951,-0.636947459,68.52563176,71.52090407,75.91324951,43.63052541,57.52570346
26,공릉2동,1111056,5529,965,495,220649696.5,1.154266536,0.0625442,0.646492415,-0.305059047,61.54266536,50.625442,56.46492415,46.94940953,51.70080571
27,공항동,1116069,4303,1771,527,229564223.9,0.350405805,1.198964067,0.786345541,-0.256806559,53.50405805,61.98964067,57.86345541,47.43193441,52.49789786
28,광장동,1105063,3805,271,271,138460922.5,0.023878362,-0.915961244,-0.332479468,-0.749929834,50.23878362,40.84038756,46.67520532,42.50070166,44.27957604
29,광희동,1102059,1123,232,83,274429439.9,-1.734648949,-0.970949302,-1.154116585,-0.013960449,32.65351051,40.29050698,38.45883415,49.86039551,43.31909285
30,교남동,1101058,1624,215,126,1218880640,-1.406154474,-0.994918456,-0.966188946,5.098158023,35.93845526,40.05081544,40.33811054,100.9815802,69.72963768
31,구로1동,1117052,2668,100,185,159821239.7,-0.721627064,-1.15706273,-0.708334745,-0.634310868,42.78372936,38.4293727,42.91665255,43.65689132,42.47491333
32,구로2동,1117071,5946,1128,464,443106746.9,1.427684094,0.292366084,0.511009699,0.89905483,64.27684094,52.92366084,55.11009699,58.9905483,58.50104511
33,구로3동,1117054,3541,492,305,346271373.1,-0.149220523,-0.604362248,-0.183885522,0.374905035,48.50779477,43.95637752,48.16114478,53.74905035,50.28859329
34,구로4동,1117055,4665,957,419,287632641.1,0.587761094,0.051264598,0.31434124,0.05750574,55.87761094,50.51264598,53.1434124,50.5750574,51.94569049
35,구로5동,1117056,4826,496,394,424516570.4,0.693325187,-0.598722448,0.205080985,0.798430061,56.93325187,44.01277552,52.05080985,57.98430061,54.58738762
36,구산동,1112057,6237,1536,1287,244016233.8,1.618486274,0.867625768,4.107857288,-0.178580826,66.18486274,58.67625768,91.07857288,48.21419174,58.99723512
37,구의1동,1105060,3120,976,278,238442828.5,-0.425260791,0.078053652,-0.301886597,-0.208748513,45.74739209,50.78053652,46.98113403,47.91251487,47.8649715
38,구의2동,1105061,4355,1132,367,106443680.5,0.384501039,0.298005884,0.08707991,-0.923232525,53.84501039,52.98005884,50.8707991,40.76767475,46.78319964
39,구의3동,1105062,4127,553,284,333747922.4,0.235006548,-0.518355286,-0.275664136,0.307118194,52.35006548,44.81644714,47.24335864,53.07118194,50.75390215
40,군자동,1105054,3015,921,277,167672216.3,-0.494106938,0.000506391,-0.306257007,-0.59181516,45.05893062,50.00506391,46.93742993,44.0818484,45.67077525
41,금호1가동,1104059,2637,772,246,222765031.9,-0.741953069,-0.20957619,-0.441739723,-0.293609175,42.58046931,47.9042381,45.58260277,47.06390825,46.129115
42,금호2.3가동,1104072,3887,769,302,181478698.1,0.077643925,-0.213806041,-0.196996752,-0.517083537,50.77643925,47.86193959,48.03003248,44.82916463,46.94946365
43,금호4가동,1104062,2406,442,178,349894232.3,-0.893414594,-0.674859759,-0.738927616,0.39451482,41.06585406,43.25140241,42.61072384,53.9451482,48.08108082
44,길동,1125074,7986,1637,708,441622380.8,2.765266388,1.010030739,1.577389786,0.891020264,77.65266388,60.10030739,65.77389786,58.91020264,63.72492512
45,길음1동,1108066,4615,592,375,233578127.6,0.554977214,-0.463367228,0.122043192,-0.235080131,55.54977214,45.36632772,51.22043192,47.64919869,49.27621512
46,길음2동,1108068,2559,516,201,121800603.7,-0.793095922,-0.570523444,-0.638408182,-0.840108685,42.06904078,44.29476556,43.61591818,41.59891315,42.41683848
47,낙성대동,1121058,2021,444,194,131559488.5,-1.145850468,-0.672039858,-0.669001053,-0.787285865,38.54149532,43.27960142,43.30998947,42.12714135,41.75954867
48,난곡동,1121081,5450,2148,612,199077814.5,1.102468006,1.730515295,1.157830407,-0.42182317,61.02468006,67.30515295,61.57830407,45.7817683,54.57150994
49,난향동,1121071,2721,654,243,121416233.8,-0.686876151,-0.375950315,-0.454850954,-0.8421892,43.13123849,46.24049685,45.45149046,41.578108,43.18882496
50,남가좌1동,1113069,2180,287,183,549106904.7,-1.04159773,-0.893402041,-0.717075565,1.472811701,39.5840227,41.06597959,42.82924435,64.72811701,52.82106501
51,남가좌2동,1113070,4851,1330,434,154157110.6,0.709717127,0.577176025,0.379897393,-0.664969624,57.09717127,55.77176025,53.79897393,43.35030376,49.57951592
52,남영동,1103053,1543,1375,194,162177168.2,-1.459264359,0.640623785,-0.669001053,-0.621558715,35.40735641,56.40623785,43.30998947,43.78441285,44.25851801
53,남현동,1121063,2791,365,192,243021367.6,-0.64097872,-0.783425925,-0.677741874,-0.183965831,43.5902128,42.16574075,43.22258126,48.16034169,45.58004069
54,내곡동,1122068,3286,815,389,154850677.5,-0.31641831,-0.148948331,0.183228934,-0.66121549,46.8358169,48.51051669,51.83228934,43.3878451,46.02946252
55,노량진1동,1120072,5869,1213,458,162221714.7,1.377196919,0.412211851,0.484787238,-0.621317595,63.77196919,54.12211851,54.84787238,43.78682405,50.97516065
56,노량진2동,1120052,2285,884,187,95030478.36,-0.972751583,-0.051661767,-0.699593925,-0.985009821,40.27248417,49.48338233,43.00406075,40.14990179,42.16454723
57,녹번동,1112051,7050,1749,566,163067289.3,2.151552159,1.167945162,0.956791539,-0.616740675,71.51552159,61.67945162,59.56791539,43.83259325,54.4592944
58,논현1동,1123052,2966,868,194,309029151.6,-0.526235141,-0.07422097,-0.669001053,0.173320614,44.73764859,49.2577903,43.30998947,51.73320614,48.84799478
59,논현2동,1123053,3155,489,192,242024484.4,-0.402312075,-0.608592099,-0.677741874,-0.189361753,45.97687925,43.91407901,43.22258126,48.10638247,46.33635357
60,능동,1105059,1637,383,133,206931716.4,-1.397630665,-0.758046821,-0.935596075,-0.379311628,36.02369335,42.41953179,40.64403925,46.20688372,42.8121035
61,다산동,1102070,2762,507,201,239968147.5,-0.65999337,-0.583212995,-0.638408182,-0.200492278,43.4000663,44.16787005,43.61591818,47.99507722,45.8589189
62,답십리1동,1106091,4070,866,394,143641874.6,0.197632925,-0.077040871,0.205080985,-0.721886415,51.97632925,49.22959129,52.05080985,42.78113585,46.90736348
63,답십리2동,1106086,5562,1313,493,478791599.4,1.175903897,0.553206872,0.637751594,1.092209536,61.75903897,55.53206872,56.37751594,60.92209536,59.57815699
64,당산1동,1119055,3394,569,250,191997595.9,-0.24560513,-0.495796083,-0.424258082,-0.460146925,47.5439487,45.04203917,45.75741918,45.39853075,45.81008937
65,당산2동,1119056,4696,294,299,227968112,0.608087099,-0.88353239,-0.210107983,-0.265445981,56.08087099,41.1646761,47.89892017,47.34554019,48.08012763
66,대림1동,1119070,3181,636,285,471368738.4,-0.385264458,-0.401329419,-0.271293726,1.052031129,46.14735542,45.98670581,47.28706274,60.52031129,53.44818309
67,대림2동,1119071,3082,517,219,397337107.1,-0.450176539,-0.569113493,-0.559740798,0.651313263,45.49823461,44.30886507,44.40259202,56.51313263,50.66058862
68,대림3동,1119072,4565,909,343,220893110.4,0.522193334,-0.016413012,-0.017809934,-0.303741498,55.22193334,49.83586988,49.82190066,46.96258502,49.47469399
69,대방동,1120068,5813,1519,629,228416120.8,1.340478974,0.843656615,1.232127381,-0.263021003,63.40478974,58.43656615,62.32127381,47.36978997,54.38241124
70,대조동,1112058,5165,1595,431,365895161.4,0.915599892,0.95081283,0.366786162,0.481124531,59.15599892,59.5081283,53.66786162,54.81124531,56.3592276
71,대치1동,1123060,2533,17,110,521436340.7,-0.810143539,-1.274088597,-1.036115509,1.323036676,41.89856461,37.25911403,39.63884491,63.23036676,51.47009687
72,대치2동,1123079,4968,141,221,226376131,0.786431405,-1.099254771,-0.550999978,-0.274063045,57.86431405,39.00745229,44.49000022,47.25936955,47.59010177
73,대치4동,1123063,2105,657,152,395104586.4,-1.09077355,-0.371720464,-0.852558281,0.639229091,39.0922645,46.28279536,41.47441719,56.39229091,49.29838969
74,대학동,1121073,3055,1353,263,266049295.8,-0.467879835,0.60960488,-0.36744275,-0.059320431,45.32120165,56.0960488,46.3255725,49.40679569,49.37514328
75,대흥동,1114060,2068,483,180,252930291.2,-1.115033621,-0.6170518,-0.730186796,-0.130330883,38.84966379,43.829482,42.69813204,48.69669117,45.1257042
76,도곡1동,1123066,2974,157,137,686276127.8,-0.52098972,-1.076695568,-0.918114434,2.215280257,44.7901028,39.23304432,40.81885566,72.15280257,57.00256156
77,도곡2동,1123067,4895,82,159,385653349.6,0.738566941,-1.182441834,-0.82196541,0.588071506,57.38566941,38.17558166,41.7803459,55.88071506,51.32076144
78,도림동,1119075,3350,802,341,294482241.3,-0.274454944,-0.167277684,-0.026550755,0.094581206,47.25545056,48.32722316,49.73449245,50.94581206,49.59807175
79,도봉1동,1110064,5790,1603,574,153328318.3,1.325398389,0.962092432,0.99175482,-0.669455705,63.25398389,59.62092432,59.9175482,43.30544295,52.22687354
80,도봉2동,1110065,6476,1079,510,196858233,1.775193219,0.223278523,0.712048568,-0.433837304,67.75193219,52.23278523,57.12048568,45.66162696,52.66199804
81,도화동,1114075,3720,503,285,314748139.7,-0.031854234,-0.588852796,-0.271293726,0.204276311,49.68145766,44.11147204,47.28706274,52.04276311,49.58806354
82,독산1동,1118052,5900,1765,860,193589539.5,1.397522924,1.190504366,2.241692135,-0.451530064,63.97522924,61.90504366,72.41692135,45.48469936,55.42289334
83,독산2동,1118053,3524,1329,331,146444320.5,-0.160367042,0.575766075,-0.070254857,-0.706717357,48.39632958,55.75766075,49.29745143,42.93282643,47.06545119
84,독산3동,1118054,4671,1102,408,159819581.6,0.59169516,0.255707378,0.266266728,-0.634319843,55.9169516,52.55707378,52.66266728,43.65680157,48.79211243
85,독산4동,1118055,2942,919,268,125434538.9,-0.541971403,-0.00231351,-0.345590699,-0.820438947,44.58028597,49.9768649,46.54409301,41.79561053,44.37782544
86,돈암1동,1108058,2882,621,192,532487290.8,-0.581312059,-0.422478672,-0.677741874,1.382853177,44.18687941,45.77521328,43.22258126,63.82853177,54.16512675
87,돈암2동,1108059,3495,372,231,104063675.5,-0.179381693,-0.773556273,-0.507295876,-0.936114999,48.20618307,42.26443727,44.92704124,40.63885001,42.9728183
88,동선동,1108083,2280,458,204,148951244.6,-0.976029971,-0.652300556,-0.625296951,-0.693147897,40.23970029,43.47699444,43.74703049,43.06852103,42.65905341
89,동화동,1102073,1894,217,144,126157843.6,-1.229121523,-0.992098556,-0.887521563,-0.816523849,37.70878477,40.07901444,41.12478437,41.83476151,40.61356328
90,둔촌1동,1125070,39,1,1,3908359.5,-2.445403462,-1.2966478,-1.512490221,-1.478234952,25.54596538,37.033522,34.87509779,35.21765048,33.55827189
91,둔촌2동,1125071,4118,536,337,490328580.4,0.229105449,-0.542324439,-0.044032396,1.154656822,52.29105449,44.57675561,49.55967604,61.54656822,55.22738674
92,등촌1동,1116052,2934,309,265,282713136.7,-0.547216824,-0.862383136,-0.35870193,0.030877483,44.52783176,41.37616864,46.4129807,50.30877483,47.10240587
93,등촌2동,1116053,3187,432,236,269260708.1,-0.381330392,-0.688959261,-0.485443825,-0.041937723,46.18669608,43.11040739,45.14556175,49.58062277,47.21516712
94,등촌3동,1116054,6761,5507,2006,226239710.6,1.962061334,6.466538043,7.250182217,-0.27480146,69.62061334,114.6653804,122.5018222,47.2519854,72.92928472
95,마장동,1104054,3925,838,374,198244988.4,0.102559673,-0.116519477,0.117672781,-0.426331085,51.02559673,48.83480523,51.17672781,45.73668915,48.01664581
96,마천1동,1124055,4211,1639,448,200564211.7,0.290083466,1.01285064,0.441083136,-0.41377761,52.90083466,60.1285064,54.41083136,45.8622239,50.83512142
97,마천2동,1124056,4058,1509,424,223473827.1,0.189764794,0.829557113,0.336193291,-0.289772613,51.89764794,58.29557113,53.36193291,47.10227387,50.80263308
98,망우3동,1107068,3394,1921,340,102132567.6,-0.24560513,1.410456598,-0.030921165,-0.946567685,47.5439487,64.10456598,49.69078835,40.53432315,47.2055989
99,망우본동,1107073,6205,2343,617,344063515,1.597504591,2.005455586,1.179682458,0.362954357,65.97504591,70.05455586,61.79682458,53.62954357,59.99393132
100,망원1동,1114069,3375,722,295,292595710.1,-0.258063004,-0.280073701,-0.227589624,0.084369804,47.41936996,47.19926299,47.72410376,50.84369804,49.131107
101,망원2동,1114070,3124,529,260,287724753.3,-0.42263808,-0.552194091,-0.380553981,0.058004325,45.7736192,44.47805909,46.19446019,50.58004325,48.00271333
102,면목2동,1107052,4566,1715,406,227463249.3,0.522849012,1.120006855,0.257525908,-0.268178698,55.22849012,61.20006855,52.57525908,47.31821302,51.98672391
103,면목3.8동,1107072,5013,1970,449,303175096.8,0.815936897,1.479544158,0.445453546,0.14163383,58.15936897,64.79544158,54.45453546,51.4163383,55.48606215
104,면목4동,1107054,3826,1807,567,90900801.46,0.037647592,1.249722274,0.961161949,-1.007362906,50.37647592,62.49722274,59.61161949,39.92637094,48.42694707
105,면목5동,1107055,2225,813,218,40192996.37,-1.012092239,-0.151768232,-0.564111209,-1.281833738,39.87907761,48.48231768,44.35888791,37.18166262,40.59591341
106,면목7동,1107057,4315,1137,360,451616646.2,0.358273936,0.305055635,0.056487039,0.94511715,53.58273936,53.05055635,50.56487039,59.4511715,56.04658978
107,면목본동,1107071,6099,2540,545,191536158.9,1.528002766,2.283215777,0.865012925,-0.462644588,65.28002766,72.83215777,58.65012925,45.37355412,55.81967636
108,명동,1102055,764,93,51,226401754,-1.970037206,-1.166932381,-1.293969711,-0.273924352,30.29962794,38.33067619,37.06030289,47.26075648,41.03071002
109,명일1동,1125053,4033,375,338,203879272.7,0.173372854,-0.769326423,-0.039661985,-0.395833873,51.73372854,42.30673577,49.60338015,46.04166127,46.97167762
110,명일2동,1125054,2590,179,182,453980397.6,-0.772769916,-1.045676663,-0.721445976,0.957911646,42.27230084,39.54323337,42.78554024,59.57911646,50.51227677
111,목1동,1115051,3282,345,251,277292219.3,-0.31904102,-0.811624929,-0.419887672,0.001535182,46.8095898,41.88375071,45.80112328,50.01535182,47.42439065
112,목2동,1115052,4183,1119,373,147455530.6,0.271724493,0.279676532,0.113302371,-0.701243887,52.71724493,52.79676532,51.13302371,42.98756113,47.66829145
113,목3동,1115053,3377,1094,343,303089565.8,-0.256751649,0.244427776,-0.017809934,0.141170868,47.43248351,52.44427776,49.82190066,51.41170868,50.59783723
114,목4동,1115054,3279,997,299,146740255.3,-0.321008053,0.107662606,-0.210107983,-0.705115523,46.78991947,51.07662606,47.89892017,42.94884477,45.75818086
115,목5동,1115071,4699,49,245,374621059.4,0.610054132,-1.22897019,-0.446110133,0.528356008,56.10054132,37.7102981,45.53889867,55.28356008,51.1535528
116,무악동,1101057,1424,206,125,1158702898,-1.537289993,-1.007608008,-0.970559357,4.772428385,34.62710007,39.92391992,40.29440643,97.72428385,67.81104873
117,묵1동,1107064,5945,1265,492,195773030.7,1.427028416,0.485529262,0.633381184,-0.439711279,64.27028416,54.85529262,56.33381184,45.60288721,52.29690312
118,묵2동,1107065,3612,1100,294,234760014.7,-0.102667414,0.252887478,-0.231960034,-0.228682821,48.97332586,52.52887478,47.68039966,47.71317179,48.80385411
119,문래동,1119076,4695,276,289,230431408.2,0.607431422,-0.908911493,-0.253812085,-0.25211267,56.07431422,40.91088507,47.46187915,47.4788733,48.04643927
120,문정1동,1124068,2965,402,234,354040609.7,-0.526890818,-0.731257767,-0.494184646,0.416958302,44.73109182,42.68742233,45.05815354,54.16958302,49.13357797
121,문정2동,1124069,4003,96,187,584306554.5,0.153702526,-1.162702531,-0.699593925,1.663340104,51.53702526,38.37297469,43.00406075,66.63340104,55.71488374
122,미성동,1121083,5877,1352,506,137181789.1,1.38244234,0.60819493,0.694566927,-0.756853518,63.8244234,56.0819493,56.94566927,42.43146482,50.91316687
123,미아동,1109070,4524,1280,369,335674890.8,0.495310553,0.506678515,0.095820731,0.317548474,54.95310553,55.06678515,50.95820731,53.17548474,53.58482679
124,반포1동,1122057,4044,458,192,296601992.4,0.180585307,-0.652300556,-0.677741874,0.106054979,51.80585307,43.47699444,43.22258126,51.06054979,48.9027422
125,반포2동,1122058,1980,7,79,191194706.2,-1.17273325,-1.288188099,-1.171598225,-0.4644928,38.2726675,37.11811901,38.28401775,45.355072,41.61324254
126,반포3동,1122059,3085,41,144,227752498.8,-0.448209507,-1.240249792,-0.887521563,-0.266613051,45.51790493,37.59750208,41.12478437,47.33386949,44.49067664
127,반포4동,1122060,2865,117,124,350956250.3,-0.592458578,-1.133093576,-0.974929767,0.400263304,44.07541422,38.66906424,40.25070233,54.00263304,47.6148234
128,반포본동,1122056,282,10,12,248238089.6,-2.286073807,-1.283958249,-1.464415708,-0.155728797,27.13926193,37.16041751,35.35584292,48.44271203,40.57176183
129,발산1동,1116067,4874,1546,587,441864254.8,0.724797711,0.88172527,1.048570153,0.892329478,57.24797711,58.8172527,60.48570153,58.92329478,58.76497473
130,방배1동,1122062,2901,320,159,315305590.4,-0.568854184,-0.846873684,-0.82196541,0.207293676,44.31145816,41.53126316,41.7803459,52.07293676,47.3892743
131,방배2동,1122063,3523,493,229,154714926.7,-0.16102272,-0.602952298,-0.516036697,-0.661950281,48.3897728,43.97047702,44.83963303,43.38049719,44.66799076
132,방배3동,1122064,3398,137,143,291002769.5,-0.242982419,-1.104894572,-0.891891973,0.075747547,47.57017581,38.95105428,41.08108027,50.75747547,46.84434243
133,방배4동,1122065,3559,335,225,296587905.9,-0.137418326,-0.825724431,-0.533518337,0.105978731,48.62581674,41.74275569,44.66481663,51.05978731,48.14314133
134,방배본동,1122061,3093,361,190,138923872.3,-0.442964086,-0.789065726,-0.686482694,-0.747423983,45.57035914,42.10934274,43.13517306,42.52576017,43.13798352
135,방이1동,1124057,2246,328,151,117280269.9,-0.998323009,-0.835594083,-0.856928692,-0.864576314,40.01676991,41.64405917,41.43071308,41.35423686,41.1470219
136,방이2동,1124058,3544,905,272,147548038.7,-0.14725349,-0.022052813,-0.328109058,-0.700743159,48.5274651,49.77947187,46.71890942,42.99256841,45.75304848
137,방학1동,1110055,5868,1868,538,260479885.7,1.376541241,1.335729237,0.834420053,-0.089466493,63.76541241,63.35729237,58.34420053,49.10533507,55.68630125
138,방학2동,1110056,4405,2454,453,213941529.2,0.417284919,2.161960059,0.462935187,-0.341368965,54.17284919,71.61960059,54.62935187,46.58631035,53.4898241
139,방학3동,1110057,5080,408,372,337771527.8,0.859867296,-0.722798066,0.108931961,0.328897135,58.59867296,42.77201934,51.08931961,53.28897135,52.23548861
140,방화1동,1116070,6616,1210,642,190292761.2,1.866988083,0.407982001,1.288942713,-0.469374841,68.66988083,54.07982001,62.88942713,45.30625159,53.71224885
141,방화2동,1116071,4857,1698,690,418308792.8,0.713651192,1.096037702,1.498722403,0.764828648,57.13651192,60.96037702,64.98722403,57.64828648,59.04291461
142,방화3동,1116072,5260,2276,944,211511859,0.977889263,1.910988922,2.608806592,-0.354520266,59.77889263,69.10988922,76.08806592,46.45479734,56.78841605
143,번1동,1109060,3657,1223,331,274878165.7,-0.073161922,0.426311353,-0.070254857,-0.01153159,49.26838078,54.26311353,49.29745143,49.8846841,50.4542445
144,번2동,1109061,4001,1886,558,101362681.8,0.152391171,1.361108341,0.921828257,-0.950734917,51.52391171,63.61108341,59.21828257,40.49265083,49.08533267
145,번3동,1109062,4669,2857,1002,344033237.2,0.590383804,2.730169992,2.862290383,0.36279047,55.90383804,77.30169992,78.62290383,53.6279047,61.35038042
146,보광동,1103070,2708,1086,184,135401523.9,-0.69539996,0.233148175,-0.712705155,-0.766489725,43.0460004,52.33148175,42.87294845,42.33510275,44.29387932
147,보라매동,1121052,4482,1158,446,166514100.2,0.467772094,0.33466459,0.432342315,-0.598083802,54.67772094,53.3466459,54.32342315,44.01916198,49.0712161
148,보문동,1108061,2415,486,195,139780585,-0.887513496,-0.61282195,-0.664630643,-0.742786775,41.12486504,43.8717805,43.35369357,42.57213225,42.60781242
149,부암동,1101055,1802,174,121,10205204.89,-1.289443862,-1.052726414,-0.988040997,-1.444151434,37.10556138,39.47273586,40.11959003,35.55848566,37.12303263
150,북가좌1동,1113071,2961,544,242,203665495.4,-0.529513528,-0.531044838,-0.459221364,-0.396991005,44.70486472,44.68955162,45.40778636,46.03008995,45.45266275
151,북가좌2동,1113072,6363,1521,593,201502038.8,1.701101651,0.846476515,1.074792614,-0.408701347,67.01101651,58.46476515,60.74792614,45.91298653,54.18352124
152,북아현동,1113074,2258,595,195,239668119.4,-0.990454878,-0.459137377,-0.664630643,-0.202116268,40.09545122,45.40862623,43.35369357,47.97883732,45.37423019
153,불광1동,1112052,7722,1849,623,310525781.3,2.592167503,1.308940183,1.20590492,0.18142156,75.92167503,63.08940183,62.0590492,51.8142156,59.88946928
154,불광2동,1112072,5954,2234,488,320649995.9,1.432929514,1.851771013,0.615899544,0.236221834,64.32929514,68.51771013,56.15899544,52.36221834,58.0574419
155,사근동,1104055,1508,258,113,855235236,-1.482213075,-0.934290597,-1.023004279,3.129820867,35.17786925,40.65709403,39.76995721,81.29820867,59.77091429
156,사당1동,1120063,3800,784,273,256492431.7,0.020599974,-0.192656788,-0.323738648,-0.111049755,50.20599974,48.07343212,46.76261352,48.88950245,48.74412848
157,사당2동,1120073,5480,589,297,230832392,1.122138334,-0.467597078,-0.218848803,-0.249942228,61.22138334,45.32402922,47.81151197,47.50057772,49.90270964
158,사당3동,1120065,4487,585,271,118454371.9,0.471050482,-0.473236879,-0.332479468,-0.858221144,54.71050482,45.26763121,46.67520532,41.41778856,45.40723137
159,사당4동,1120066,2681,563,181,196679335.9,-0.713103255,-0.504255784,-0.725816386,-0.434805637,42.86896745,44.95744216,42.74183614,45.65194363,44.6100472
160,사당5동,1120067,2347,377,192,316224573.1,-0.932099572,-0.766506522,-0.677741874,0.212267938,40.67900428,42.33493478,43.22258126,52.12267938,47.00857679
161,사직동,1101053,1774,125,136,249642989.3,-1.307802834,-1.121813975,-0.922484844,-0.148124366,36.92197166,38.78186025,40.77515156,48.51875634,43.52749199
162,삼각산동,1109073,4504,1319,484,301149013.9,0.482197001,0.561666573,0.598417903,0.130667063,54.82197001,55.61666573,55.98417903,51.30667063,53.3486682
163,삼선동,1108082,3948,865,330,293714719.8,0.117640258,-0.078450821,-0.074625267,0.090426771,51.17640258,49.21549179,49.25374733,50.90426771,50.45684385
164,삼성1동,1123058,2154,168,107,521991347.5,-1.058645348,-1.061186116,-1.04922674,1.326040813,39.41354652,39.38813884,39.5077326,63.26040813,51.34430424
165,삼성2동,1123059,3652,466,226,318072704.6,-0.07644031,-0.641020954,-0.529147927,0.222271491,49.2355969,43.58979046,44.70852073,52.22271491,49.17525526
166,삼성동,1121082,5549,1612,543,157667156.6,1.167380088,0.974781984,0.856272104,-0.645970473,61.67380088,59.74781984,58.56272104,43.54029527,51.88111642
167,삼양동,1109069,4945,1735,451,312450273.7,0.771350821,1.14820586,0.454194366,0.191838438,57.71350821,61.4820586,54.54194366,51.91838438,55.07899705
168,삼전동,1124064,3988,1196,331,139055406.2,0.143867362,0.388242698,-0.070254857,-0.746712018,51.43867362,53.88242698,49.29745143,42.53287982,47.14578079
169,삼청동,1101054,625,45,39,152958817.7,-2.061176391,-1.234609991,-1.346414633,-0.671455735,29.38823609,37.65390009,36.53585367,43.28544265,38.67678277
170,상계10동,1111074,2734,437,224,37460073.68,-0.678352343,-0.68190951,-0.537888747,-1.296626482,43.21647657,43.1809049,44.62111253,37.03373518,40.29446033
171,상계1동,1111065,7102,1908,769,290188262.7,2.185647394,1.392127245,1.843984808,0.07133879,71.85647394,63.92127245,68.43984808,50.7133879,59.46919243
172,상계2동,1111066,3392,1038,354,177617612.3,-0.246916485,0.165470565,0.030264578,-0.537982794,47.53083515,51.65470565,50.30264578,44.62017206,47.14365727
173,상계3.4동,1111076,6120,2610,601,129669263.5,1.541771995,2.381912291,1.109755895,-0.797517262,65.41771995,73.81912291,61.09755895,42.02482738,54.65149906
174,상계5동,1111069,5037,2059,466,172965228.4,0.83167316,1.605029727,0.519750519,-0.563165183,58.3167316,66.05029727,55.19750519,44.36834817,52.30601057
175,상계6.7동,1111077,5086,1077,506,440107811.9,0.863801362,0.220458623,0.694566927,0.882822217,58.63801362,52.20458623,56.94566927,58.82822217,57.39572506
176,상계8동,1111072,2918,353,269,1030734486,-0.557707665,-0.800345327,-0.341220289,4.079761908,44.42292335,41.99654673,46.58779711,90.79761908,67.45626452
177,상계9동,1111073,3487,528,267,678728280,-0.184627113,-0.553604041,-0.349961109,2.174425322,48.15372887,44.46395959,46.50038891,71.74425322,59.09661392
178,상도1동,1120053,7096,1231,561,318301399,2.181713328,0.437590955,0.934939488,0.223509366,71.81713328,54.37590955,59.34939488,52.23509366,57.41543202
179,상도2동,1120054,4320,522,334,232225771,0.361552324,-0.562063742,-0.057143626,-0.242400156,53.61552324,44.37936258,49.42856374,47.57599844,48.45606278
180,상도3동,1120055,4438,1141,388,146642955.8,0.43892228,0.310695436,0.178858524,-0.705642186,54.3892228,53.10695436,51.78858524,42.94357814,48.1169238
181,상도4동,1120056,5145,1386,492,194974503,0.90248634,0.656133237,0.633381184,-0.444033544,59.0248634,56.56133237,56.33381184,45.55966456,51.5247646
182,상봉1동,1107059,3796,1714,649,185402794.9,0.017977264,1.118596905,1.319535585,-0.495843215,50.17977264,61.18596905,63.19535585,45.04156785,51.16370252
183,상봉2동,1107060,3044,1103,259,180593088.4,-0.475092288,0.257117328,-0.384924391,-0.521877159,45.24907712,52.57117328,46.15075609,44.78122841,46.40922947
184,상암동,1114074,4064,1219,533,419668596.9,0.193698859,0.420671552,0.812568002,0.772188985,51.93698859,54.20671552,58.12568002,57.72188985,56.00022786
185,상일동,1125052,2946,542.5,329.5,277008598.3,-0.539348692,-0.533159763,-0.076810472,-3.23E-16,44.60651308,44.66840237,49.23189528,50,47.89225994
187,서강동,1114076,3227,346,259,97922138.16,-0.355103288,-0.810214979,-0.384924391,-0.969357867,46.44896712,41.89785021,46.15075609,40.30642133,42.54397239
188,서교동,1114066,3338,418,230,312282943.1,-0.282323075,-0.708698564,-0.511666286,0.190932713,47.17676925,42.91301436,44.88333714,51.90932713,48.51021207
189,서림동,1121066,3539,1200,316,208034527.1,-0.150531878,0.393882498,-0.13581101,-0.373342342,48.49468122,53.93882498,48.6418899,46.26657658,48.35175514
190,서빙고동,1103069,2161,326,141,139808583.5,-1.054055605,-0.838413983,-0.900632794,-0.742635225,39.45944395,41.61586017,40.99367206,42.57364775,41.5856972
191,서원동,1121064,3323,918,278,399292665.5,-0.292158239,-0.00372346,-0.301886597,0.661898295,47.07841761,49.9627654,46.98113403,56.61898295,52.34130069
192,서초1동,1122051,3022,356,184,199228051.8,-0.489517195,-0.796115477,-0.712705155,-0.421009967,45.10482805,42.03884523,42.87294845,45.78990033,44.63183225
193,서초2동,1122052,3217,157,174,295802707.7,-0.361660064,-1.076695568,-0.756409257,0.101728616,46.38339936,39.23304432,42.43590743,51.01728616,46.95559414
194,서초3동,1122053,4827,359,276,203385798.7,0.693980864,-0.791885626,-0.310627417,-0.398504945,56.93980864,42.08114374,46.89372583,46.01495055,47.62135289
195,서초4동,1122054,4297,70,178,302574116.7,0.346471739,-1.199361236,-0.738927616,0.138380849,53.46471739,38.00638764,42.61072384,51.38380849,48.36230604
196,석관동,1108085,7197,1886,554,132388761.4,2.247936766,1.361108341,0.904346616,-0.782797184,72.47936766,63.61108341,59.04346616,42.17202816,54.09426048
197,석촌동,1124063,4493,995,355,329155466.3,0.474984548,0.104842706,0.034634988,0.282260182,54.74984548,51.04842706,50.34634988,52.82260182,52.58803847
198,성내1동,1125065,3113,331,228,149462298.2,-0.429850534,-0.831364232,-0.520407107,-0.69038167,45.70149466,41.68635768,44.79592893,43.0961833,43.58299429
199,성내2동,1125066,4371,930,367,430117285.9,0.394991881,0.013195942,0.08707991,0.828745572,53.94991881,50.13195942,50.8707991,58.28745572,55.06565441
200,성내3동,1125067,3849,706,315,234032766.7,0.052728176,-0.302632904,-0.14018142,-0.232619263,50.52728176,46.97367096,48.5981858,47.67380737,48.23752568
201,성북동,1108081,3076,416,200,30148070.56,-0.454110605,-0.711518464,-0.642778592,-1.336204839,45.45889395,42.88481536,43.57221408,36.63795161,40.36212404
202,성산1동,1114072,2953,584,229,98807311.56,-0.534758949,-0.474646829,-0.516036697,-0.964566607,44.65241051,45.25353171,44.83963303,40.35433393,42.63197125
203,성산2동,1114073,6288,2194,939,265592796.1,1.651925831,1.795373005,2.586954541,-0.061791369,66.51925831,67.95373005,75.86954541,49.38208631,59.37049075
204,성수1가1동,1104065,2292,515,213,120084580.3,-0.96816184,-0.571933394,-0.58596326,-0.849397164,40.3183816,44.28066606,44.1403674,41.50602836,42.08335299
205,성수1가2동,1104066,1943,268,133,229454163.2,-1.196993321,-0.920191095,-0.935596075,-0.257402294,38.03006679,40.79808905,40.64403925,47.42597706,43.53917238
206,성수2가1동,1104067,2899,818,245,249843838.8,-0.570165539,-0.144718481,-0.446110133,-0.147037209,44.29834461,48.55281519,45.53889867,48.52962791,47.31358787
207,성수2가3동,1104068,1913,250,147,199712845.2,-1.216663648,-0.945570199,-0.874410332,-0.41838588,37.83336352,40.54429801,41.25589668,45.8161412,42.72698254
208,성현동,1121079,5374,1570,552,185599075,1.052636509,0.915564075,0.895605796,-0.494780791,60.52636509,59.15564075,58.95605796,45.05219209,52.35311344
209,세곡동,1123076,6564,2342,920,195256248.1,1.832892848,2.004045636,2.503916747,-0.442508517,68.32892848,70.04045636,75.03916747,45.57491483,58.09021891
210,소공동,1102052,292,49,7,170585388.1,-2.279517031,-1.22897019,-1.486267759,-0.576046765,27.20482969,37.7102981,35.13732241,44.23953235,38.55219958
211,송정동,1104069,1820,736,174,146334245.9,-1.277641665,-0.260334398,-0.756409257,-0.707313168,37.22358335,47.39665602,42.43590743,42.92686832,42.50705406
212,송중동,1109071,6013,1503,471,246635618.5,1.471614493,0.821097411,0.54160257,-0.16440264,64.71614493,58.21097411,55.4160257,48.3559736,54.23513947
213,송천동,1109072,6173,1887,490,196745753.4,1.576522908,1.362518291,0.624640364,-0.434446133,65.76522908,63.62518291,56.24640364,45.65553867,54.14602261
214,송파1동,1124061,3460,581,267,147595157.3,-0.202330408,-0.47887668,-0.349961109,-0.700488116,47.97669592,45.2112332,46.50038891,42.99511884,44.81741303
215,송파2동,1124062,2902,359,185,158998308.4,-0.568198507,-0.791885626,-0.708334745,-0.638765224,44.31801493,42.08114374,42.91665255,43.61234776,43.39855859
216,수궁동,1117069,4430,931,495,190153623.4,0.433676859,0.014605893,0.646492415,-0.470127966,54.33676859,50.14605893,56.46492415,45.29872034,49.35038972
217,수색동,1112068,2227,574,223,193947601.3,-1.010780883,-0.488746331,-0.542259158,-0.44959195,39.89219117,45.11253669,44.57740842,45.5040805,44.19734846
218,수서동,1123075,4645,3377,1257,608393573.7,0.574647542,3.4633441,3.976744982,1.793718144,55.74647542,84.633441,89.76744982,67.93718144,71.14966921
219,수유1동,1109063,4432,1536,525,177012940.9,0.434988214,0.867625768,0.777604721,-0.541255755,54.34988214,58.67625768,57.77604721,44.58744245,50.65404865
220,수유2동,1109064,4936,1372,399,149717596.1,0.765449722,0.636393934,0.226933036,-0.688999795,57.65449722,56.36393934,52.26933036,43.11000205,49.48325615
221,수유3동,1109065,4637,1718,387,212538499.7,0.569402121,1.124236706,0.174488114,-0.348963273,55.69402121,61.24236706,51.74488114,46.51036727,51.57951226
222,숭인1동,1101070,1192,296,84,157269714.8,-1.689407195,-0.880712489,-1.149746175,-0.648121743,33.10592805,41.19287511,38.50253825,43.51878257,40.40214732
223,숭인2동,1101071,1656,475,130,258378982.4,-1.38517279,-0.628331402,-0.948707306,-0.100838247,36.1482721,43.71668598,40.51292694,48.99161753,44.4399991
224,시흥1동,1118057,6274,1627,580,310962377.4,1.642746345,0.995931237,1.017977281,0.183784764,66.42746345,59.95931237,60.17977281,51.83784764,57.21976778
225,시흥2동,1118058,4077,1295,395,148524572.9,0.202222668,0.527827768,0.209451396,-0.695457382,52.02222668,55.27827768,52.09451396,43.04542618,48.11267126
226,시흥3동,1118059,2380,414,186,392456657.5,-0.910462211,-0.714338365,-0.703964335,0.624896401,40.89537789,42.85661635,42.96035665,56.24896401,49.17351002
227,시흥4동,1118060,4191,1275,360,260475206,0.276969914,0.499628764,0.056487039,-0.089491824,52.76969914,54.99628764,50.56487039,49.10508176,51.05143984
228,시흥5동,1118061,4400,1768,426,241534270.8,0.414006531,1.194734216,0.344934112,-0.192015177,54.14006531,61.94734216,53.44934112,48.07984823,52.38988969
229,신길1동,1119063,3326,953,273,396316167.8,-0.290191206,0.045624797,-0.323738648,0.64578713,47.09808794,50.45624797,46.76261352,56.4578713,52.32372332
230,신길3동,1119065,3144,811,299,180976079.7,-0.409524529,-0.154588132,-0.210107983,-0.519804106,45.90475471,48.45411868,47.89892017,44.80195894,46.0487662
231,신길4동,1119066,2335,707,216,122412528.7,-0.939967703,-0.301222954,-0.572852029,-0.836796462,40.60032297,46.98777046,44.27147971,41.63203538,42.69287708
232,신길5동,1119067,2047,577,175,258400313.3,-1.128802851,-0.484516481,-0.752038847,-0.100722787,38.71197149,45.15483519,42.47961153,48.99277213,45.45082796
233,신길6동,1119068,3329,529,283,231487334,-0.288224173,-0.552194091,-0.280034546,-0.246397162,47.11775827,44.47805909,47.19965454,47.53602838,46.875183
234,신길7동,1119069,2568,289,199,145441754.1,-0.787194823,-0.890582141,-0.647149002,-0.712144041,42.12805177,41.09417859,43.52850998,42.87855959,42.49743515
235,신내1동,1107069,6797,2097,763,884181044.6,1.985665727,1.658607835,1.817762347,3.286498527,69.85665727,66.58607835,68.17762347,82.86498527,75.57859073
236,신내2동,1107070,4101,1440,725,525781375.8,0.21795893,0.732270548,1.651686759,1.34655545,52.1795893,57.32270548,66.51686759,63.4655545,60.51477702
237,신당5동,1102065,1824,511,175,336954759.3,-1.275018954,-0.577573195,-0.752038847,0.324476137,37.24981046,44.22426805,42.47961153,53.24476137,47.12154113
238,신당동,1102069,1471,440,139,142865310.5,-1.506473146,-0.677679659,-0.909373614,-0.726089796,34.93526854,43.22320341,40.90626386,42.73910204,41.03394831
239,신대방1동,1120069,3920,597,294,295578047.3,0.099281285,-0.456317477,-0.231960034,0.100512576,50.99281285,45.43682523,47.68039966,51.00512576,49.61261983
240,신대방2동,1120070,3214,589,283,386354241.3,-0.363627097,-0.467597078,-0.280034546,0.591865288,46.36372903,45.32402922,47.19965454,55.91865288,51.06373418
241,신도림동,1117051,4740,188,327,277574850.9,0.636936914,-1.032987112,-0.087736498,0.003065008,56.36936914,39.67012888,49.12263502,50.03065008,49.3718008
242,신림동,1121069,1992,846,198,301851584.6,-1.164865118,-0.105239875,-0.651519412,0.134469932,38.35134882,48.94760125,43.48480588,51.34469932,47.34405038
243,신사1동,1112065,4965,1099,442,417612060.9,0.784464373,0.251477528,0.414860675,0.761057383,57.84464373,52.51477528,54.14860675,57.61057383,56.33287717
244,신사2동,1112066,3866,1119,341,210136407.4,0.063874695,0.279676532,-0.026550755,-0.3619653,50.63874695,52.79676532,49.73449245,46.380347,48.77416838
245,관악구 신사동,1121068,3604,1249,325,170320514.6,-0.107912835,0.462970059,-0.096477318,-0.57748047,48.92087165,54.62970059,49.03522682,44.2251953,47.58637294
246,강남구 신사동,1123051,3032,246,156,346582939.4,-0.482960419,-0.95121,-0.835076641,0.376591479,45.17039581,40.4879,41.64923359,53.76591479,48.20857326
247,신수동,1114063,3242,410,220,284954117.6,-0.345268124,-0.719978166,-0.555370388,0.043007448,46.54731876,42.80021834,44.44629612,50.43007448,47.57032622
248,신원동,1121065,3262,1123,320,104555398.8,-0.332154572,0.285316332,-0.118329369,-0.933453402,46.67845428,52.85316332,48.81670631,40.66546598,45.01981571
249,신월1동,1115057,4260,1804,452,136564943.4,0.322211668,1.245492424,0.458564777,-0.760192376,53.22211668,62.45492424,54.58564777,42.39807624,49.59627917
250,신월2동,1115058,3918,785,328,248821489,0.09796993,-0.191246838,-0.083366087,-0.152570977,50.9796993,48.08753162,49.16633913,48.47429023,48.9941954
251,신월3동,1115059,3022,1516,332,140487674.1,-0.489517195,0.839426764,-0.065884447,-0.738959449,45.10482805,58.39426764,49.34115553,42.61040551,46.71280965
252,신월4동,1115060,3312,414,300,223759288.8,-0.299370693,-0.714338365,-0.205737573,-0.288227468,47.00629307,42.85661635,47.94262427,47.11772532,46.45285717
253,신월5동,1115061,2467,767,253,215947515,-0.853418261,-0.216625941,-0.411146852,-0.33051098,41.46581739,47.83374059,45.88853148,46.6948902,45.74757962
254,신월6동,1115062,1846,268,155,302762133.6,-1.260594047,-0.920191095,-0.839447051,0.139398546,37.39405953,40.79808905,41.60552949,51.39398546,45.5161614
255,신월7동,1115063,4406,1072,391,167648500.4,0.417940597,0.213408872,0.191969755,-0.591943529,54.17940597,52.13408872,51.91969755,44.08056471,48.48959127
256,신정1동,1115064,2720,263,176,164662160.8,-0.687531829,-0.927240846,-0.747668437,-0.608107966,43.12468171,40.72759154,42.52331563,43.91892034,43.02713949
257,신정2동,1115065,2625,711,307,207118223.5,-0.749821201,-0.295583153,-0.175144701,-0.378302104,42.50178799,47.04416847,48.24855299,46.21697896,45.87264569
258,신정3동,1115066,7530,2380,884,280709750.9,2.466277405,2.057623743,2.34658198,0.020033572,74.66277405,70.57623743,73.4658198,50.20033572,61.56679169
259,신정4동,1115072,5878,1758,571,359456721.3,1.383098017,1.180634714,0.97864359,0.44627459,63.83098017,61.80634714,59.7864359,54.4627459,58.28698422
260,신정6동,1115069,2823,77,166,332416214.5,-0.619997037,-1.189491585,-0.791372539,0.299909935,43.80002963,38.10508415,42.08627461,52.99909935,47.18872966
261,신정7동,1115070,5000,1781,501,233663748.8,0.807413088,1.213063569,0.672714876,-0.234616681,58.07413088,62.13063569,56.72714876,47.65383319,53.40549761
262,신촌동,1113075,2124,534,189,600580122.3,-1.078315676,-0.54514434,-0.690853104,1.751425552,39.21684324,44.5485566,43.09146896,67.51425552,54.78292743
263,쌍문1동,1110051,4614,1275,393,179878153.8,0.554321537,0.499628764,0.200710575,-0.525746952,55.54321537,54.99628764,52.00710575,44.74253048,49.60514687
264,쌍문2동,1110052,3908,1060,350,328237429.4,0.091413154,0.196489469,0.012782937,0.277291038,50.91413154,51.96489469,50.12782937,52.77291038,51.92911674
265,쌍문3동,1110053,3460,939,291,359418589,-0.202330408,0.025885494,-0.245071265,0.446068188,47.97669592,50.25885494,47.54928735,54.46068188,51.56464066
266,쌍문4동,1110054,3072,360,234,451957370.3,-0.456733315,-0.790475676,-0.494184646,0.946961419,45.43266685,42.09524324,45.05815354,59.46961419,51.82027723
267,아현동,1114078,3155,524,236,193942936.2,-0.402312075,-0.559243842,-0.485443825,-0.449617202,45.97687925,44.40756158,45.14556175,45.50382798,45.36180834
268,안암동,1108060,2112,482,242,496275765.5,-1.086183807,-0.618461751,-0.459221364,1.186847701,39.13816193,43.81538249,45.40778636,61.86847701,52.10553612
269,암사1동,1125072,6063,1922,630,129034820.5,1.504398372,1.411866548,1.236497791,-0.80095137,65.04398372,64.11866548,62.36497791,41.9904863,53.02042859
270,암사2동,1125058,2379,170,195,705624696.4,-0.911117889,-1.058366215,-0.664630643,2.320010045,40.88882111,39.41633785,43.35369357,73.20010045,57.09488527
271,암사3동,1125059,2670,133,207,452388177.2,-0.720315709,-1.110534373,-0.612185721,0.949293287,42.79684291,38.89465627,43.87814279,59.49293287,50.59716772
272,압구정동,1123077,5173,152,180,263669311.9,0.920845312,-1.083745319,-0.730186796,-0.072202791,59.20845312,39.16254681,42.69813204,49.27797209,48.67138887
273,약수동,1102071,3823,944,316,337498247.2,0.035680559,0.032935245,-0.13581101,0.327417924,50.35680559,50.32935245,48.6418899,53.27417924,51.59632366
274,양재1동,1122066,6995,2293,914,235205628.9,2.115489891,1.934958075,2.477694286,-0.226270804,71.15489891,69.34958075,74.77694286,47.73729196,59.58292025
275,양재2동,1122067,2977,678,267,203657555.4,-0.519022687,-0.34211151,-0.349961109,-0.397033982,44.80977313,46.5788849,46.50038891,46.02966018,45.94063819
276,양평1동,1119061,2396,314,225,174650410.1,-0.89997137,-0.855333385,-0.533518337,-0.554043644,41.0002863,41.44666615,44.66481663,44.45956356,43.26610769
277,양평2동,1119062,2535,278,194,133693101.8,-0.808832184,-0.906091593,-0.669001053,-0.775737059,41.91167816,40.93908407,43.30998947,42.24262941,42.08173873
278,여의동,1119054,6230,135,283,401365595.8,1.613896531,-1.107714473,-0.280034546,0.673118636,66.13896531,38.92285527,47.19965454,56.73118636,54.30484273
279,역삼1동,1123064,3706,1075,238,460372593.4,-0.04103372,0.217638723,-0.476703005,0.992511277,49.5896628,52.17638723,45.23296995,59.92511277,54.66547795
280,역삼2동,1123065,3665,570,218,253225298.9,-0.067916501,-0.494386132,-0.564111209,-0.128734067,49.32083499,45.05613868,44.35888791,48.71265933,47.65018192
281,역촌동,1112074,8445,2368,795,214694946.5,3.066222405,2.040704341,1.957615473,-0.337290874,80.66222405,70.40704341,69.57615473,46.62709126,60.46424238
282,연남동,1114071,2413,271,162,115049479.3,-0.888824851,-0.915961244,-0.808854179,-0.876651121,41.11175149,40.84038756,41.91145821,41.23348879,41.22509479
283,연희동,1113076,6114,929,467,163238789.1,1.53783793,0.011785992,0.524120929,-0.615812382,65.3783793,50.11785992,55.24120929,43.84187618,50.6723906
284,염리동,1114061,2101,405,187,176932225.4,-1.093396261,-0.727027917,-0.699593925,-0.541692651,39.06603739,42.72972083,43.00406075,44.58307349,42.95795296
285,염창동,1116051,4422,233,355,160216438.8,0.428431438,-0.969539352,0.034634988,-0.632171737,54.28431438,40.30460648,50.34634988,43.67828263,46.04260406
286,영등포동,1119074,3418,1635,368,321282180.1,-0.229868867,1.007210839,0.09145032,0.239643716,47.70131133,60.07210839,50.9145032,52.39643716,52.61541271
287,영등포본동,1119073,4225,1020,351,117832097,0.299262952,0.140091461,0.017153347,-0.861589389,52.99262952,51.40091461,50.17153347,41.38410611,46.5571807
288,오금동,1124060,6393,1605,582,190051623.9,1.720771979,0.964912333,1.026718102,-0.470680068,67.20771979,59.64912333,60.26718102,45.29319932,54.06013783
289,오류1동,1117067,4015,1099,377,291671361.9,0.161570657,0.251477528,0.130784012,0.079366498,51.61570657,52.51477528,51.30784012,50.79366498,51.32353949
290,오류2동,1117073,7128,1774,831,277008598.3,2.202695011,1.203193918,2.11495024,-3.23E-16,72.02695011,62.03193918,71.1495024,50,59.15466718
291,오륜동,1124059,2856,9,134,694752075.9,-0.598359676,-1.285368199,-0.931225665,2.261158806,44.01640324,37.14631801,40.68774335,72.61158806,56.69564825
292,옥수동,1104073,4097,532,242,112661253.3,0.21533622,-0.54796424,-0.459221364,-0.889578093,52.1533622,44.5203576,45.40778636,41.10421907,44.44981785
293,왕십리2동,1104052,2552,549,210,105895878.9,-0.797685665,-0.523995087,-0.59907449,-0.926197662,42.02314335,44.76004913,44.0092551,40.73802338,42.10780585
294,왕십리도선동,1104071,3801,921,370,134788444,0.021255652,0.000506391,0.100191141,-0.769808199,50.21255652,50.00506391,51.00191141,42.30191801,46.31959542
295,용강동,1114059,2956,431,194,61469753.25,-0.532791916,-0.690369211,-0.669001053,-1.166667066,44.67208084,43.09630789,43.30998947,38.33332934,41.0566834
296,용답동,1104070,2180,918,229,145506025.1,-1.04159773,-0.00372346,-0.516036697,-0.711796155,39.5840227,49.9627654,44.83963303,42.88203845,43.70626184
297,용문동,1103059,2148,441,168,134741015.5,-1.062579414,-0.676269709,-0.782631718,-0.77006492,39.37420586,43.23730291,42.17368282,42.2993508,41.86275494
298,용산2가동,1103052,2041,605,155,340548087.9,-1.132736916,-0.445037875,-0.839447051,0.343926079,38.67263084,45.54962125,41.60552949,53.43926079,47.62603147
299,용신동,1106081,5732,1680,464,333492232.8,1.287369088,1.070658598,0.511009699,0.305734199,62.87369088,60.70658598,55.11009699,53.05734199,56.61582384
300,우이동,1109074,4864,1220,368,185465898.4,0.718240936,0.422081503,0.09145032,-0.495501649,57.18240936,54.22081503,50.9145032,45.04498351,49.81192916
301,우장산동,1116074,5829,694,442,280347536.9,1.350969815,-0.319552307,0.414860675,0.018072982,63.50969815,46.80447693,54.14860675,50.18072982,52.75166385
302,원효로1동,1103072,1980,388,191,166146974.3,-1.17273325,-0.75099707,-0.682112284,-0.600070978,38.2726675,42.4900293,43.17887716,43.99929022,42.48729338
303,원효로2동,1103057,2302,457,159,119735014.8,-0.961605064,-0.653710506,-0.82196541,-0.851289289,40.38394936,43.46289494,41.7803459,41.48710711,41.64889328
304,월계1동,1111051,4239,892,348,244636306.5,0.308442438,-0.040382165,0.004042116,-0.175224501,53.08442438,49.59617835,50.04042116,48.24775499,49.67514623
305,월계2동,1111052,5875,3136,1138,156433775.3,1.381130984,3.1235461,3.456666169,-0.65264651,63.81130984,81.235461,84.56666169,43.4735349,59.28606781
306,월계3동,1111053,6149,2079,905,415332849.3,1.560786646,1.633228731,2.438360594,0.748720483,65.60786646,66.33228731,74.38360594,57.48720483,62.77127673
307,월곡1동,1108071,4738,1018,430,183519787.8,0.635625558,0.137271561,0.362415752,-0.506035542,56.35625558,51.37271561,53.62415752,44.93964458,49.43431833
308,월곡2동,1108072,3619,748,295,249618083.1,-0.098077671,-0.243414995,-0.227589624,-0.148259178,49.01922329,47.56585005,47.72410376,48.51740822,48.3520855
309,위례동,1124082,3062,1090,466,162219135.3,-0.463290091,0.238787976,0.519750519,-0.621331556,45.36709909,52.38787976,55.19750519,43.78668444,47.03432914
310,은천동,1121078,5911,1638,618,161447950.8,1.404735378,1.011440689,1.184052869,-0.625505818,64.04735378,60.11440689,61.84052869,43.74494182,52.93202896
311,을지로동,1102060,472,148,17,442227880,-2.161495063,-1.08938512,-1.442563657,0.894297706,28.38504937,39.1061488,35.57436343,58.94297706,46.43886987
312,응봉동,1104058,2548,230,183,69584426.65,-0.800308375,-0.973769203,-0.717075565,-1.122744022,41.99691625,40.26230797,42.82924435,38.77255978,40.18522258
313,응암1동,1112059,5170,1155,458,253029819.6,0.91887828,0.330434739,0.484787238,-0.129792156,59.1887828,53.30434739,54.84787238,48.70207844,52.37304062
314,응암2동,1112060,4000,1081,364,268017383.7,0.151735493,0.226098424,0.07396868,-0.04866758,51.51735493,52.26098424,50.7396868,49.5133242,50.54826618
315,응암3동,1112073,5583,1914,440,221399961.9,1.189673127,1.400586947,0.406119854,-0.300998016,61.89673127,64.00586947,54.06119854,46.99001984,53.83303315
316,이문1동,1106089,3157,743,267,161125681.3,-0.40100072,-0.250464746,-0.349961109,-0.627250196,45.9899928,47.49535254,46.50038891,43.72749804,45.18598289
317,이문2동,1106090,3990,1009,353,204008606.8,0.145178717,0.124582009,0.025894167,-0.395133814,51.45178717,51.24582009,50.25894167,46.04866186,48.56507459
318,이촌1동,1103063,4342,68,190,360511667,0.375977231,-1.202181136,-0.686482694,0.451984793,53.75977231,37.97818864,43.13517306,54.51984793,50.04995807
319,이촌2동,1103064,1793,174,130,56228416.75,-1.29534496,-1.052726414,-0.948707306,-1.195037334,37.0465504,39.47273586,40.51292694,38.04962666,38.40596806
320,이태원1동,1103065,1393,254,89,248267153.3,-1.557615998,-0.939930398,-1.127894124,-0.155571481,34.42384002,40.60069602,38.72105876,48.44428519,43.05216475
321,이태원2동,1103066,1851,276,100,216581580.3,-1.257315659,-0.908911493,-1.079819611,-0.327078916,37.42684341,40.91088507,39.20180389,46.72921084,42.90960447
322,이화동,1101064,1360,288,102,523293874.9,-1.579253359,-0.891992091,-1.071078791,1.333091124,34.20746641,41.08007909,39.28921209,63.33091124,50.60711425
323,인수동,1109075,6978,2118,644,166439173.8,2.104343372,1.688216789,1.297683534,-0.598489363,71.04343372,66.88216789,62.97683534,44.01510637,55.79272373
324,인헌동,1121062,4023,761,320,207380115.5,0.166816078,-0.225085643,-0.118329369,-0.376884537,51.66816078,47.74914357,48.81670631,46.23115463,47.90739789
325,일원1동,1123073,3298,1696,576,450410655.9,-0.308550179,1.093217801,1.000495641,0.938589375,46.91449821,60.93217801,60.00495641,59.38589375,57.23959722
326,일원2동,1123074,3420,1311,642,501057731.5,-0.228557512,0.550386972,1.288942713,1.212731491,47.71442488,55.50386972,62.88942713,62.12731491,58.18089802
327,일원본동,1123072,3088,125,417,1918106026,-0.446242474,-1.121813975,0.30560042,8.882920017,45.53757526,38.78186025,53.0560042,138.8292002,91.94094121
328,자양1동,1105064,3479,1294,333,257945302.7,-0.189872534,0.526417818,-0.061514036,-0.103185665,48.10127466,55.26417818,49.38485964,48.96814335,49.94866524
329,자양2동,1105065,4022,883,361,167285089.7,0.1661604,-0.053071717,0.060857449,-0.593910596,51.661604,49.46928283,50.60857449,44.06089404,47.34596413
330,자양3동,1105066,4262,381,263,156028643.6,0.323523023,-0.760866722,-0.36744275,-0.654839404,53.23523023,42.39133278,46.3255725,43.45160596,45.58202883
331,자양4동,1105067,3732,1001,274,201338143.9,-0.023986102,0.113302407,-0.319368238,-0.409588476,49.76013898,51.13302407,46.80631762,45.90411524,47.70315433
332,잠실2동,1124079,3706,33,193,720189510,-0.04103372,-1.251529394,-0.673371463,2.398846361,49.5896628,37.48470606,43.26628537,73.98846361,58.8802736
333,잠실3동,1124080,5796,54,241,293066707.6,1.329332454,-1.221920439,-0.463591774,0.086919215,63.29332454,37.78079561,45.36408226,50.86919215,50.3754105
334,잠실4동,1124075,2802,31,181,652082144.7,-0.633766266,-1.254349294,-0.725816386,2.030195318,43.66233734,37.45650706,42.74183614,70.30195318,55.78106231
335,잠실6동,1124077,2832,34,140,447953033.1,-0.614095938,-1.250119444,-0.905003204,0.925286773,43.85904062,37.49880556,40.94996796,59.25286773,50.07927896
336,잠실7동,1124078,2156,11,69,325811600.5,-1.057333993,-1.282548298,-1.215302327,0.264160529,39.42666007,37.17451702,37.84697673,52.64160529,45.44254723
337,잠실본동,1124071,3783,949,274,337479933.5,0.009453455,0.039984996,-0.319368238,0.327318796,50.09453455,50.39984996,46.80631762,53.27318796,51.32626434
338,잠원동,1122055,3327,254,195,264370846.3,-0.289535529,-0.939930398,-0.664630643,-0.06840553,47.10464471,40.60069602,43.35369357,49.3159447,46.60323479
339,장안1동,1106087,6516,1620,601,192884733.6,1.801420323,0.986061586,1.109755895,-0.455345033,68.01420323,59.86061586,61.09755895,45.44654967,54.43891813
340,장안2동,1106088,5211,1366,479,177189383.3,0.945761061,0.627934233,0.576565852,-0.540300709,59.45761061,56.27934233,55.76565852,44.59699291,51.0096108
341,장위1동,1108076,4067,2013,408,80785014.2,0.195665892,1.540172017,0.266266728,-1.062117565,51.95665892,65.40172017,52.66266728,39.37882435,48.1088784
342,장위2동,1108077,3118,1076,242,138782049.2,-0.426572146,0.219048673,-0.459221364,-0.748191642,45.73427854,52.19048673,45.40778636,42.51808358,45.21520597
343,장위3동,1108078,2128,593,228,128436267.9,-1.075692965,-0.461957278,-0.520407107,-0.804191211,39.24307035,45.38042722,44.79592893,41.95808789,42.3687239
344,장지동,1124081,4362,1680,616,284130235.4,0.389090783,1.070658598,1.175312048,0.038547945,53.89090783,60.70658598,61.75312048,50.38547945,54.31371389
345,장충동,1102058,861,157,64,83722496.97,-1.906436479,-1.076695568,-1.237154378,-1.04621758,30.93563521,39.23304432,37.62845622,39.5378242,37.52537893
346,전농1동,1106083,5651,1837,516,503194871.2,1.234259203,1.292020781,0.738271029,1.224299385,62.34259203,62.92020781,57.38271029,62.24299385,61.77389048
347,전농2동,1106084,3662,805,339,561063477.8,-0.069883534,-0.163047834,-0.035291575,1.537530151,49.30116466,48.36952166,49.64708425,65.37530151,57.21843551
348,정릉1동,1108062,3118,423,223,166436947.8,-0.426572146,-0.701648813,-0.542259158,-0.598501412,45.73427854,42.98351187,44.57740842,44.01498588,44.24863928
349,정릉2동,1108063,4448,758,322,118591561.2,0.445479056,-0.229315493,-0.109588549,-0.857478566,54.45479056,47.70684507,48.90411451,41.42521434,46.06527748
350,정릉3동,1108064,3279,755,254,214807705,-0.321008053,-0.233545344,-0.406776442,-0.336680535,46.78991947,47.66454656,45.93223558,46.63319465,46.75740631
351,정릉4동,1108065,4855,850,357,232721517.7,0.712339837,-0.099600074,0.043375808,-0.239716782,57.12339837,49.00399926,50.43375808,47.60283218,50.10601539
352,제기동,1106082,5787,1577,443,146989968.5,1.323431356,0.925433727,0.419231085,-0.703763877,63.23431356,59.25433727,54.19231085,42.96236123,51.2715912
353,조원동,1121072,2881,724,238,191023532.8,-0.581967736,-0.2772538,-0.476703005,-0.465419326,44.18032264,47.227462,45.23296995,45.34580674,45.42789499
354,종로1.2.3.4가동,1101061,1960,786,150,494599476.7,-1.185846801,-0.189836887,-0.861299102,1.177774297,38.14153199,48.10163113,41.38700898,61.77774297,52.10833945
355,종로5.6가동,1101063,1057,319,95,851148706.4,-1.77792367,-0.848283634,-1.101671662,3.107701331,32.2207633,41.51716366,38.98328338,81.07701331,59.12107337
356,종암동,1108084,6760,1401,553,160755562.4,1.961405656,0.67728249,0.899976206,-0.629253573,69.61405656,56.7728249,58.99976206,43.70746427,53.08675806
357,중계1동,1111061,2382,787,289,349201589.6,-0.909150856,-0.188426937,-0.253812085,0.390765689,40.90849144,48.11573063,47.46187915,53.90765689,49.48851449
358,중계2.3동,1111078,7438,4920,1662,303058824.2,2.405955066,5.638897271,5.74676111,0.14100447,74.05955066,106.3889727,107.4676111,51.4100447,72.5684541
359,중계4동,1111064,4006,1832,715,351074253.9,0.155669559,1.28497103,1.607982657,0.400902033,51.55669559,62.8497103,66.07982657,54.00902033,56.5745269
360,중계본동,1111060,2535,616,320,262531890.7,-0.808832184,-0.429528423,-0.118329369,-0.078359416,41.91167816,45.70471577,48.81670631,49.21640584,47.0909521
361,중곡1동,1105055,2537,989,249,388329807.6,-0.807520829,0.096383005,-0.428628493,0.602558618,41.92479171,50.96383005,45.71371507,56.02558618,51.03063608
362,중곡2동,1105056,3291,935,302,381430125.9,-0.313139922,0.020245693,-0.196996752,0.565212072,46.86860078,50.20245693,48.03003248,55.65212072,51.98896454
363,중곡3동,1105057,2863,1204,286,146290711.1,-0.593769933,0.399522299,-0.266923316,-0.707548813,44.06230067,53.99522299,47.33076684,42.92451187,45.64022595
364,중곡4동,1105058,5150,1534,475,195338957.1,0.905764728,0.864805868,0.559084211,-0.44206083,59.05764728,58.64805868,55.59084211,45.5793917,51.81349084
365,중림동,1102068,2077,622,186,220713385.7,-1.109132523,-0.421068721,-0.703964335,-0.30471431,38.90867477,45.78931279,42.96035665,46.9528569,44.64133772
366,중앙동,1121061,2351,608,204,312569274.8,-0.929476862,-0.440808024,-0.625296951,0.192482567,40.70523138,45.59191976,43.74703049,51.92482567,47.55042388
367,중화1동,1107061,3701,1105,321,138872185.5,-0.044312108,0.259937229,-0.113958959,-0.747703753,49.55687892,52.59937229,48.86041041,42.52296247,46.48529847
368,중화2동,1107062,5043,2511,521,205802036.2,0.835607225,2.242327221,0.76012308,-0.385426353,58.35607225,72.42327221,57.6012308,46.14573647,54.61830917
369,증산동,1112067,3152,680,260,206270850.3,-0.404279108,-0.339291609,-0.380553981,-0.382888759,45.95720892,46.60708391,46.19446019,46.17111241,46.2075452
370,진관동,1112071,8314,1592,783,545696951.2,2.98032864,0.94658298,1.90517055,1.454354329,79.8032864,59.4658298,69.0517055,64.54354329,67.27041233
371,창1동,1110059,4615,613,351,452120995.1,0.554977214,-0.433758273,0.017153347,0.947847086,55.54977214,45.66241727,50.17153347,59.47847086,55.11155457
372,창2동,1110060,5281,1291,470,289916529.4,0.991658493,0.522187967,0.53723216,0.069867954,59.91658493,55.22187967,55.3723216,50.69867954,53.9180259
373,창3동,1110061,2940,1153,284,152420411.9,-0.543282758,0.327614839,-0.275664136,-0.674370014,44.56717242,53.27614839,47.24335864,43.25629986,45.77033021
374,창4동,1110062,4274,351,379,201965836.7,0.331391154,-0.803165228,0.139524832,-0.406190905,53.31391154,41.96834772,51.39524832,45.93809095,47.40069468
375,창5동,1110063,4377,627,356,596562237.8,0.398925947,-0.41401897,0.039005398,1.729677576,53.98925947,45.8598103,50.39005398,67.29677576,58.77046332
376,창신1동,1101067,1231,501,96,262142888.9,-1.663835768,-0.591672697,-1.097301252,-0.080465002,33.36164232,44.08327303,39.02698748,49.19534998,43.86294967
377,창신2동,1101068,1752,491,165,108964568.9,-1.322227741,-0.605772199,-0.795742949,-0.909587479,36.77772259,43.94227801,42.04257051,40.90412521,40.75282709
378,창신3동,1101069,1201,247,112,133098880.4,-1.683506096,-0.949800049,-1.027374689,-0.778953457,33.16493904,40.50199951,39.72625311,42.21046543,39.79185208
379,천연동,1113052,3224,754,277,364021840.9,-0.357070321,-0.234955294,-0.306257007,0.470984636,46.42929679,47.65044706,46.93742993,54.70984636,50.84678952
380,천호1동,1125061,5228,1659,529,121780311.6,0.95690758,1.041049644,0.795086361,-0.840218522,59.5690758,60.41049644,57.95086361,41.59781478,50.52841738
381,천호2동,1125073,5913,2002,597,323206908,1.406046733,1.524662565,1.092274255,0.250061869,64.06046733,65.24662565,60.92274255,52.50061869,58.09590512
382,천호3동,1125063,4651,1402,490,322059352.9,0.578581608,0.67869244,0.624640364,0.243850391,55.78581608,56.7869244,56.24640364,52.43850391,54.3449274
383,청구동,1102072,2721,769,220,199861741.4,-0.686876151,-0.213806041,-0.555370388,-0.417579937,43.13123849,47.86193959,44.44629612,45.82420063,45.46997446
384,청담동,1123078,3733,243,167,312924975.8,-0.023330425,-0.95543985,-0.787002128,0.194407902,49.76669575,40.4456015,42.12997872,51.94407902,48.26960626
385,청량리동,1106080,5226,1741,396,312136956.6,0.955596225,1.156665561,0.213821806,0.190142518,59.55596225,61.56665561,52.13821806,51.90142518,55.15334703
386,청룡동,1121080,4552,1166,371,154998514.9,0.513669526,0.345944191,0.104561551,-0.660415277,55.13669526,53.45944191,51.04561551,43.39584723,48.46136694
387,청림동,1121054,2729,620,244,123674262.5,-0.681630731,-0.423888622,-0.450480544,-0.829966958,43.18369269,45.76111378,45.49519456,41.70033042,43.18199798
388,청운효자동,1101072,2165,229,219,113631581.9,-1.051432894,-0.975179153,-0.559740798,-0.884325906,39.48567106,40.24820847,44.40259202,41.15674094,41.06926517
389,청파동,1103071,3295,1136,301,229854946.1,-0.310517212,0.303645685,-0.201367163,-0.25523294,46.89482788,53.03645685,47.98632837,47.4476706,48.38247187
390,충현동,1113073,3410,718,250,827132026.8,-0.235114288,-0.285713502,-0.424258082,2.977704025,47.64885712,47.14286498,45.75741918,79.77704025,63.38797032
391,평창동,1101056,3435,144,199,238726200.4,-0.218722348,-1.095024921,-0.647149002,-0.20721468,47.81277652,39.04975079,43.52850998,47.9278532,45.80125204
392,풍납1동,1124051,2737,522,216,187607942.1,-0.67638531,-0.562063742,-0.572852029,-0.48390721,43.2361469,44.37936258,44.27147971,45.1609279,44.52801674
393,풍납2동,1124052,3821,569,289,614809151.2,0.034369204,-0.495796083,-0.253812085,1.828444334,50.34369204,45.04203917,47.46187915,68.28444334,58.02605183
394,필동,1102057,901,103,73,310944360.7,-1.880209375,-1.152832879,-1.197820687,0.183687244,31.19790625,38.47167121,38.02179313,51.83687244,43.64328407
395,하계1동,1111058,4493,2904,1157,544504155.9,0.474984548,2.796437652,3.539703963,1.447897976,54.74984548,77.96437652,85.39703963,64.47897976,67.50785482
396,하계2동,1111059,3229,1241,431,188765905.7,-0.353791933,0.451690457,0.366786162,-0.477639394,46.46208067,54.51690457,53.66786162,45.22360606,48.15316017
397,한강로동,1103073,3239,410,172,142363273.8,-0.347235157,-0.719978166,-0.765150078,-0.728807216,46.52764843,42.80021834,42.34849922,42.71192784,43.44509422
398,한남동,1103074,3759,595,180,600402564.8,-0.006282807,-0.459137377,-0.730186796,1.75046447,49.93717193,45.40862623,42.69813204,67.5046447,57.02353283
399,합정동,1114068,2648,566,184,274745772.1,-0.734740616,-0.500025933,-0.712705155,-0.012248209,42.65259384,44.99974067,42.87294845,49.87751791,46.7033509
400,항동,1117074,1626,598,270,277008598.3,-1.404843118,-0.454907526,-0.336849879,-3.23E-16,35.95156882,45.45092474,46.63150121,50,45.97316324
401,행당1동,1104056,2135,423,170,297500761.7,-1.071103222,-0.701648813,-0.773890898,0.11091983,39.28896778,42.98351187,42.26109102,51.1091983,46.21714366
402,행당2동,1104057,3837,861,324,515617071.1,0.044860045,-0.084090622,-0.100847728,1.291538177,50.44860045,49.15909378,48.99152272,62.91538177,56.27419272
403,행운동,1121057,4384,1040,402,267649809.3,0.40351569,0.168290465,0.240044267,-0.050657184,54.0351569,51.68290465,52.40044267,49.49342816,51.14830911
404,혜화동,1101073,2695,380,235,200063666.8,-0.703923769,-0.762276672,-0.489814235,-0.416486956,42.96076231,42.37723328,45.10185765,45.83513044,44.56346571
405,홍은1동,1113066,4586,779,329,94307085.51,0.535962564,-0.199706539,-0.078995677,-0.988925397,55.35962564,48.00293461,49.21004323,40.11074603,45.6790671
406,홍은2동,1113068,5203,1229,490,263651902.4,0.94051564,0.434771055,0.624640364,-0.072297025,59.4051564,54.34771055,56.24640364,49.27702975,53.06119596
407,홍제1동,1113062,4594,787,311,277020330.3,0.541207985,-0.188426937,-0.157663061,6.35E-05,55.41207985,48.11573063,48.42336939,50.00063503,50.55590752
408,홍제2동,1113065,2751,599,210,97709330.66,-0.667205824,-0.453497576,-0.59907449,-0.97050975,43.32794176,45.46502424,44.0092551,40.2949025,42.27057573
409,홍제3동,1113064,3649,752,262,342119905.3,-0.078407343,-0.237775195,-0.37181316,0.352434001,49.21592657,47.62224805,46.2818684,53.52434001,50.72448228
410,화곡1동,1116073,8430,1971,691,150912423.7,3.056387241,1.480954109,1.503092813,-0.682532441,80.56387241,64.80954109,65.03092813,43.17467559,57.17064798
411,화곡2동,1116057,2876,935,261,245008591.8,-0.585246124,0.020245693,-0.37618357,-0.173209398,44.14753876,50.20245693,46.2381643,48.26790602,47.52866126
412,화곡3동,1116058,4096,677,296,258541935.1,0.214680542,-0.34352146,-0.223219214,-0.099956218,52.14680542,46.5647854,47.76780786,49.00043782,49.04939342
413,화곡4동,1116059,3845,1228,355,153482973.4,0.050105466,0.433361104,0.034634988,-0.668618588,50.50105466,54.33361104,50.34634988,43.31381412,47.55879366
414,화곡6동,1116061,3948,1019,397,265192211.8,0.117640258,0.138681511,0.218192216,-0.063959649,51.17640258,51.38681511,52.18192216,49.36040351,50.43091518
415,화곡8동,1116063,4444,1145,353,321822820.4,0.442856345,0.316335237,0.025894167,0.24257009,54.42856345,53.16335237,50.25894167,52.4257009,52.68451751
416,화곡본동,1116055,4900,1904,520,264120316,0.741845329,1.386487445,0.75575267,-0.069761599,57.41845329,63.86487445,57.5575267,49.30238401,54.50592653
417,화양동,1105053,2328,730,185,349315041.5,-0.944557446,-0.268794099,-0.708334745,0.391379781,40.55442554,47.31205901,42.91665255,53.91379781,48.71197591
418,황학동,1102067,2034,536,182,182916648.3,-1.137326659,-0.542324439,-0.721445976,-0.509300211,38.62673341,44.57675561,42.78554024,44.90699789,43.32797039
419,회기동,1106071,1549,364,114,793172485.3,-1.455330293,-0.784835875,-1.018633869,2.79388807,35.44669707,42.15164125,39.81366131,77.9388807,58.41202465
420,회현동,1102054,1373,463,110,356224462.8,-1.57072955,-0.645250805,-1.036115509,0.428779045,34.2927045,43.54749195,39.63884491,54.28779045,46.57810283
421,효창동,1103058,1489,132,97,519159824.1,-1.494670949,-1.111944323,-1.092930842,1.310714364,35.05329051,38.88055677,39.07069158,63.10714364,50.2521638
422,후암동,1103051,3026,907,306,116187244.5,-0.486894485,-0.019232912,-0.179515112,-0.870492634,45.13105515,49.80767088,48.20484888,41.29507366,44.41569637
423,휘경1동,1106072,2106,386,180,149198403.7,-1.090117873,-0.75381697,-0.730186796,-0.691810076,39.09882127,42.4618303,42.69813204,43.08189924,42.12880068
424,휘경2동,1106073,3992,703,298,1163662385,0.146490072,-0.306862755,-0.214478393,4.799273059,51.46490072,46.93137245,47.85521607,97.99273059,73.48423763
425,흑석동,1120071,5718,863,361,660068263.9,1.278189602,-0.081270721,0.060857449,2.073422525,62.78189602,49.18729279,50.60857449,70.73422525,62.85733988
