행정구역명,행정구역코드,고령자,수급자,중증장애,매출액,고령자_zscore,수급자_zscore,중증장애_zscore,매출액_zscore,고령자_tscore,수급자_tscore,중증장애_tscore,매출액_tscore,의료가중지수
가락1동,1124066,3460,112,215,132632406.16981132,-0.20233040839881286,-1.140143327363323,-0.5772224392166744,-0.7814783847624915,47.97669591601187,38.59856672636677,44.22777560783326,42.185216152375084,42.97116838748326
가락2동,1124067,4280,576,358,384975910.96062994,0.3353252198104229,-0.48592643104699823,0.04774621840100952,0.5844046714778482,53.35325219810423,45.14073568953002,50.47746218401009,55.844046714778486,52.801985315679104
가락본동,1124065,3811,739,264,264387299.96304348,0.027812427578555145,-0.2561045472117376,-0.3630723397532722,-0.06831647018061425,50.27812427578555,47.43895452788262,46.36927660246728,49.31683529819386,48.81201912194191
가리봉동,1117070,2077,643,204,92000303.57073171,-1.1091325228053655,-0.391459767139253,-0.6252969513411116,-1.0014115291701822,38.908674771946345,46.08540232860747,43.74703048658888,39.98588470829818,41.308001526868274
가산동,1118051,2682,801,261,274420097.3598015,-0.7124475776022098,-0.16868763434188383,-0.3761835703326642,-0.01401101864032747,42.875524223977905,48.31312365658116,46.23816429667336,49.85988981359672,47.73961692857982
가양1동,1116064,3121,307,282,163015579.02362204,-0.42460511323165545,-0.8652030368855572,-0.2844049562769204,-0.6170205714724564,45.75394886768345,41.34796963114443,47.15595043723079,43.82979428527544,44.19607540627854
가양2동,1116065,4134,3330,1426,665295367.5774648,0.23959629088536388,3.397076440623602,4.7153443046645505,2.101715752834299,52.39596290885364,83.97076440623601,97.1534430466455,71.01715752834299,72.82683549786421
가양3동,1116066,3721,2312,775,434045423.5090909,-0.031198556005385368,1.9617471293089066,1.8702072689364933,0.8500077660511552,49.688014439946144,69.61747129308907,68.70207268936494,58.50007766051155,59.95845828070621
가회동,1101060,865,77,72,58333851.01515152,-1.903813768402431,-1.189491584628563,-1.2021910968343583,-1.1836410545447515,30.96186231597569,38.10508415371437,37.97808903165642,38.163589454552486,36.68981804632845
갈현1동,1112055,4381,1799,372,315876992.40076333,0.4015486569435117,1.2384426728212459,0.10893196110483871,0.21038655619609942,54.01548656943512,62.38442672821246,51.08931961104839,52.103865561960994,54.15846972368575
갈현2동,1112056,5010,1456,454,238617193.6438356,0.8139698644357182,0.7548297516218936,0.46730559694155255,-0.20780471105329487,58.13969864435718,57.54829751621894,54.67305596941553,47.92195288946705,52.49400023512022
강일동,1125075,5321,2240,687,277008598.28104544,1.0178855965980016,1.86023071436327,1.4856111719409955,-3.2262758036676246e-16,60.17885596598002,68.6023071436327,64.85611171940995,50.0,57.14818890825797
개봉1동,1117072,6464,1645,622,176929828.1284722,1.767325088114046,1.0213103408541897,1.201534509387503,-0.5417056268362683,67.67325088114046,60.2131034085419,62.01534509387503,44.582943731637314,54.11533327527596
개봉2동,1117064,6506,811,483,442268746.9395973,1.794863547119885,-0.15458813226610096,0.5940474925423416,0.8945189102909239,67.94863547119886,48.45411867733899,55.940474925423416,58.94518910290924,58.53435177990664
개봉3동,1117065,4307,658,355,199760780.005291,0.3530285148856051,-0.37031051402557874,0.034634987821617544,-0.4181264193895151,53.53028514885605,46.296894859744214,50.346349878216174,45.81873580610485,48.01067526805589
개포1동,1123068,1620,162,65,187513490.44,-1.408777183892708,-1.0696458169844087,-1.232783968186273,-0.48441845775985926,35.91222816107292,39.303541830155915,37.67216031813727,45.15581542240141,41.347493203459734
개포2동,1123080,3640,174,211,180614788.408046,-0.08430844123093183,-1.0527264144934692,-0.594704079989197,-0.5217597010912771,49.15691558769068,39.47273585506531,44.05295920010803,44.78240298908723,44.63693328673168
개포4동,1123071,3240,713,249,196187971.9862637,-0.3465794793817786,-0.292763252608773,-0.42862849265023206,-0.43746528820816893,46.534205206182214,47.07236747391227,45.71371507349768,45.62534711791831,46.07139329231745
거여1동,1124053,2414,560,222,150921420.60674158,-0.888169173163277,-0.5084856343682508,-0.5466295678647598,-0.6824837426953384,41.11830826836723,44.91514365631749,44.5337043213524,43.17516257304661,43.23810612022136
거여2동,1124054,3550,803,453,393813102.8861386,-0.14331942481487234,-0.16586773392672724,0.4629351867484219,0.6322385585668074,48.56680575185128,48.34132266073273,54.62935186748422,56.32238558566807,53.16295439226805
고덕1동,1125055,2856,309,282,237110262.04285717,-0.5983596760065915,-0.8623831364704007,-0.2844049562769204,-0.21596141927685628,44.016403239934085,41.376168635296,47.15595043723079,47.840385807231435,45.858796867433185
고덕2동,1125056,2998,588,368,377337788.0804598,-0.5052534574630408,-0.46900702855605875,0.09145032033231608,0.5430610964484279,44.94746542536959,45.30992971443941,50.914503203323164,55.43061096448428,50.99834916775835
고척1동,1117061,4429,667,368,298501321.3141026,0.43302118152161334,-0.35762096215737416,0.09145032033231608,0.11633565225962292,54.33021181521613,46.42379037842626,50.914503203323164,51.16335652259623,50.93619684098133
고척2동,1117062,5243,1176,479,285131800.3380282,0.9667427441585864,0.3600436934999735,0.576565851769819,0.043969208009720234,59.667427441585865,53.600436934999735,55.76565851769819,50.4396920800972,53.504115306703
공덕동,1114077,5910,1151,528,145184891.1401869,1.4040797002751233,0.3247949383105163,0.7907159512332211,-0.7135343869609226,64.04079700275123,53.247949383105166,57.907159512332214,42.86465613039077,50.79727354683056
공릉1동,1111079,6594,2447,940,159334135.97457626,1.8525631755130711,2.152090407331975,2.5913249508030516,-0.6369474591780613,68.52563175513072,71.52090407331976,75.91324950803052,43.630525408219384,57.5257034564706
공릉2동,1111056,5529,965,495,220649696.51830983,1.1542665364364417,0.06254419970095511,0.6464924148599095,-0.3050590465954221,61.54266536436442,50.62544199700955,56.464924148599096,46.94940953404578,51.70080570794733
공항동,1116069,4303,1771,527,229564223.8577075,0.35040580450409664,1.1989640670090538,0.7863455410400905,-0.256806558950186,53.50405804504096,61.98964067009054,57.8634554104009,47.43193441049814,52.49789785782322
광장동,1105063,3805,271,271,138460922.54166666,0.023878362006292442,-0.9159612443583754,-0.3324794684013576,-0.7499298344562888,50.238783620062925,40.840387556416246,46.675205315986425,42.50070165543711,44.279576038602286
광희동,1102059,1123,232,83,274429439.913738,-1.7346489487951349,-0.9709493024539286,-1.154116584709921,-0.01396044933348317,32.653510512048655,40.290506975460715,38.45883415290079,49.86039550666517,43.31909284556054
교남동,1101058,1624,215,126,1218880640.338983,-1.4061544735111993,-0.9949184559827595,-0.9661889464053028,5.098158022572704,35.938455264888006,40.05081544017241,40.33811053594697,100.98158022572704,69.72963768486467
구로1동,1117052,2668,100,185,159821239.71681416,-0.7216270639374893,-1.1570627298542624,-0.7083347450105941,-0.6343108676450019,42.78372936062511,38.429372701457375,42.91665254989406,43.656891323549985,42.47491332539181
구로2동,1117071,5946,1128,464,443106746.8922559,1.4276840937086996,0.29236608353621574,0.5110096988728591,0.8990548302362993,64.276840937087,52.923660835362156,55.11009698872859,58.990548302362996,58.50104510837835
구로3동,1117054,3541,492,305,346271373.12061405,-0.1492205231732664,-0.6043622484835742,-0.1838855218349153,0.3749050353405353,48.50779476826734,43.956377515164256,48.16114478165085,53.74905035340535,50.28859329321625
구로4동,1117055,4665,957,419,287632641.05959034,0.5877610940306129,0.051264598040328825,0.31434124018197956,0.05750574016959965,55.87761094030613,50.512645980403285,53.143412401819795,50.57505740169599,51.945690485707274
구로5동,1117056,4826,496,394,424516570.42346936,0.6933251868863287,-0.5987224476532611,0.20508098535371316,0.7984300605506985,56.93325186886329,44.01277552346739,52.05080985353713,57.98430060550699,54.587387624825084
구산동,1112057,6237,1536,1287,244016233.8351064,1.6184862739634405,0.8676257682281565,4.10785728781939,-0.17858082624068408,66.18486273963441,58.676257682281566,91.0785728781939,48.21419173759316,58.997235120896974
구의1동,1105060,3120,976,278,238442828.53418803,-0.42526079082703255,0.07805365198431626,-0.30188659704944304,-0.20874851322908114,45.74739209172967,50.78053651984316,46.98113402950557,47.91251486770919,47.86497149686128
구의2동,1105061,4355,1132,367,106443680.49261084,0.3845010394637067,0.2980058843665289,0.08707991013918542,-0.9232325253997421,53.845010394637065,52.98005884366529,50.87079910139185,40.76767474600258,46.7831996372441
구의3동,1105062,4127,553,284,333747922.41875,0.23500654771772406,-0.5183552858212988,-0.2756641358906591,0.30711819401281,52.35006547717724,44.81644714178701,47.24335864109341,53.0711819401281,50.753902145448905
군자동,1105054,3015,921,277,167672216.3267974,-0.49410693834162983,0.0005063905675105202,-0.30625700724257365,-0.5918151595212495,45.0589306165837,50.00506390567511,46.937429927574264,44.08184840478751,45.67077525015043
금호1가동,1104059,2637,772,246,222765031.87826088,-0.74195306939418,-0.20957619036165412,-0.441739723229624,-0.29360917500543093,42.5804693060582,47.90423809638346,45.58260276770376,47.06390824994569,46.12911499901456
금호2.3가동,1104072,3887,769,302,181478698.12236288,0.07764392482721602,-0.213806040984389,-0.19699675241430725,-0.5170835369796427,50.77643924827216,47.86193959015611,48.03003247585693,44.82916463020357,46.949463652515654
금호4가동,1104062,2406,442,178,349894232.25,-0.893414593926294,-0.6748597588624885,-0.7389276163625087,0.394514820439129,41.06585406073706,43.25140241137512,42.610723836374916,53.94514820439129,48.08108081588057
길동,1125074,7986,1637,708,441622380.7531645,2.7652663882780177,1.0100307391935635,1.5773897859967394,0.8910202641779318,77.65266388278017,60.10030739193564,65.77389785996739,58.91020264177932,63.724925123530355
길음1동,1108066,4615,592,375,233578127.5822785,0.5549772142617571,-0.4633672277257456,0.12204319168423068,-0.23508013055918672,55.54977214261757,45.36632772274255,51.22043191684231,47.649198694408135,49.27621511681282
길음2동,1108068,2559,516,201,121800603.68609864,-0.7930959218335951,-0.5705234435016954,-0.6384081819205035,-0.840108685127502,42.06904078166405,44.294765564983045,43.615918180794964,41.59891314872498,42.416838477166706
낙성대동,1121058,2021,444,194,131559488.53511706,-1.145850468146484,-0.6720398584473319,-0.6690010532724182,-0.7872858653995903,38.541495318535155,43.279601415526685,43.30998946727582,42.127141346004095,41.75954866783573
난곡동,1121081,5450,2148,612,199077814.46296296,1.1024680064016497,1.7305152952660676,1.1578304074561963,-0.4218231702253852,61.02468006401649,67.30515295266068,61.57830407456196,45.78176829774615,54.571509937712236
난향동,1121071,2721,654,243,121416233.81707317,-0.6868761513825021,-0.37595031485589187,-0.454850953809016,-0.8421891995115216,43.13123848617498,46.24049685144108,45.45149046190984,41.57810800488478,43.18882495641831
남가좌1동,1113069,2180,287,183,549106904.7375886,-1.0415977304815223,-0.893402041037123,-0.7170755653968554,1.4728117005776253,39.58402269518478,41.06597958962877,42.829244346031444,64.72811700577626,52.82106501336405
남가좌2동,1113070,4851,1330,434,154157110.62043795,0.7097171267707566,0.5771760254670296,0.37989739307893944,-0.6649696237224029,57.097171267707566,55.7717602546703,53.798973930789394,43.35030376277597,49.57951592084548
남영동,1103053,1543,1375,194,162177168.20357144,-1.4592643587367458,0.6406237848080525,-0.6690010532724182,-0.6215587153578122,35.40735641263254,56.40623784808052,43.30998946727582,43.78441284642188,44.25851801256102
남현동,1121063,2791,365,192,243021367.56,-0.640978719706104,-0.7834259248460166,-0.6777418736586794,-0.1839658310559228,43.59021280293896,42.165740751539836,43.222581263413204,48.16034168944077,45.5800406947543
내곡동,1122068,3286,815,389,154850677.52272728,-0.31641830999443116,-0.1489483314357878,0.18322893438805987,-0.6612154899237486,46.83581690005569,48.51051668564212,51.832289343880596,43.38784510076251,46.02946251836484
노량진1동,1120072,5869,1213,458,162221714.67049807,1.3771969188646616,0.41221185118037007,0.48478723771407517,-0.6213175945711253,63.771969188646615,54.1221185118037,54.84787237714075,43.78682405428874,50.97516065158193
노량진2동,1120052,2285,884,187,95030478.35842294,-0.9727515829669251,-0.051661767112886066,-0.6995939246243328,-0.9850098214924472,40.27248417033075,49.48338232887114,43.004060753756676,40.14990178507553,42.16454722837595
녹번동,1112051,7050,1749,566,163067289.26578072,2.1515521590050364,1.1679451624423314,0.9567915385721861,-0.6167406746561814,71.51552159005035,61.679451624423315,59.56791538572186,43.83259325343818,54.459294402218475
논현1동,1123052,2966,868,194,309029151.6103576,-0.5262351405151086,-0.07422097043413865,-0.6690010532724182,0.17332061421673214,44.73764859484891,49.257790295658616,43.30998946727582,51.73320614216732,48.847994775203176
논현2동,1123053,3155,489,192,242024484.4214744,-0.4023120749888335,-0.6085920991063091,-0.6777418736586794,-0.189361752734559,45.976879250111665,43.91407900893691,43.222581263413204,48.10638247265441,46.336353570840146
능동,1105059,1637,383,133,206931716.3692308,-1.3976306647712968,-0.7580468211096074,-0.9355960750533883,-0.37931162807954083,36.02369335228703,42.419531788903925,40.64403924946612,46.20688371920459,42.81210349930115
다산동,1102070,2762,507,201,239968147.45327103,-0.6599933699720404,-0.5832129953698999,-0.6384081819205035,-0.20049227826608756,43.4000663002796,44.167870046301005,43.615918180794964,47.99507721733912,45.85891889942753
답십리1동,1106091,4070,866,394,143641874.64067796,0.1976329247812284,-0.07704087084929521,0.20508098535371316,-0.7218864152563434,51.97632924781228,49.22959129150705,52.05080985353713,42.781135847436566,46.90736348098662
답십리2동,1106086,5562,1313,493,478791599.3681818,1.1759038970838867,0.5532068719381987,0.6377515944736482,1.0922095357703596,61.759038970838866,55.53206871938199,56.37751594473648,60.9220953577036,59.578156992003485
당산1동,1119055,3394,569,250,191997595.8902077,-0.24560512969370257,-0.4957960825000462,-0.4242580824571014,-0.4601469249462415,47.54394870306297,45.04203917499954,45.757419175428986,45.39853075053759,45.81008936843493
당산2동,1119056,4696,294,299,227968112.03076923,0.6080870994873036,-0.8835323895840749,-0.21010798299369923,-0.2654459812411897,56.08087099487304,41.164676104159255,47.89892017006301,47.3455401875881,48.0801276322544
대림1동,1119070,3181,636,285,471368738.43265307,-0.38526445750902844,-0.40132941859230103,-0.2712937256975284,1.0520311290026816,46.14735542490972,45.98670581407699,47.28706274302472,60.52031129002682,53.44818309033692
대림2동,1119071,3082,517,219,397337107.10071945,-0.450176539451363,-0.5691134932941171,-0.5597407984441518,0.6513132625137371,45.498234605486374,44.30886506705883,44.40259201555848,56.513132625137374,50.66058862234607
대림3동,1119072,4565,909,343,220893110.42450145,0.5221933344929012,-0.016413011923428915,-0.017809934495950332,-0.3037414976044306,55.22193334492901,49.83586988076571,49.821900655040494,46.9625850239557,49.474693991977716
대방동,1120068,5813,1519,629,228416120.8333333,1.340478973523543,0.8436566146993256,1.2321273807394175,-0.2630210025084259,63.404789735235425,58.43656614699326,62.32127380739418,47.36978997491574,54.38241123615305
대조동,1112058,5165,1595,431,365895161.3593429,0.9155998917191713,0.9508128304752754,0.36678616249954743,0.48112453116923637,59.15599891719171,59.50812830475275,53.667861624995474,54.81124531169236,56.35922759574069
대치1동,1123060,2533,17,110,521436340.6812749,-0.8101435393134001,-1.2740885970832603,-1.0361155094953933,1.3230366761225196,41.898564606866,37.2591140291674,39.63884490504607,63.2303667612252,51.47009687022086
대치2동,1123079,4968,141,221,226376130.96666667,0.7864314054298793,-1.0992547713435528,-0.5509999780578905,-0.27406304456967,57.864314054298795,39.00745228656447,44.49000021942109,47.2593695543033,47.59010176558783
대치4동,1123063,2105,657,152,395104586.4363208,-1.0907735501348061,-0.371720464233157,-0.8525582813839058,0.6392290911746081,39.09226449865194,46.28279535766843,41.47441718616094,56.39229091174608,49.29838969146552
대학동,1121073,3055,1353,263,266049295.79768783,-0.4678798345265452,0.6096048802413302,-0.36744274994640286,-0.0593204314200187,45.32120165473455,56.0960488024133,46.32557250053597,49.406795685799814,49.37514327683614
대흥동,1114060,2068,483,180,252930291.17611945,-1.1150336211637595,-0.6170518003517789,-0.7301867959762474,-0.13033088259922787,38.849663788362406,43.829481996482215,42.698132040237525,48.69669117400772,45.12570419909042
도곡1동,1123066,2974,157,137,686276127.8478261,-0.5209897197520916,-1.0766955680223,-0.9181144342808656,2.2152802568388013,44.79010280247908,39.233044319777,40.81885565719134,72.15280256838801,57.002561557799716
도곡2동,1123067,4895,82,159,385653349.59607846,0.7385669409673498,-1.1824418335906717,-0.8219654100319912,0.5880715063130414,57.3856694096735,38.175581664093286,41.780345899680086,55.88071506313042,51.32076144217624
도림동,1119075,3350,802,341,294482241.3036437,-0.27445494389029573,-0.16727768413430552,-0.026550754882211647,0.09458120570665669,47.25545056109704,48.32722315865694,49.734492451177886,50.94581205706657,49.598071749914894
도봉1동,1110064,5790,1603,574,153328318.28712872,1.3253983888298693,0.9620924321359017,0.9917548201172314,-0.6694557047338693,63.25398388829869,59.62092432135901,59.917548201172316,43.30544295266131,52.226873535374764
도봉2동,1110065,6476,1079,510,196858233.0177515,1.7751932192585715,0.22327852336487974,0.7120485677568693,-0.4338373042546043,67.75193219258571,52.2327852336488,57.120485677568695,45.661626957453954,52.66199804282875
도화동,1114075,3720,503,285,314748139.72068965,-0.031854233600762484,-0.5888527962002131,-0.2712937256975284,0.2042763107591016,49.681457663992376,44.11147203799787,47.28706274302472,52.042763107591014,49.588063536121695
독산1동,1118052,5900,1765,860,193589539.48378375,1.397522924321352,1.190504365763584,2.2416921353525994,-0.45153006443794996,63.97522924321352,61.905043657635844,72.41692135352599,45.4846993556205,55.42289333572997
독산2동,1118053,3524,1329,331,146444320.5480427,-0.16036704229467738,0.5757660752594512,-0.07025485681351822,-0.7067173567776134,48.39632957705322,55.75766075259451,49.297451431864815,42.93282643222386,47.06545119220972
독산3동,1118054,4671,1102,408,159819581.63104326,0.5916951596028756,0.2557073781391803,0.26626672805754237,-0.6343198425193983,55.91695159602875,52.5570737813918,52.66266728057543,43.65680157480602,48.792112428424254
독산4동,1118055,2942,919,268,125434538.9375,-0.5419714028041593,-0.002313509847646052,-0.34559069898074957,-0.8204389472775893,44.5802859719584,49.97686490152354,46.544093010192505,41.795610527224106,44.37782544204442
돈암1동,1108058,2882,621,192,532487290.8,-0.5813120585267864,-0.4224786717059753,-0.6777418736586794,1.3828531771853716,44.18687941473213,45.77521328294025,43.222581263413204,63.82853177185372,54.165126751314475
돈암2동,1108059,3495,372,231,104063675.51162793,-0.17938169256061376,-0.7735562733929686,-0.5072958761265839,-0.9361149987567916,48.20618307439386,42.26443726607032,44.92704123873416,40.63885001243209,42.97281829749889
동선동,1108083,2280,458,204,148951244.61413044,-0.9760299709438107,-0.652300555541236,-0.6252969513411116,-0.6931478967354823,40.23970029056189,43.47699444458764,43.74703048658888,43.06852103264518,42.659053413061415
동화동,1102073,1894,217,144,126157843.56716418,-1.2291215227593777,-0.992098555567603,-0.887521562928951,-0.8165238493281594,37.70878477240622,40.079014444323974,41.124784370710486,41.83476150671841,40.61356328193595
둔촌1동,1125070,39,1,1,3908359.5,-2.4454034621839296,-1.2966478004045128,-1.5124902205466348,-1.4782349524527694,25.545965378160705,37.03352199595487,34.87509779453365,35.217650475472304,33.5582718869771
둔촌2동,1125071,4118,536,337,490328580.4425428,0.22910544935933,-0.5423244393501296,-0.044032395654734276,1.1546568215948865,52.2910544935933,44.57675560649871,49.559676043452654,61.54656821594887,55.227386743261945
등촌1동,1116052,2934,309,265,282713136.68728524,-0.5472168235671763,-0.8623831364704007,-0.3587019295601416,0.030877483290937636,44.52783176432824,41.376168635296,46.412980704398585,50.30877483290938,47.10240586854696
등촌2동,1116053,3187,432,236,269260708.1195652,-0.38133039193676577,-0.6889592609382714,-0.4854438251609306,-0.04193772255778793,46.186696080632345,43.11040739061728,45.14556174839069,49.58062277442212,47.21516711524439
등촌3동,1116054,6761,5507,2006,226239710.63239077,1.9620613339410498,6.466538042521532,7.250182216680332,-0.27480145954598795,69.6206133394105,114.66538042521532,122.50182216680332,47.25198540454012,72.92928471541525
마장동,1104054,3925,838,374,198244988.3586957,0.10255967345154646,-0.11651947666148724,0.11767278149110003,-0.426331085202457,51.02559673451547,48.834805233385126,51.176727814911,45.73668914797543,48.01664581359708
마천1동,1124055,4211,1639,448,200564211.6915423,0.29008346572940186,1.01285063960872,0.44108313578276864,-0.41377761030086047,52.90083465729402,60.128506396087204,54.41083135782769,45.862223896991395,50.83512141899823
마천2동,1124056,4058,1509,424,223473827.10204083,0.18976479363670298,0.8295571126235428,0.33619329114763286,-0.2897726134608505,51.89764793636703,58.29557112623543,53.36193291147633,47.102273865391496,50.802633080994894
망우3동,1107068,3394,1921,340,102132567.62105264,-0.24560512969370257,1.4104565981457966,-0.030921165075342302,-0.946567685263208,47.54394870306297,64.10456598145797,49.690788349246574,40.53432314736792,47.20559890470752
망우본동,1107073,6205,2343,617,344063514.97868216,1.5975045909113728,2.0054555857438334,1.1796824584218495,0.362954357120595,65.97504590911373,70.05455585743833,61.7968245842185,53.62954357120595,59.99393131550474
망원1동,1114069,3375,722,295,292595710.09774435,-0.2580630040058678,-0.2800737007405684,-0.22758962376622185,0.08436980354933696,47.41936995994132,47.19926299259431,47.72410376233778,50.84369803549337,49.131107003731174
망원2동,1114070,3124,529,260,287724753.3178808,-0.4226380804455241,-0.5521940908031776,-0.3805539805257948,0.058004324719954065,45.77361919554476,44.47805909196823,46.19446019474205,50.58004324719954,48.002713328145916
면목2동,1107052,4566,1715,406,227463249.31864408,0.5228490120882784,1.1200068553846698,0.25752590767128103,-0.26817869839509834,55.22849012088278,61.2000685538467,52.57525907671281,47.318213016049015,51.986723913713334
면목3.8동,1107072,5013,1970,449,303175096.7948718,0.8159368972218496,1.4795441583171327,0.44545354597589926,0.1416338296117451,58.159368972218495,64.79544158317132,54.45453545975899,51.41633829611745,55.48606215202729
면목4동,1107054,3826,1807,567,90900801.46405227,0.037647591509211896,1.2497222744818721,0.9611619487653168,-1.007362906040607,50.37647591509212,62.49722274481872,59.61161948765317,39.92637093959393,48.426947069115315
면목5동,1107055,2225,813,218,40192996.37142857,-1.0120922386895521,-0.15176823185094437,-0.5641112086372824,-1.2818337383791152,39.87907761310448,48.48231768149056,44.35888791362718,37.18166261620885,40.59591341418957
면목7동,1107057,4315,1137,360,451616646.2395833,0.35827393564862203,0.3050556354044203,0.05648703878727083,0.9451171504789407,53.58273935648622,53.050556354044204,50.56487038787271,59.45117150478941,56.04658978413377
면목본동,1107071,6099,2540,545,191536158.86010364,1.5280027658013984,2.283215776636756,0.8650129245164423,-0.46264458788971,65.28002765801398,72.83215776636756,58.65012924516442,45.3735541211029,55.819676356914115
명동,1102055,764,93,51,226401754.04258677,-1.9700372055355198,-1.1669323813073105,-1.293969710890102,-0.273924352173854,30.299627944644804,38.330676186926894,37.06030289109898,47.260756478261456,41.03071002215927
명일1동,1125053,4033,375,338,203879272.7010989,0.17337285375227507,-0.7693264227702338,-0.03966198546160361,-0.3958338725886105,51.73372853752275,42.306735772297664,49.603380145383966,46.04166127411389,46.97167762288659
명일2동,1125054,2590,179,182,453980397.5765306,-0.7727699163769045,-1.0456766634555779,-0.721445975589986,0.9579116462317762,42.272300836230954,39.54323336544422,42.78554024410014,59.579116462317764,50.51227676787033
목1동,1115051,3282,345,251,277292219.3450882,-0.3190410203759397,-0.8116249289975823,-0.4198876722639707,0.0015351819976103386,46.8095897962406,41.883750710024174,45.80112327736029,50.015351819976104,47.424390653160444
목2동,1115052,4183,1119,373,147455530.57142857,0.2717244930588426,0.2796765316680112,0.11330237129796937,-0.7012438866425763,52.71724493058843,52.79676531668011,51.13302371297969,42.98756113357424,47.668291447446286
목3동,1115053,3377,1094,343,303089565.84615386,-0.25675164881511353,0.24442777647855402,-0.017809934495950332,0.1411708683251653,47.432483511848865,52.44427776478554,49.821900655040494,51.41170868325165,50.59783723471313
목4동,1115054,3279,997,299,146740255.27540985,-0.321008053162071,0.10766260634346027,-0.21010798299369923,-0.7051155234742401,46.78991946837929,51.0766260634346,47.89892017006301,42.9488447652576,45.75818085866359
목5동,1115071,4699,49,245,374621059.4047619,0.6100541322734349,-1.228970190440755,-0.4461101334227547,0.5283560075672459,56.10054132273435,37.71029809559245,45.53889866577245,55.28356007567246,51.15355280233334
무악동,1101057,1424,206,125,1158702898.2238803,-1.5372899925866226,-1.0076080078509642,-0.9705593565984335,4.772428385164536,34.62710007413378,39.92391992149036,40.29440643401566,97.72428385164537,67.81104873116222
묵1동,1107064,5945,1265,492,195773030.71826625,1.4270284161133224,0.48552926197444096,0.6333811842805175,-0.4397112792344187,64.27028416113322,54.85529261974441,56.333811842805176,45.60288720765581,52.296903124860464
묵2동,1107065,3612,1100,294,234760014.71698117,-0.1026674139014911,0.25288747772402376,-0.2319600339593525,-0.22868282061844925,48.97332586098509,52.52887477724024,47.68039966040647,47.713171793815505,48.803854112672624
문래동,1119076,4695,276,289,230431408.1648045,0.6074314218919264,-0.908911493320484,-0.2538120849250058,-0.2521126701469724,56.07431421891926,40.91088506679516,47.461879150749944,47.478873298530274,48.04643927358189
문정1동,1124068,2965,402,234,354040609.7263158,-0.5268908181104857,-0.73125776716562,-0.49418464554719194,0.4169583017737133,44.731091818895145,42.6874223283438,45.05815354452808,54.16958301773713,49.13357797317377
문정2동,1124069,4003,96,187,584306554.5081967,0.15370252589096156,-1.1627025306845755,-0.6995939246243328,1.6633401044972058,51.537025258909615,38.37297469315425,43.004060753756676,66.63340104497206,55.71488373978953
미성동,1121083,5877,1352,506,137181789.11445785,1.3824423396276784,0.6081949300337519,0.6945669269843467,-0.7568535184098086,63.824423396276785,56.08194930033752,56.945669269843464,42.43146481590191,50.91316687349581
미아동,1109070,4524,1280,369,335674890.76623374,0.49531055308243943,0.5066785150881152,0.09582073052544673,0.31754847403099923,54.953105530824395,55.06678515088115,50.95820730525447,53.17548474030999,53.58482679088088
반포1동,1122057,4044,458,192,296601992.4469914,0.18058530730142336,-0.652300555541236,-0.6777418736586794,0.10605497901635526,51.805853073014234,43.47699444458764,43.222581263413204,51.060549790163556,48.90274219541411
반포2동,1122058,1980,7,79,191194706.2285714,-1.1727332495569458,-1.288188099159043,-1.1715982254824437,-0.4644928001680692,38.272667504430544,37.118119008409565,38.28401774517556,45.35507199831931,41.61324254466439
반포3동,1122059,3085,41,144,227752498.8131488,-0.4482095066652317,-1.2402497921013813,-0.887521562928951,-0.2666130508707145,45.51790493334768,37.59750207898619,41.124784370710486,47.33386949129285,44.490676642477354
반포4동,1122060,2865,117,124,350956250.3364486,-0.5924585776481973,-1.1330935763254315,-0.9749297667915642,0.40026330408210375,44.075414223518024,38.66906423674568,40.25070233208436,54.00263304082104,47.614823398055165
반포본동,1122056,282,10,12,248238089.5675676,-2.28607380650729,-1.2839582485363081,-1.4644157084221976,-0.1557287967595207,27.139261934927102,37.16041751463692,35.35584291577803,48.44271203240479,40.57176183272153
발산1동,1116067,4874,1546,587,441864254.76512456,0.7247977114644303,0.8817252703039393,1.0485701526279299,0.8923294780408166,57.2479771146443,58.817252703039394,60.4857015262793,58.92329478040817,58.76497472694975
방배1동,1122062,2901,320,159,315305590.4086022,-0.5688541842146212,-0.8468736841870395,-0.8219654100319912,0.20729367571937835,44.311458157853785,41.531263158129605,41.780345899680086,52.07293675719379,47.38927430030034
방배2동,1122063,3523,493,229,154714926.72413793,-0.1610227198900545,-0.602952298275996,-0.5160366965128452,-0.6619502808422546,48.389772801099454,43.97047701724004,44.83963303487155,43.380497191577454,44.667990763384566
방배3동,1122064,3398,137,143,291002769.5308642,-0.2429824193121941,-1.1048945721738659,-0.8918919731220817,0.07574754663131913,47.57017580687806,38.95105427826134,41.08108026877918,50.75747546631319,46.844342426825335
방배4동,1122065,3559,335,225,296587905.861244,-0.13741832645647828,-0.8257244310733651,-0.5335183372853678,0.1059787312492152,48.625816735435215,41.742755689266346,44.66481662714632,51.059787312492155,48.14314132734802
방배본동,1122061,3093,361,190,138923872.34375,-0.4429640859022147,-0.7890657256763297,-0.6864826940449408,-0.7474239831918402,45.57035914097786,42.1093427432367,43.135173059550596,42.5257601680816,43.137983524746616
방이1동,1124057,2246,328,151,117280269.91050585,-0.9983230091866326,-0.8355940825264132,-0.8569286915770364,-0.8645763143527967,40.016769908133675,41.64405917473587,41.43071308422964,41.354236856472035,41.14702190097023
방이2동,1124058,3544,905,272,147548038.7289973,-0.14725349038713503,-0.02205281275374206,-0.32810905820822694,-0.700743159171537,48.52746509612865,49.77947187246258,46.71890941791773,42.99256840828463,45.75304847828871
방학1동,1110055,5868,1868,538,260479885.6675603,1.3765412412692843,1.3357292371441476,0.8344200531645277,-0.08946649337750985,63.76541241269284,63.357292371441474,58.34420053164528,49.1053350662249,55.68630124710894
방학2동,1110056,4405,2454,453,213941529.23770493,0.41728491923256256,2.161960058785023,0.4629351867484219,-0.3413689648340525,54.17284919232563,71.61960058785023,54.62935186748422,46.58631035165948,53.48982410060418
방학3동,1110057,5080,408,372,337771527.7983871,0.8598672961121164,-0.7227980659201503,0.10893196110483871,0.32889713545059174,58.59867296112117,42.772019340798494,51.08931961104839,53.28897135450592,52.23548860549798
방화1동,1116070,6616,1210,642,190292761.2451193,1.8669880826113678,0.4079820005576352,1.2889427132501161,-0.46937484130314583,68.66988082611368,54.07982000557635,62.88942713250116,45.30625158696854,53.71224885124551
방화2동,1116071,4857,1698,690,418308792.8116883,0.7136511923430193,1.096037701855839,1.4987224025203876,0.7648286478102808,57.13651192343019,60.96037701855839,64.98722402520387,57.648286478102804,59.04291460513564
방화3동,1116072,5260,2276,944,211511858.9619048,0.9778892632799974,1.9109889218360883,2.6088065915755743,-0.35452026613153276,59.77889263279997,69.10988921836088,76.08806591575575,46.45479733868467,56.788416048584956
번1동,1109060,3657,1223,331,274878165.6639344,-0.07316192210952084,0.42631135325615294,-0.07025485681351822,-0.011531589911878217,49.26838077890479,54.26311353256153,49.297451431864815,49.884684100881216,50.45424450340293
번2동,1109061,4001,1886,558,101362681.83229811,0.15239117070020733,1.3611083408805567,0.9218282570271409,-0.9507349173660186,51.52391170700207,63.61108340880557,59.21828257027141,40.49265082633981,49.085332672395225
번3동,1109062,4669,2857,1002,344033237.16847825,0.5903838044121213,2.7301699924390728,2.8622903827771524,0.362790469613477,55.903838044121215,77.30169992439073,78.62290382777152,53.62790469613477,61.35038042213145
보광동,1103070,2708,1086,184,135401523.8923077,-0.6953999601224047,0.23314817481792774,-0.7127051552037248,-0.7664897248363007,43.04600039877595,52.33148174817928,42.872948447962756,42.335102751636995,44.29387931750041
보라매동,1121052,4482,1158,446,166514100.2048193,0.46777209407660053,0.33466458976356434,0.4323423153965073,-0.5980838019001368,54.67772094076601,53.346645897635646,54.323423153965074,44.01916198099863,49.07121610498439
보문동,1108061,2415,486,195,139780584.9925926,-0.8875134955678999,-0.6128219497290439,-0.6646306430792875,-0.742786775302971,41.124865044321,43.87178050270956,43.353693569207124,42.57213224697029,42.60781241647441
부암동,1101055,1802,174,121,10205204.888888888,-1.2894438615340724,-1.0527264144934692,-0.9880409973709561,-1.4441514343072237,37.105561384659275,39.47273585506531,40.11959002629044,35.558485656927765,37.12303263331847
북가좌1동,1113071,2961,544,242,203665495.44,-0.5295135284919942,-0.5310448376895034,-0.45922136400214664,-0.3969910045662554,44.704864715080056,44.68955162310497,45.40778635997853,46.03008995433745,45.452662749225425
북가좌2동,1113072,6363,1521,593,201502038.8014981,1.7011016509809573,0.8464765151144822,1.0747926137867139,-0.4087013466568514,67.01101650980956,58.46476515114482,60.74792613786714,45.912986533431486,54.18352123736139
북아현동,1113074,2258,595,195,239668119.3846154,-0.9904548780421073,-0.4591373771030108,-0.6646306430792875,-0.20211626797691035,40.095451219578926,45.408626228969894,43.353693569207124,47.978837320230895,45.37423019025185
불광1동,1112052,7722,1849,623,310525781.2567568,2.592167503098459,1.3089401832001601,1.2059049195806335,0.1814215600967468,75.92167503098459,63.0894018320016,62.05904919580634,51.814215600967465,59.88946927675673
불광2동,1112072,5954,2234,488,320649995.9296636,1.4329295144717165,1.8517710131178002,0.6158995435079949,0.23622183439319222,64.32929514471716,68.517710131178,56.15899543507995,52.36221834393192,58.057441903250535
사근동,1104055,1508,258,113,855235235.9545455,-1.4822130745749449,-0.9342905970568932,-1.0230042789160014,3.1298208674709342,35.17786925425055,40.657094029431065,39.76995721083998,81.29820867470934,59.77091429471022
사당1동,1120063,3800,784,273,256492431.65473145,0.02059997402940686,-0.1926567878707147,-0.3237386480150963,-0.11104975496443004,50.20599974029407,48.07343212129285,46.76261351984904,48.8895024503557,48.74412848444405
사당2동,1120073,5480,589,297,230832392.02349868,1.1221383342629632,-0.46759707834848047,-0.21884880337996054,-0.2499422276825615,61.221383342629636,45.32402921651519,47.81151196620039,47.50057772317439,49.90270963877833
사당3동,1120065,4487,585,271,118454371.93801652,0.4710504820534861,-0.47323687917879365,-0.3324794684013576,-0.8582211435826844,54.71050482053486,45.267631208212066,46.675205315986425,41.41778856417316,45.40723137212896
사당4동,1120066,2681,563,181,196679335.8719212,-0.7131032551975869,-0.5042557837455159,-0.7258163857831167,-0.43480563740231853,42.86896744802413,44.95744216254484,42.741836142168836,45.65194362597681,44.61004719880968
사당5동,1120067,2347,377,192,316224573.0641026,-0.9320995720535439,-0.7665065223550771,-0.6777418736586794,0.21226793823969678,40.679004279464564,42.33493477644923,43.222581263413204,52.12267938239697,47.00857679089666
사직동,1101053,1774,125,136,249642989.3,-1.3078028342046317,-1.1218139746648053,-0.9224848444739963,-0.14812436587933323,36.921971657953684,38.78186025335195,40.77515155526004,48.51875634120667,43.52749199093817
삼각산동,1109073,4504,1319,484,301149013.8993711,0.4821970011748971,0.5616665731836684,0.5984179027354722,0.13066706310116324,54.821970011748974,55.61666573183668,55.98417902735472,51.306670631011634,53.34866819934637
삼선동,1108082,3948,865,330,293714719.775,0.11764025814522015,-0.07845082105687351,-0.07462526700664887,0.09042677085348629,51.1764025814522,49.21549178943126,49.25374732993351,50.90426770853486,50.45684384995003
삼성1동,1123058,2154,168,107,521991347.45454544,-1.0586453479613274,-1.061186115738939,-1.0492267400747852,1.326040812679699,39.413546520386724,39.38813884261061,39.50773259925215,63.26040812679699,51.34430423983922
삼성2동,1123059,3652,466,226,318072704.579096,-0.07644031008640643,-0.6410209538806096,-0.5291479270922371,0.2222714908341092,49.235596899135935,43.5897904611939,44.70852072907763,52.22271490834109,49.175255255841364
삼성동,1121082,5549,1612,543,157667156.63690478,1.1673800883439842,0.9747819840041063,0.856272104130181,-0.6459704726069809,61.67380088343984,59.74781984004106,58.56272104130181,43.54029527393019,51.88111641582297
삼양동,1109069,4945,1735,451,312450273.6851312,0.7713508207362056,1.1482058595362354,0.4541943663621606,0.1918384384782944,57.713508207362054,61.48205859536235,54.54194366362161,51.91838438478295,55.078997046005
삼전동,1124064,3988,1196,331,139055406.1925926,0.1438673619603048,0.38824269765153924,-0.07025485681351822,-0.7467120177477322,51.43867361960305,53.88242697651539,49.297451431864815,42.53287982252268,47.145780785055244
삼청동,1101054,625,45,39,152958817.7142857,-2.061176391292939,-1.2346099912710682,-1.3464146332076699,-0.6714557347014951,29.38823608707061,37.653900087289315,36.535853667923305,43.28544265298505,38.67678276767269
상계10동,1111074,2734,437,224,37460073.67857143,-0.6783523426425997,-0.68190950990038,-0.5378887474784985,-1.2966264821165958,43.216476573574,43.1809049009962,44.62111252521502,37.03373517883404,40.29446032745803
상계1동,1111065,7102,1908,769,290188262.6578073,2.1856473939646466,1.392127245447279,1.8439848077777095,0.07133878985344234,71.85647393964646,63.92127245447279,68.4398480777771,50.71338789853442,59.46919242645138
상계2동,1111066,3392,1038,354,177617612.34095633,-0.2469164848844568,0.16547056485417,0.030264577628486892,-0.5379827935382193,47.53083515115543,51.6547056485417,50.30264577628487,44.620172064617805,47.14365727307039
상계3.4동,1111076,6120,2610,601,129669263.45059288,1.5417719953043179,2.381912291167236,1.109755895331759,-0.7975172617558083,65.41771995304317,73.81912291167237,61.09755895331759,42.02482738244192,54.65149906053696
상계5동,1111069,5037,2059,466,172965228.36482084,0.8316731595109004,1.6050297267916003,0.5197505192591204,-0.563165183112285,58.316731595109005,66.050297267916,55.1975051925912,44.36834816887715,52.306010574419574
상계6.7동,1111077,5086,1077,506,440107811.89915967,0.863801361684379,0.22045862294972315,0.6945669269843467,0.8828222170876789,58.63801361684379,52.20458622949723,56.945669269843464,58.828222170876785,57.39572505769959
상계8동,1111072,2918,353,269,1030734485.5555556,-0.5577076650932101,-0.8003453273369561,-0.34122028878761895,4.07976190760836,44.4229233490679,41.99654672663044,46.58779711212381,90.7976190760836,67.45626452403118
상계9동,1111073,3487,528,267,678728279.962963,-0.18462711332363071,-0.553604041010756,-0.34996110917388024,2.174425321636248,48.15372886676369,44.46395958989244,46.5003889082612,71.74425321636248,59.09661392329781
상도1동,1120053,7096,1231,561,318301398.9662162,2.1817133283923837,0.43759095491677924,0.9349394876065328,0.2235093661211457,71.81713328392384,54.375909549167794,59.349394876065325,52.23509366121146,57.41543201800303
상도2동,1120054,4320,522,334,232225771.0108303,0.3615523236255076,-0.5620637422562257,-0.05714362623412624,-0.24240015620624095,53.61552323625508,44.379362577437746,49.428563737658735,47.57599843793759,48.45606278447876
상도3동,1120055,4438,1141,388,146642955.77209303,0.43892227988000737,0.3106954362347335,0.17885852419492923,-0.705642185506105,54.38922279880008,53.10695436234734,51.78858524194929,42.943578144938954,48.11692380088394
상도4동,1120056,5145,1386,492,194974502.9942029,0.902486339811629,0.6561332370914136,0.6333811842805175,-0.44403354419281504,59.02486339811629,56.56133237091414,56.333811842805176,45.55966455807185,51.524764603919806
상봉1동,1107059,3796,1714,649,185402794.9382716,0.01797726364789839,1.1185969051770914,1.3195355846020307,-0.4958432147595821,50.17977263647899,61.18596905177091,63.195355846020306,45.04156785240418,51.16370251831033
상봉2동,1107060,3044,1103,259,180593088.4,-0.4750922880756934,0.2571173283467586,-0.3849243907189255,-0.5218771587343216,45.24907711924307,52.57117328346759,46.150756092810745,44.78122841265679,46.409229466385185
상암동,1114074,4064,1219,533,419668596.902439,0.1936988592089657,0.4206715524258398,0.8125680021988745,0.7721889853347291,51.936988592089655,54.2067155242584,58.12568002198874,57.72188985334729,56.00022786458539
상일1동,1125076,4396,396,421,277008598.28104544,0.41138382087416847,-0.7397174684110898,0.3230820605682409,-3.2262758036676246e-16,54.11383820874168,42.602825315889106,53.23082060568241,50.0,49.932114647739226
상일2동,1125077,1496,689,238,277008598.28104544,-1.4900812057194703,-0.32660205759065186,-0.47670300477466926,-3.2262758036676246e-16,35.0991879428053,46.733979424093484,45.232969952253306,50.0,45.85240523180909
서강동,1114076,3227,346,259,97922138.15972222,-0.35510328812168107,-0.810214978790004,-0.3849243907189255,-0.9693578667085107,46.44896711878319,41.89785021209996,46.150756092810745,40.306421332914894,42.54397238893292
서교동,1114066,3338,418,230,312282943.0837766,-0.2823230750348211,-0.7086985638443675,-0.5116662863197146,0.19093271263696468,47.17676924965179,42.91301436155632,44.88333713680285,51.90932712636965,48.51021206848789
서림동,1121066,3539,1200,316,208034527.0727273,-0.15053187836402063,0.39388249848185236,-0.13581100971047808,-0.3733423424607372,48.494681216359794,53.938824984818524,48.64188990289522,46.26657657539263,48.35175514117341
서빙고동,1103069,2161,326,141,139808583.47368422,-1.0540556047936875,-0.8384139829415698,-0.900632793508343,-0.7426352253316127,39.459443952063125,41.6158601705843,40.99367206491657,42.573647746683875,41.58569720172139
서원동,1121064,3323,918,278,399292665.49044585,-0.2921582389654779,-0.003723460055224338,-0.30188659704944304,0.6618982945011074,47.07841761034522,49.962765399447754,46.98113402950557,56.618982945011076,52.34130069316613
서초1동,1122051,3022,356,184,199228051.78851965,-0.48951719517399,-0.7961154767142211,-0.7127051552037248,-0.4210099667408617,45.1048280482601,42.03884523285779,42.872948447962756,45.78990033259139,44.63183224769317
서초2동,1122052,3217,157,174,295802707.6590389,-0.36166006407545226,-1.0766955680223,-0.7564092571350313,0.10172861622813947,46.38339935924548,39.233044319777,42.435907428649685,51.017286162281394,46.955594137531975
서초3동,1122053,4827,359,276,203385798.6821705,0.6939808644817058,-0.7918856260914863,-0.3106274174357043,-0.39850494510822154,56.939808644817056,42.081143739085135,46.89372582564296,46.01495054891778,47.621352885967575
서초4동,1122054,4297,70,178,302574116.73722625,0.3464717389318339,-1.199361236081611,-0.7389276163625087,0.138380849200948,53.46471738931834,38.00638763918389,42.610723836374916,51.38380849200948,48.36230604027244
석관동,1108085,7197,1886,554,132388761.35959595,2.2479367655254725,1.3611083408805567,0.9043466162546182,-0.7827971835890748,72.47936765525472,63.61108340880557,59.04346616254618,42.17202816410925,54.09426047996482
석촌동,1124063,4493,995,355,329155466.32624114,0.4749845476257488,0.10484270592830369,0.034634987821617544,0.28226018164397415,54.74984547625749,51.048427059283036,50.346349878216174,52.82260181643974,52.588038473622916
성내1동,1125065,3113,331,228,149462298.2170088,-0.4298505339946724,-0.8313642319036784,-0.5204071067059759,-0.6903816695738964,45.70149466005328,41.68635768096321,44.79592893294024,43.09618330426104,43.58299429492727
성내2동,1125066,4371,930,367,430117285.9328859,0.3949918809897406,0.013195942435715096,0.08707991013918542,0.828745572033651,53.949918809897405,50.13195942435715,50.87079910139185,58.28745572033651,55.06565440908422
성내3동,1125067,3849,706,315,234032766.6972477,0.052728176202885585,-0.30263290406182103,-0.14018141990360872,-0.23261926332047836,50.527281762028856,46.97367095938179,48.59818580096391,47.67380736679522,48.237525678815686
성북동,1108081,3076,416,200,30148070.55555556,-0.4541106050236257,-0.711518464259524,-0.6427785921136342,-1.3362048385366783,45.45889394976374,42.88481535740476,43.57221407886366,36.63795161463322,40.362124044673145
성산1동,1114072,2953,584,229,98807311.56164384,-0.5347589492550111,-0.4746468293863719,-0.5160366965128452,-0.9645666066658889,44.652410507449886,45.25353170613628,44.83963303487155,40.35433393334111,42.63197124609333
성산2동,1114073,6288,2194,939,265592796.12,1.6519258313276735,1.7953730048146688,2.5869545406099212,-0.061791369498848385,66.51925831327674,67.9537300481467,75.8695454060992,49.38208630501152,59.37049074934919
성수1가1동,1104065,2292,515,213,120084580.26865672,-0.9681618397992853,-0.5719333937092737,-0.5859632596029357,-0.8493971639886422,40.31838160200715,44.280666062907265,44.14036740397064,41.506028360113575,42.08335298696332
성수1가2동,1104066,1943,268,133,229454163.2485207,-1.1969933205858991,-0.9201910949811104,-0.9355960750533883,-0.2574022942015148,38.03006679414101,40.79808905018889,40.64403924946612,47.42597705798485,43.539172377786954
성수2가1동,1104067,2899,818,245,249843838.8065395,-0.5701655394053754,-0.14471848081305297,-0.4461101334227547,-0.14703720915594562,44.29834460594625,48.55281519186947,45.53889866577245,48.529627908440546,47.31358786720824
성수2가3동,1104068,1913,250,147,199712845.2295082,-1.2166636484472126,-0.9455701987175195,-0.874410332349559,-0.4183858803893164,37.83336351552787,40.544298012824804,41.255896676504406,45.816141196106834,42.72698253796638
성현동,1121079,5374,1570,552,185599075.00892857,1.0526365091529888,0.9155640752858183,0.8956057958683569,-0.4947807914449411,60.52636509152989,59.15564075285818,58.95605795868357,45.05219208555059,52.353113437666906
세곡동,1123076,6564,2342,920,195256248.06944445,1.8328928476517576,2.0040456355362553,2.5039167469404386,-0.4425085165335116,68.32892847651758,70.04045635536255,75.03916746940439,45.57491483466488,58.09021890849995
소공동,1102052,292,49,7,170585388.13442624,-2.279517030553519,-1.228970190440755,-1.486267759387851,-0.5760467647085685,27.20482969446481,37.71029809559245,35.13732240612149,44.23953235291432,38.55219958284398
송정동,1104069,1820,736,174,146334245.87209302,-1.2776416648172844,-0.26033439783447243,-0.7564092571350313,-0.7073131681694124,37.22358335182716,47.396656021655275,42.435907428649685,42.92686831830588,42.50705406188926
송중동,1109071,6013,1503,471,246635618.53457448,1.4716144925989663,0.821097411378073,0.5416025702247738,-0.16440264011402134,64.71614492598967,58.21097411378073,55.41602570224774,48.355973598859784,54.235139467320415
송천동,1109072,6173,1887,490,196745753.37142855,1.576522907859305,1.362518291088135,0.6246403638942561,-0.43444613325225084,65.76522907859305,63.62518291088135,56.24640363894256,45.655538667477494,54.146022613729414
송파1동,1124061,3460,581,267,147595157.28862974,-0.20233040839881286,-0.47887668000910677,-0.34996110917388024,-0.7004881161804769,47.97669591601187,45.21123319990893,46.5003889082612,42.99511883819523,44.817413025816705
송파2동,1124062,2902,359,185,158998308.42692307,-0.5681985066192441,-0.7918856260914863,-0.7083347450105941,-0.6387652240440065,44.31801493380756,42.081143739085135,42.91665254989406,43.61234775955994,43.39855858961814
수궁동,1117069,4430,931,495,190153623.38345864,0.43367685911699044,0.014605892643293383,0.6464924148599095,-0.47012796569159143,54.33676859116991,50.146058926432936,56.464924148599096,45.298720343084085,49.35038972047667
수색동,1112068,2227,574,223,193947601.3129252,-1.010780883498798,-0.4887463314621548,-0.5422591576716291,-0.44959195001762386,39.89219116501202,45.11253668537845,44.57740842328371,45.50408049982376,44.197348455765976
수서동,1123075,4645,3377,1257,608393573.6883117,0.5746475421230706,3.4633441003797816,3.97674498202547,1.7937181437525764,55.746475421230706,84.63344100379781,89.7674498202547,67.93718143752577,71.14966920620549
수유1동,1109063,4432,1536,525,177012940.85882354,0.4349882143077447,0.8676257682281565,0.7776047206538291,-0.5412557548641768,54.349882143077444,58.676257682281566,57.776047206538294,44.58744245135823,50.65404864951116
수유2동,1109064,4936,1372,399,149717596.07407406,0.7654497223778115,0.6363939341853175,0.22693303631936645,-0.6889997952215172,57.654497223778115,56.363939341853175,52.26933036319367,43.11000204778483,49.48325614887156
수유3동,1109065,4637,1718,387,212538499.73347107,0.5694021213600536,1.1242367060074046,0.17448811400179856,-0.3489632725568802,55.694021213600536,61.242367060074045,51.74488114001799,46.5103672744312,51.57951225795091
숭인1동,1101070,1192,296,84,157269714.75308642,-1.6894071947141138,-0.8807124891689183,-1.1497461745167905,-0.6481217430959827,33.10592805285886,41.192875108310815,38.502538254832096,43.51878256904017,40.402147320900255
숭인2동,1101071,1656,475,130,258378982.37748343,-1.3851727904591316,-0.6283314020124051,-0.9487073056327802,-0.10083824716643482,36.148272095408686,43.71668597987595,40.5129269436722,48.99161752833565,44.43999909768688
시흥1동,1118057,6274,1627,580,310962377.3761815,1.6427463449923938,0.9959312371177805,1.0179772812760153,0.18378476434262908,66.42746344992393,59.9593123711778,60.17977281276015,51.837847643426294,57.219767778249064
시흥2동,1118058,4077,1295,395,148524572.875,0.20222266794886823,0.5278277682017896,0.2094513955468438,-0.6954573823691147,52.02222667948868,55.278277682017894,52.094513955468436,43.04542617630885,48.112671262838845
시흥3동,1118059,2380,414,186,392456657.46753246,-0.9104622114060991,-0.7143383646746806,-0.7039643348174635,0.6248964008381002,40.89537788593901,42.856616353253195,42.960356651825364,56.248964008381,49.173510024675785
시흥4동,1118060,4191,1275,360,260475205.96296296,0.27696991382185954,0.49962876405022383,0.05648703878727083,-0.08949182364794037,52.7696991382186,54.99628764050224,50.56487038787271,49.105081763520595,51.051439844975995
시흥5동,1118061,4400,1768,426,241534270.8045977,0.41400653125567694,1.1947342163863188,0.3449341115338942,-0.19201517737406065,54.14006531255677,61.94734216386319,53.44934111533894,48.079848226259394,52.389889693734474
신길1동,1119063,3326,953,273,396316167.8453608,-0.2901912061793465,0.04562479721001568,-0.3237386480150963,0.6457871300638413,47.09808793820653,50.45624797210016,46.76261351984904,56.457871300638416,52.32372332305917
신길3동,1119065,3144,811,299,180976079.7453988,-0.40952452853798177,-0.15458813226610096,-0.21010798299369923,-0.5198041060127921,45.90475471462018,48.45411867733899,47.89892017006301,44.80195893987208,46.048766202652274
신길4동,1119066,2335,707,216,122412528.66037735,-0.9399677031980692,-0.30122295385424275,-0.5728520290235437,-0.8367964621529085,40.600322968019306,46.98777046145757,44.27147970976456,41.63203537847092,42.69287707731497
신길5동,1119067,2047,577,175,258400313.32258064,-1.128802850666679,-0.48451648083941995,-0.7520388469419007,-0.10072278718458974,38.71197149333321,45.1548351916058,42.479611530580996,48.9927721281541,45.45082796259733
신길6동,1119068,3329,529,283,231487334.04745764,-0.28822417339321516,-0.5521940908031776,-0.28003454608378975,-0.24639716233963996,47.117758266067845,44.47805909196823,47.199654539162104,47.5360283766036,46.87518300000507
신길7동,1119069,2568,289,199,145441754.13333333,-0.7871948234752011,-0.8905821406219664,-0.6471490023067649,-0.7121440408515401,42.12805176524799,41.094178593780335,43.528509976932355,42.878559591484596,42.49743514982
신내1동,1107069,6797,2097,763,884181044.638191,1.9856657273746259,1.658607834679575,1.8177623466189254,3.286498526612349,69.85665727374626,66.58607834679574,68.17762346618926,82.86498526612348,75.57859073177391
신내2동,1107070,4101,1440,725,525781375.81632656,0.217958930237919,0.7322705483006411,1.6516867592799604,1.3465554501629124,52.17958930237919,57.32270548300641,66.5168675927996,63.46555450162913,60.51477701991648
신당5동,1102065,1824,511,175,336954759.3,-1.275018954435776,-0.5775731945395868,-0.7520388469419007,0.32447613696385597,37.24981045564224,44.22426805460413,42.479611530580996,53.24476136963856,47.121541126826074
신당동,1102069,1471,440,139,142865310.53435114,-1.5064731456038982,-0.6776796592776452,-0.9093736138946042,-0.7260897957071123,34.935268543961016,43.22320340722355,40.90626386105396,42.73910204292888,41.03394830915251
신대방1동,1120069,3920,597,294,295578047.31092435,0.09928128547466088,-0.4563174766878542,-0.2319600339593525,0.10051257635759438,50.99281285474661,45.43682523312146,47.68039966040647,51.00512576357595,49.61261982608436
신대방2동,1120070,3214,589,283,386354241.3357143,-0.36362709686158357,-0.46759707834848047,-0.28003454608378975,0.5918652879371057,46.36372903138417,45.32402921651519,47.199654539162104,55.91865287937106,51.063734176247785
신도림동,1117051,4740,188,327,277574850.8910891,0.6369369136838967,-1.0329871115873732,-0.08773649758604084,0.003065007939283177,56.36936913683897,39.67012888412627,49.12263502413959,50.030650079392835,49.37180079980376
신림동,1121069,1992,846,198,301851584.56122446,-1.1648651184124204,-0.10523987500086095,-0.6515194124998955,0.13446993238298832,38.351348815875795,48.94760124999139,43.484805875001044,51.344699323829886,47.34405037821372
신사1동,1112065,4965,1099,442,417612060.9326923,0.7844643726437479,0.2514775275164455,0.4148606746239847,0.7610573826491187,57.84464372643748,52.51477527516445,54.14860674623985,57.61057382649119,56.33287717496685
신사2동,1112066,3866,1119,341,210136407.3703704,0.06387469532429657,0.2796765316680112,-0.026550754882211647,-0.3619653003324844,50.638746953242965,52.79676531668011,49.734492451177886,46.38034699667516,48.774168375802425
관악구 신사동,1121068,3604,1249,325,170320514.60966542,-0.10791283466450803,0.4629700586531884,-0.09647731797230215,-0.5774804701642225,48.92087165335492,54.62970058653188,49.035226820276975,44.225195298357775,47.586372935027576
강남구 신사동,1123051,3032,246,156,346582939.3649123,-0.4829604192202189,-0.9512099995478327,-0.8350766406113831,0.37659147880313265,45.17039580779781,40.48790000452168,41.649233593886166,53.765914788031324,48.20857325560229
신수동,1114063,3242,410,220,284954117.60162604,-0.3452681241910243,-0.7199781655049937,-0.5553703882510211,0.04300744820837602,46.54731875808976,42.80021834495006,44.44629611748979,50.43007448208376,47.57032621771232
신원동,1121065,3262,1123,320,104555398.81981982,-0.332154572283482,0.28531633249832433,-0.11832936893795544,-0.9334534024713056,46.67845427716518,52.85316332498324,48.81670631062045,40.66546597528694,45.019815713776126
신월1동,1115057,4260,1804,452,136564943.40189874,0.3222116679028806,1.2454924238591372,0.45856477655529126,-0.7601923763201694,53.22211667902881,62.454924238591374,54.58564776555291,42.3980762367983,49.59627916665252
신월2동,1115058,3918,785,328,248821488.95726496,0.09796993028390664,-0.1912468376631364,-0.08336608739291018,-0.15257097685815588,50.979699302839066,48.08753162336863,49.166339126070895,48.47429023141844,48.99419540112541
신월3동,1115059,3022,1516,332,140487674.11659193,-0.48951719517399,0.8394267640765908,-0.06588444662038756,-0.7389594485226637,45.1048280482601,58.394267640765904,49.341155533796126,42.61040551477336,46.71280964589725
신월4동,1115060,3312,414,300,223759288.8013245,-0.29937069251462617,-0.7143383646746806,-0.20573757280056856,-0.2882274684864223,47.00629307485374,42.856616353253195,47.94262427199431,47.11772531513578,46.452857168357234
신월5동,1115061,2467,767,253,215947514.9615385,-0.8534182606082898,-0.21662594139954555,-0.41114685187770944,-0.3305109801456193,41.4658173939171,47.833740586004545,45.888531481222905,46.69489019854381,45.74757961575899
신월6동,1115062,1846,268,155,302762133.6056338,-1.2605940473374795,-0.9201910949811104,-0.8394470508045138,0.1393985455155733,37.394059526625206,40.79808905018889,41.60552949195486,51.393985455155736,45.51616140318032
신월7동,1115063,4406,1072,391,167648500.42975205,0.41794059682793966,0.21340887191183172,0.19196975477432118,-0.5919435287533589,54.1794059682794,52.13408871911832,51.91969754774321,44.08056471246641,48.48959126920269
신정1동,1115064,2720,263,176,164662160.83408073,-0.6875318289778793,-0.9272408460190018,-0.74766843674877,-0.6081079656279612,43.12468171022121,40.72759153980998,42.5233156325123,43.91892034372039,43.02713948743522
신정2동,1115065,2625,711,307,207118223.52941176,-0.7498212005387054,-0.29558315302392957,-0.17514470144865396,-0.3783021035024377,42.50178799461295,47.044168469760706,48.24855298551346,46.216978964975624,45.872645686807715
신정3동,1115066,7530,2380,884,280709750.9228972,2.4662774047860525,2.05762374342423,2.346581979987735,0.020033571643760316,74.66277404786052,70.5762374342423,73.46581979987735,50.2003357164376,61.56679169376797
신정4동,1115072,5878,1758,571,359456721.3006682,1.3830980172230556,1.180634714310536,0.9786435895378394,0.4462745904423974,63.830980172230554,61.806347143105356,59.78643589537839,54.462745904423976,58.28698422362383
신정6동,1115069,2823,77,166,332416214.51111114,-0.6199970366540363,-1.189491584628563,-0.7913725386800765,0.2999099353004924,43.80002963345964,38.10508415371437,42.08627461319924,52.99909935300492,47.188729656744314
신정7동,1115070,5000,1781,501,233663748.7910448,0.807413088481947,1.2130635690848366,0.6727148760186934,-0.23461668071368477,58.07413088481947,62.130635690848365,56.727148760186935,47.653833192863154,53.4054976143173
신촌동,1113075,2124,534,189,600580122.3128964,-1.0783156758226409,-0.5451443397652862,-0.6908531042380714,1.751425551940933,39.21684324177359,44.54855660234714,43.091468957619284,67.51425551940933,54.782927433172546
쌍문1동,1110051,4614,1275,393,179878153.76842105,0.55432153666638,0.49962876405022383,0.2007105751605825,-0.5257469516200255,55.5432153666638,54.99628764050224,52.00710575160583,44.74253048379975,49.60514687127126
쌍문2동,1110052,3908,1060,350,328237429.37593985,0.09141315433013547,0.1964894694208923,0.012782936855964263,0.2772910380297625,50.91413154330135,51.96489469420892,50.127829368559645,52.772910380297624,51.9291167413656
쌍문3동,1110053,3460,939,291,359418588.9876033,-0.20233040839881286,0.025885494303919673,-0.24507126453874448,0.4460681881402905,47.97669591601187,50.258854943039196,47.54928735461255,54.460681881402905,51.56464065826225
쌍문4동,1110054,3072,360,234,451957370.3148148,-0.4567333154051342,-0.790475675883908,-0.49418464554719194,0.946961419233144,45.43266684594866,42.09524324116092,45.05815354452808,59.46961419233144,51.82027722562462
아현동,1114078,3155,524,236,193942936.15800416,-0.4023120749888335,-0.5592438418410691,-0.4854438251609306,-0.44961720153367396,45.976879250111665,44.407561581589306,45.14556174839069,45.50382798466326,45.36180833768093
안암동,1108060,2112,482,242,496275765.5318182,-1.0861838069671663,-0.6184617505593571,-0.45922136400214664,1.186847701056992,39.13816193032834,43.81538249440643,45.40778635997853,61.86847701056992,52.10553612286907
암사1동,1125072,6063,1922,630,129034820.47552449,1.5043983723678223,1.411866548353375,1.236497790932548,-0.8009513699985189,65.04398372367822,64.11866548353375,62.36497790932548,41.99048630001481,53.02042859302714
암사2동,1125058,2379,170,195,705624696.3548387,-0.9111178890014762,-1.0583662153237825,-0.6646306430792875,2.320010045339367,40.88882110998524,39.416337846762175,43.353693569207124,73.20010045339367,57.09488526802815
암사3동,1125059,2670,133,207,452388177.1851852,-0.7203157087467351,-1.110534373004179,-0.6121857207617196,0.9492932874745661,42.79684291253265,38.89465626995821,43.8781427923828,59.49293287474566,50.5971677161699
압구정동,1123077,5173,152,180,263669311.86605784,0.9208453124821883,-1.0837453190601916,-0.7301867959762474,-0.07220279084128621,59.20845312482189,39.16254680939808,42.698132040237525,49.27797209158714,48.671388867432306
약수동,1102071,3823,944,316,337498247.20851064,0.03568055872308055,0.0329352453418111,-0.13581100971047808,0.3274179242950636,50.3568055872308,50.32935245341811,48.64188990289522,53.27417924295064,51.59632365613155
양재1동,1122066,6995,2293,914,235205628.8646465,2.115489891259295,1.9349580753649192,2.477694285781655,-0.22627080365600913,71.15489891259296,69.34958075364919,74.77694285781655,47.73729196343991,59.58292025335423
양재2동,1122067,2977,678,267,203657555.44277108,-0.5190226869659603,-0.342111509874013,-0.34996110917388024,-0.3970339821245269,44.809773130340396,46.57888490125987,46.5003889082612,46.02966017875473,45.94063818669858
양평1동,1119061,2396,314,225,174650410.08695653,-0.8999713698800651,-0.8553333854325091,-0.5335183372853678,-0.5540436439513737,41.00028630119935,41.44666614567491,44.66481662714632,44.45956356048626,43.266107694369396
양평2동,1119062,2535,278,194,133693101.77248678,-0.8088321841226459,-0.9060915929053275,-0.6690010532724182,-0.7757370594499021,41.91167815877354,40.93908407094673,43.30998946727582,42.24262940550098,42.08173873033036
여의동,1119054,6230,135,283,401365595.8072289,1.6138965307958006,-1.1077144725890224,-0.28003454608378975,0.6731186363870933,66.138965307958,38.92285527410978,47.199654539162104,56.73118636387093,54.30484273389155
역삼1동,1123064,3706,1075,238,460372593.4304348,-0.04103371993604212,0.2176387225345666,-0.47670300477466926,0.9925112766690848,49.58966280063958,52.176387225345664,45.232969952253306,59.925112766690845,54.66547795194049
역삼2동,1123065,3665,570,218,253225298.94444445,-0.06791650134650391,-0.4943861322924679,-0.5641112086372824,-0.12873406673290147,49.32083498653496,45.056138677075324,44.35888791362718,48.71265933267099,47.65018192133407
역촌동,1112074,8445,2368,795,214694946.48131868,3.0662224045561146,2.040704340933291,1.9576154727991064,-0.3372908735505682,80.66222404556115,70.40704340933291,69.57615472799107,46.62709126449432,60.46424237899153
연남동,1114071,2413,271,162,115049479.34375,-0.8888248507586541,-0.9159612443583754,-0.8088541794525992,-0.8766511210322014,41.11175149241346,40.840387556416246,41.911458205474005,41.233488789677985,41.22509479137878
연희동,1113076,6114,929,467,163238789.08746356,1.5378379297320552,0.01178599222813681,0.5241209294522511,-0.6158123816898972,65.37837929732055,50.11785992228137,55.24120929452251,43.84187618310103,50.672390599229175
염리동,1114061,2101,405,187,176932225.3768116,-1.0933962605163146,-0.7270279165428851,-0.6995939246243328,-0.5416926510281885,39.066037394836854,42.72972083457115,43.004060753756676,44.58307348971812,42.957952964095966
염창동,1116051,4422,233,355,160216438.83139536,0.4284314383539735,-0.9695393522463503,0.034634987821617544,-0.6321717368007381,54.28431438353974,40.304606477536495,50.346349878216174,43.678282631992616,46.04260406105016
영등포동,1119074,3418,1635,368,321282180.0548112,-0.22986886740465176,1.007210838778407,0.09145032033231608,0.23964371594975933,47.70131132595348,60.07210838778407,50.914503203323164,52.396437159497594,52.6154127132171
영등포본동,1119073,4225,1020,351,117832096.98275864,0.2992629520646815,0.14009146111776086,0.017153347049094922,-0.8615893888577671,52.992629520646815,51.40091461117761,50.17153347049095,41.38410611142233,46.55718070060798
오금동,1124060,6393,1605,582,190051623.86311787,1.7207719788422708,0.9649123325510582,1.0267181016622766,-0.4706800679408393,67.20771978842271,59.64912332551059,60.267181016622764,45.293199320591604,54.060137827022544
오류1동,1117067,4015,1099,377,291671361.85365856,0.16157065703548698,0.2514775275164455,0.130784012070492,0.07936649821081086,51.61570657035487,52.51477527516445,51.30784012070492,50.79366498210811,51.32353949336692
오류2동,1117073,7128,1774,831,277008598.28104544,2.2026950114444515,1.2031939176317887,2.1149502397518103,-3.2262758036676246e-16,72.02695011444452,62.03193917631789,71.1495023975181,50.0,59.1546671784343
오륜동,1124059,2856,9,134,694752075.8518518,-0.5983596760065915,-1.2853681987438865,-0.9312256648602576,2.2611588055015446,44.016403239934085,37.14631801256114,40.68774335139742,72.61158805501545,56.695648246617424
옥수동,1104073,4097,532,242,112661253.33519553,0.21533621985641055,-0.5479642401804428,-0.45922136400214664,-0.8895780931064822,52.1533621985641,44.520357598195574,45.40778635997853,41.10421906893518,44.449817848861954
왕십리2동,1104052,2552,549,210,105895878.92513368,-0.797685665001235,-0.523995086651612,-0.5990744901823277,-0.9261976616722973,42.02314334998765,44.76004913348388,44.00925509817672,40.738023383277024,42.10780584726781
왕십리도선동,1104071,3801,921,370,134788444.04310346,0.021255651624783975,0.0005063905675105202,0.1001911407185774,-0.769808198909349,50.21255651624784,50.00506390567511,51.00191140718577,42.30191801090651,46.31959541809419
용강동,1114059,2956,431,194,61469753.248908296,-0.5327919164688797,-0.6903692111458497,-0.6690010532724182,-1.1666670661289797,44.672080835311206,43.0963078885415,43.30998946727582,38.3333293387102,41.056683400321575
용답동,1104070,2180,918,229,145506025.1418182,-1.0415977304815223,-0.003723460055224338,-0.5160366965128452,-0.7117961552122021,39.58402269518478,49.962765399447754,44.83963303487155,42.88203844787798,43.706261837238245
용문동,1103059,2148,441,168,134741015.52903226,-1.0625794135335902,-0.6762697090700669,-0.7826317182938153,-0.7700649196195024,39.3742058646641,43.23730290929933,42.173682817061845,42.29935080380498,41.86275493609542
용산2가동,1103052,2041,605,155,340548087.8666667,-1.1327369162389416,-0.4450378750272279,-0.8394470508045138,0.34392607925098934,38.67263083761058,45.54962124972772,41.60552949195486,53.43926079250989,47.62603146897377
용신동,1106081,5732,1680,464,333492232.8470097,1.2873690882979965,1.0706585981194296,0.5110096988728591,0.3057341993901353,62.873690882979965,60.706585981194294,55.11009698872859,53.05734199390135,56.61582384384675
우이동,1109074,4864,1220,368,185465898.44444445,0.7182409355106592,0.4220815026334181,0.09145032033231608,-0.49550164856812307,57.18240935510659,54.22081502633418,50.914503203323164,45.04498351431877,49.81192915820458
우장산동,1116074,5829,694,442,280347536.9039735,1.3509698150495768,-0.31955230655276046,0.4148606746239847,0.018072982281292997,63.509698150495765,46.8044769344724,54.14860674623985,50.18072982281293,52.75166384831827
원효로1동,1103072,1980,388,191,166146974.34439835,-1.1727332495569458,-0.750997070071716,-0.6821122838518101,-0.6000709780419293,38.272667504430544,42.49002929928284,43.1788771614819,43.99929021958071,42.48729338323619
원효로2동,1103057,2302,457,159,119735014.7920792,-0.9616050638455141,-0.6537105057488143,-0.8219654100319912,-0.8512892894146546,40.38394936154486,43.46289494251186,41.780345899680086,41.487107105853454,41.64889327763528
월계1동,1111051,4239,892,348,244636306.50212765,0.30844243839996116,-0.040382165452259776,0.00404211646970295,-0.17522450149507923,53.08442438399961,49.596178345477405,50.04042116469703,48.247754985049205,49.6751462253702
월계2동,1111052,5875,3136,1138,156433775.27741936,1.3811309844369242,3.123546100353414,3.4566661690429217,-0.6526465101067387,63.81130984436924,81.23546100353414,84.56666169042921,43.47353489893261,59.286067805262284
월계3동,1111053,6149,2079,905,415332849.3428571,1.5607866455702541,1.633228730943166,2.4383605940434787,0.7487204830141425,65.60786645570255,66.33228730943166,74.38360594043479,57.48720483014142,62.77127672791611
월곡1동,1108071,4738,1018,430,183519787.797066,0.6356255584931424,0.13727156070260427,0.3624157523064168,-0.5060355418855937,56.356255584931425,51.372715607026045,53.62415752306417,44.939644581144066,49.4343183291709
월곡2동,1108072,3619,748,295,249618083.07782105,-0.09807767073385128,-0.24341499534353297,-0.22758962376622185,-0.14825917809452144,49.019223292661486,47.56585004656467,47.72410376233778,48.517408219054786,48.352085496500735
위례동,1124082,3062,1090,466,162219135.32142857,-0.46329009135890536,0.2387879756482409,0.5197505192591204,-0.6213315560526903,45.367099086410946,52.387879756482405,55.1975051925912,43.7866844394731,47.034329143477066
은천동,1121078,5911,1638,618,161447950.8328767,1.4047353778705005,1.0114406894011416,1.1840528686149803,-0.6255058177481578,64.047353778705,60.11440689401142,61.8405286861498,43.74494182251842,52.932028959220936
을지로동,1102060,472,148,17,442227879.95801526,-2.161495063385638,-1.0893851198905047,-1.4425636574565444,0.8942977057952946,28.38504936614362,39.10614880109495,35.574363425434555,58.942977057952945,46.43886987057613
응봉동,1104058,2548,230,183,69584426.64556962,-0.8003083753827434,-0.9737692028690852,-0.7170755653968554,-1.1227440219887637,41.99691624617257,40.26230797130915,42.829244346031444,38.77255978011236,40.185222577523724
응암1동,1112059,5170,1155,458,253029819.610989,0.9188782796960568,0.3304347391408295,0.48478723771407517,-0.12979215582314088,59.18878279696057,53.30434739140829,54.84787237714075,48.70207844176859,52.373040620915454
응암2동,1112060,4000,1081,364,268017383.6538461,0.15173549310483023,0.2260984237800363,0.07396867955979346,-0.04866758002942176,51.5173549310483,52.260984237800365,50.73968679559793,49.513324199705785,50.54826617712736
응암3동,1112073,5583,1914,440,221399961.91036907,1.1896731265868061,1.4005869466927487,0.40611985423772334,-0.300998015630719,61.89673126586806,64.00586946692749,54.061198542377234,46.99001984369281,53.833033149529484
이문1동,1106089,3157,743,267,161125681.34461537,-0.4010007197980793,-0.2504647463814244,-0.34996110917388024,-0.6272501956505109,45.98999280201921,47.495352536185756,46.5003889082612,43.72749804349489,45.185982889516445
이문2동,1106090,3990,1009,353,204008606.77595627,0.14517871715105904,0.12458200883439971,0.025894167435356233,-0.3951338140648587,51.45178717151059,51.245820088344,50.258941674353565,46.04866185935141,48.565074588732216
이촌1동,1103063,4342,68,190,360511666.9955157,0.3759772307238042,-1.2021811364967676,-0.6864826940449408,0.4519847926964257,53.759772307238045,37.978188635032325,43.135173059550596,54.51984792696426,50.049958068504225
이촌2동,1103064,1793,174,130,56228416.75362319,-1.2953449598924667,-1.0527264144934692,-0.9487073056327802,-1.1950373335424351,37.046550401075336,39.47273585506531,40.5129269436722,38.04962666457565,38.40596805509834
이태원1동,1103065,1393,254,89,248267153.2786885,-1.5576159980433133,-0.9399303978872063,-1.127894123551137,-0.15557148091893896,34.42384001956687,40.60069602112794,38.72105876448863,48.44428519081061,43.05216474857715
이태원2동,1103066,1851,276,100,216581580.29752067,-1.2573156593605939,-0.908911493320484,-1.0798196114266998,-0.32707891598496136,37.42684340639406,40.91088506679516,39.201803885733,46.72921084015039,42.909604473759785
이화동,1101064,1360,288,102,523293874.91612905,-1.5792533586907582,-0.8919920908295447,-1.0710787910404387,1.3330911236894458,34.20746641309242,41.080079091704555,39.289212089595615,63.33091123689446,50.60711425331346
인수동,1109075,6978,2118,644,166439173.76774195,2.104343372137884,1.688216789038719,1.2976835336363772,-0.5984893631645459,71.04343372137885,66.8821678903872,62.97683533636377,44.01510636835454,55.79272372631627
인헌동,1121062,4023,761,320,207380115.4845815,0.1668160777985039,-0.22508564264501527,-0.11832936893795544,-0.3768845366646127,51.66816077798504,47.749143573549844,48.81670631062045,46.231154633353874,47.90739788647272
일원1동,1123073,3298,1696,576,450410655.8701299,-0.30855017884990577,1.0932178014406824,1.0004956405034926,0.9385893747274271,46.91449821150094,60.93217801440682,60.004956405034925,59.38589374727427,57.239597219087884
일원2동,1123074,3420,1311,642,501057731.4509804,-0.22855751221389753,0.5503869715230422,1.2889427132501161,1.2127314908138034,47.71442487786103,55.50386971523042,62.88942713250116,62.12731490813803,58.18089802136919
일원본동,1123072,3088,125,417,1918106025.747899,-0.4462424738791003,-1.1218139746648053,0.3056004197957183,8.882920016802995,45.537575261209,38.78186025335195,53.05600419795718,138.82920016802996,91.94094120533802
자양1동,1105064,3479,1294,333,257945302.6886544,-0.18987253408664764,0.5264178179942113,-0.0615140364272569,-0.10318566537836064,48.10127465913352,55.264178179942114,49.38485963572743,48.968143346216394,49.948665240890705
자양2동,1105065,4022,883,361,167285089.65919283,0.16616040020312678,-0.053071717320464354,0.060857448980401484,-0.593910595884227,51.66160400203127,49.46928282679536,50.60857448980401,44.06089404115773,47.34596412689981
자양3동,1105066,4262,381,263,156028643.57006368,0.32352302309363484,-0.760866721524764,-0.36744274994640286,-0.6548394040157044,53.235230230936345,42.39133278475236,46.32557250053597,43.45160595984296,45.58202882600741
자양4동,1105067,3732,1001,274,201338143.93442625,-0.023986102456237085,0.11330240717377342,-0.31936823782196566,-0.40958847558106826,49.76013897543763,51.13302407173774,46.806317621780344,45.90411524418932,47.70315433245883
잠실2동,1124079,3706,33,193,720189510.0,-0.04103371993604212,-1.2515293937620076,-0.6733714634655489,2.398846360907366,49.58966280063958,37.48470606237993,43.26628536534451,73.98846360907366,58.880273596249296
잠실3동,1124080,5796,54,241,293066707.57419354,1.329332454402132,-1.2219204394028635,-0.4635917741952773,0.08691921520606734,63.29332454402132,37.78079560597136,45.364082258047226,50.86919215206068,50.375410498135494
잠실4동,1124075,2802,31,181,652082144.6981132,-0.6337662661569557,-1.2543492941771641,-0.7258163857831167,2.030195317766258,43.66233733843044,37.45650705822836,42.741836142168836,70.30195317766258,55.78106230947844
잠실6동,1124077,2832,34,140,447953033.1267605,-0.6140959382956422,-1.2501194435544294,-0.9050032037014737,0.925286772520242,43.859040617043576,37.49880556445571,40.94996796298526,59.25286772520242,50.079278955162835
잠실7동,1124078,2156,11,69,325811600.4814815,-1.0573339927705732,-1.28254829832873,-1.2153023274137502,0.2641605293327958,39.42666007229427,37.1745170167127,37.8469767258625,52.641605293327956,45.44254722978037
잠실본동,1124071,3783,949,274,337479933.4736842,0.009453454907995873,0.039984996379702535,-0.31936823782196566,0.3273187958466549,50.09453454907996,50.399849963797024,46.806317621780344,53.27318795846655,51.32626433543629
잠원동,1122055,3327,254,195,264370846.2992701,-0.2895355285839694,-0.9399303978872063,-0.6646306430792875,-0.0684055304501852,47.10464471416031,40.60069602112794,43.353693569207124,49.315944695498146,46.60323479042941
장안1동,1106087,6516,1620,601,192884733.55592653,1.801420323073656,0.9860615856647326,1.109755895331759,-0.45534503275106725,68.01420323073657,59.86061585664733,61.09755895331759,45.446549672489326,54.43891812646996
장안2동,1106088,5211,1366,479,177189383.27104378,0.9457610611065187,0.6279342329398478,0.576565851769819,-0.5403007086803902,59.457610611065185,56.279342329398474,55.76565851769819,44.5969929131961,51.009610801168094
장위1동,1108076,4067,2013,408,80785014.19672132,0.19566589199509704,1.5401720172429991,0.26626672805754237,-1.0621175645384857,51.95665891995097,65.40172017242999,52.66266728057543,39.37882435461514,48.10887840154494
장위2동,1108077,3118,1076,242,138782049.2245509,-0.4265721460177868,0.21904867274214487,-0.45922136400214664,-0.7481916423224281,45.73427853982213,52.19048672742145,45.40778635997853,42.51808357677572,45.21520596864836
장위3동,1108078,2128,593,228,128436267.92920354,-1.0756929654411325,-0.46195727751816734,-0.5204071067059759,-0.8041912107939735,39.24307034558868,45.38042722481833,44.79592893294024,41.95808789206026,42.368723896108605
장지동,1124081,4362,1680,616,284130235.3592814,0.3890907826313465,1.0706585981194296,1.175312048228719,0.03854794450096474,53.890907826313466,60.706585981194294,61.75312048228719,50.38547944500965,54.313713894762415
장충동,1102058,861,157,64,83722496.96666667,-1.9064364787839394,-1.0766955680223,-1.2371543783794035,-1.0462175795287971,30.935635212160605,39.233044319777,37.62845621620596,39.53782420471203,37.52537892777485
전농1동,1106083,5651,1837,516,503194871.2214022,1.2342592030724502,1.2920207807092206,0.7382710289156533,1.2242993851555115,62.342592030724504,62.920207807092204,57.382710289156535,62.24299385155511,61.773890484308154
전농2동,1106084,3662,805,339,561063477.8014706,-0.06988353413263526,-0.16304783351157068,-0.03529157526847296,1.537530150819465,49.30116465867365,48.369521664884296,49.64708424731527,65.37530150819465,57.218435508101216
정릉1동,1108062,3118,423,223,166436947.77470356,-0.4265721460177868,-0.701648812806476,-0.5422591576716291,-0.5985014120031993,45.73427853982213,42.98351187193524,44.57740842328371,44.01498587996801,44.248639278447556
정릉2동,1108063,4448,758,322,118591561.24855492,0.44547905583377856,-0.22931549326775014,-0.10958854855169413,-0.8574785662973408,54.454790558337784,47.7068450673225,48.904114514483055,41.42521433702659,46.06527748127267
정릉3동,1108064,3279,755,254,214807704.96296296,-0.321008053162071,-0.23354534389048498,-0.40677644168457877,-0.3366805352751568,46.78991946837929,47.66454656109515,45.93223558315421,46.63319464724843,46.757406313386
정릉4동,1108065,4855,850,357,232721517.70781893,0.7123398371522651,-0.0996000741705478,0.04337580820787886,-0.2397167821516356,57.123398371522654,49.00399925829452,50.43375808207879,47.602832178483645,50.10601539400774
제기동,1106082,5787,1577,443,146989968.54905337,1.323431356043738,0.9254337267388663,0.41923108481711535,-0.703763877313699,63.23431356043738,59.254337267388664,54.192310848171154,42.96236122686301,51.2715912033334
조원동,1121072,2881,724,238,191023532.8376384,-0.5819677361221635,-0.27725380032541186,-0.47670300477466926,-0.4654193262324051,44.180322638778364,47.22746199674588,45.232969952253306,45.34580673767595,45.42789499005584
종로1.2.3.4가동,1101061,1960,786,150,494599476.7284235,-1.185846801464488,-0.1898368874555581,-0.8612991017701671,1.1777742974208643,38.141531985355115,48.10163112544442,41.387008982298326,61.77774297420864,52.108339453915406
종로5.6가동,1101063,1057,319,95,851148706.4264706,-1.7779236700900245,-0.8482836343946177,-1.1016716623923533,3.107701330667915,32.22076329909976,41.517163656053825,38.98328337607647,81.07701330667915,59.12107337497851
종암동,1108084,6760,1401,553,160755562.35146442,1.9614056563456725,0.6772824902050879,0.8999762060614875,-0.6292535729990053,69.61405656345673,56.77282490205088,58.99976206061488,43.70746427000995,53.08675806313208
중계1동,1111061,2382,787,289,349201589.5652174,-0.9091508562153447,-0.18842693724797982,-0.2538120849250058,0.3907656892381589,40.90849143784655,48.1157306275202,47.461879150749944,53.90765689238159,49.488514487419884
중계2.3동,1111078,7438,4920,1662,303058824.238342,2.405955066011358,5.638897270673077,5.746761110243386,0.14100447037778552,74.05955066011359,106.38897270673077,107.46761110243386,51.41004470377786,72.56845409539376
중계4동,1111064,4006,1832,715,351074253.8509317,0.15566955867709292,1.2849710296713293,1.607982657348654,0.4009020326324696,51.55669558677093,62.84971029671329,66.07982657348654,54.009020326324695,56.574526904127175
중계본동,1111060,2535,616,320,262531890.67222223,-0.8088321841226459,-0.42952842274386677,-0.11832936893795544,-0.0783594158661965,41.91167815877354,45.70471577256133,48.81670631062045,49.21640584133804,47.09095210144952
중곡1동,1105055,2537,989,249,388329807.56542057,-0.8075208289318917,0.09638300468283398,-0.42862849265023206,0.6025586182127285,41.924791710681085,50.96383004682834,45.71371507349768,56.025586182127284,51.030636075582024
중곡2동,1105056,3291,935,302,381430125.8787879,-0.3131399220175456,0.020245693473606528,-0.19699675241430725,0.565212072213712,46.86860077982455,50.20245693473606,48.03003247585693,55.65212072213712,51.98896454009439
중곡3동,1105057,2863,1204,286,146290711.13229573,-0.5937699328389516,0.3995222993121655,-0.26692331550439774,-0.7075488126869768,44.06230067161049,53.99522299312166,47.330766844956024,42.92451187313023,45.640225950303005
중곡4동,1105058,5150,1534,475,195338957.0705394,0.9057647277885146,0.864805867813,0.5590842109972963,-0.44206082986415257,59.057647277885145,58.64805867813,55.59084210997296,45.579391701358475,51.813490838675634
중림동,1102068,2077,622,186,220713385.7375,-1.1091325228053655,-0.421068721498397,-0.7039643348174635,-0.304714310060875,38.908674771946345,45.78931278501603,42.960356651825364,46.95285689939125,44.641337722940875
중앙동,1121061,2351,608,204,312569274.7592593,-0.9294768616720354,-0.44080802440449307,-0.6252969513411116,0.19248256661212806,40.705231383279646,45.59191975595507,43.74703048658888,51.92482566612128,47.550423877832316
중화1동,1107061,3701,1105,321,138872185.5490196,-0.0443121079129277,0.25993722876191516,-0.11395895874482478,-0.7477037530920488,49.55687892087072,52.599372287619154,48.86041041255175,42.52296246907951,46.48529847061622
중화2동,1107062,5043,2511,521,205802036.1852861,0.8356072250831631,2.2423272206169855,0.7601230798813066,-0.385426352623371,58.35607225083163,72.42327220616986,57.60123079881306,46.14573647376629,54.61830917298083
증산동,1112067,3152,680,260,206270850.34749037,-0.40427910777496484,-0.33929160945885645,-0.3805539805257948,-0.3828887587938364,45.95720892225035,46.607083905411436,46.19446019474205,46.17111241206164,46.207545198270644
진관동,1112071,8314,1592,783,545696951.1935484,2.980328639561712,0.9465829798525406,1.9051705504815386,1.4543543292566072,79.80328639561712,59.465829798525405,69.05170550481539,64.54354329256607,67.27041232825033
창1동,1110059,4615,613,351,452120995.1203704,0.5549772142617571,-0.4337582733666016,0.017153347049094922,0.9478470863703833,55.54977214261757,45.66241726633398,50.17153347049095,59.47847086370383,55.111554565795245
창2동,1110060,5281,1291,470,289916529.4148936,0.9916584927829168,0.5221879673714764,0.5372321600316431,0.06986795416610937,59.91658492782917,55.22187967371477,55.37232160031643,50.69867954166109,53.918025899336016
창3동,1110061,2940,1153,284,152420411.9236948,-0.5432827579949135,0.32761483872567293,-0.2756641358906591,-0.6743700135824174,44.567172420050866,53.27614838725673,47.24335864109341,43.25629986417582,45.77033021400469
창4동,1110062,4274,351,379,201965836.69333333,0.33139115423816023,-0.8031652277521126,0.13952483245675332,-0.40619090485846676,53.313911542381604,41.968347722478875,51.39524832456753,45.93809095141533,47.400694676188735
창5동,1110063,4377,627,356,596562237.7927272,0.39892594656200325,-0.4140189704605056,0.039005398014748206,1.7296775763289645,53.98925946562003,45.859810295394944,50.390053980147485,67.29677576328965,58.770463323981375
창신1동,1101067,1231,501,96,262142888.87892377,-1.6638357684944063,-0.5916726966153697,-1.0973012521992225,-0.08046500189566025,33.36164231505594,44.083273033846304,39.026987478007776,49.1953499810434,43.86294966920696
창신2동,1101068,1752,491,165,108964568.89041096,-1.3222277413029284,-0.6057721986911525,-0.7957429488732072,-0.9095874793262071,36.77772258697072,43.942278013088476,42.042570511267925,40.90412520673793,40.752827086962085
창신3동,1101069,1201,247,112,133098880.3846154,-1.6835060963557198,-0.9498000493402543,-1.027374689109132,-0.7789534565829367,33.1649390364428,40.50199950659746,39.72625310890868,42.21046543417063,39.791852076642016
천연동,1113052,3224,754,277,364021840.9222222,-0.35707032090781243,-0.23495529409806326,-0.30625700724257365,0.4709846361634467,46.429296790921875,47.65044705901937,46.937429927574264,54.70984636163447,50.84678951527678
천호1동,1125061,5228,1659,529,121780311.6112532,0.9569075802279297,1.0410496437602856,0.7950863614263518,-0.8402185219201325,59.5690758022793,60.41049643760286,57.95086361426352,41.59781478079867,50.52841737921864
천호2동,1125073,5913,2002,597,323206907.9556575,1.4060467330612547,1.524662564959638,1.0922742545592365,0.25006186889496107,64.06046733061254,65.24662564959638,60.922742545592364,52.50061868894961,58.09590511747572
천호3동,1125063,4651,1402,490,322059352.9177489,0.5785816076953333,0.6786924404126662,0.6246403638942561,0.24385039147380907,55.78581607695333,56.786924404126665,56.24640363894256,52.43850391473809,54.3449273983497
청구동,1102072,2721,769,220,199861741.35135132,-0.6868761513825021,-0.213806040984389,-0.5553703882510211,-0.4175799365623334,43.13123848617498,47.86193959015611,44.44629611748979,45.824200634376666,45.46997445738687
청담동,1123078,3733,243,167,312924975.7696246,-0.02333042486085997,-0.9554398501705675,-0.787002128486946,0.19440790241004482,49.7666957513914,40.44560149829432,42.12997871513054,51.944079024100446,48.269606263921325
청량리동,1106080,5226,1741,396,312136956.62880886,0.9555962250371755,1.1566655607817051,0.21382180573997447,0.19014251823332304,59.555962250371756,61.566655607817054,52.13821805739975,51.90142518233323,55.153347029783916
청룡동,1121080,4552,1166,371,154998514.89402696,0.5136695257529987,0.34594419142419064,0.10456155091170806,-0.6604152768938758,55.136695257529986,53.45944191424191,51.045615509117084,43.39584723106124,48.46136694066858
청림동,1121054,2729,620,244,123674262.53921568,-0.6816307306194852,-0.42388862191355364,-0.45048054361588535,-0.8299669583461103,43.18369269380515,45.76111378086446,45.495194563841146,41.7003304165389,43.1819979791619
청운효자동,1101072,2165,229,219,113631581.88829789,-1.0514328944121791,-0.9751791530766635,-0.5597407984441518,-0.8843259058914106,39.48567105587821,40.24820846923336,44.40259201555848,41.15674094108589,41.069265165779235
청파동,1103071,3295,1136,301,229854946.1340996,-0.3105172116360371,0.30364568519684204,-0.20136716260743792,-0.2552329395628958,46.89482788363963,53.036456851968424,47.98632837392562,47.44767060437104,48.38247187474862
충현동,1113073,3410,718,250,827132026.8016877,-0.2351142881676687,-0.28571350157088155,-0.4242580824571014,2.9777040248373705,47.64885711832331,47.14286498429119,45.757419175428986,79.77704024837371,63.38797031703109
평창동,1101056,3435,144,199,238726200.3655914,-0.21872234828324078,-1.0950249207208178,-0.6471490023067649,-0.2072146802760574,47.81277651716759,39.049750792791826,43.528509976932355,47.92785319723943,45.80125203790835
풍납1동,1124051,2737,522,216,187607942.1399177,-0.6763853098564683,-0.5620637422562257,-0.5728520290235437,-0.48390721029716893,43.23614690143532,44.379362577437746,44.27147970976456,45.16092789702831,44.52801674357339
풍납2동,1124052,3821,569,289,614809151.1841432,0.03436920353232631,-0.4957960825000462,-0.2538120849250058,1.8284443341683636,50.343692035323265,45.04203917499954,47.461879150749944,68.28444334168364,58.02605182737514
필동,1102057,901,103,73,310944360.65217394,-1.8802093749688549,-1.1528328792315277,-1.1978206866412275,0.18368724355218408,31.19790625031145,38.47167120768472,38.02179313358772,51.83687243552184,43.6432840708665
하계1동,1111058,4493,2904,1157,544504155.8922414,0.4749845476257488,2.796437652195252,3.5397039627124043,1.4478979756723571,54.74984547625749,77.96437652195252,85.39703962712404,64.47897975672358,67.50785481834548
하계2동,1111059,3229,1241,431,188765905.72549015,-0.35379193293092687,0.4516904569925621,0.36678616249954743,-0.47763939356620994,46.46208067069073,54.51690456992562,53.667861624995474,45.2236060643379,48.153160169168515
한강로동,1103073,3239,410,172,142363273.80092594,-0.3472351569771557,-0.7199781655049937,-0.7651500775212926,-0.7288072164244165,46.527648430228446,42.80021834495006,42.348499224787076,42.71192783575584,43.44509421738825
한남동,1103074,3759,595,180,600402564.7816594,-0.00628280738105493,-0.4591373771030108,-0.7301867959762474,1.7504644698491807,49.93717192618945,45.408626228969894,42.698132040237525,67.5046446984918,57.02353282958322
합정동,1114068,2648,566,184,274745772.140625,-0.7347406158450317,-0.5000259331227811,-0.7127051552037248,-0.012248208595581555,42.65259384154968,44.99974066877219,42.872948447962756,49.877517914044184,46.70335089836251
항동,1117074,1626,598,270,277008598.28104544,-1.404843118320445,-0.45490752648027594,-0.3368498785944883,-3.2262758036676246e-16,35.95156881679555,45.45092473519724,46.63150121405512,50.0,45.97316324377552
행당1동,1104056,2135,423,170,297500761.6531365,-1.0711032222734926,-0.701648812806476,-0.7738908979075539,0.11091983032751469,39.28896777726507,42.98351187193524,42.26109102092446,51.10919830327515,46.217143662294816
행당2동,1104057,3837,861,324,515617071.0641026,0.04486004505836018,-0.08409062188718665,-0.1008477281654328,1.2915381765816705,50.448600450583605,49.159093781128135,48.99152271834567,62.915381765816704,56.2741927245157
행운동,1121057,4384,1040,402,267649809.2991453,0.4035156897296431,0.16829046526932656,0.2400442668987584,-0.05065718377773496,54.03515689729643,51.68290465269327,52.40044266898759,49.49342816222265,51.14830910841538
혜화동,1101073,2695,380,235,200063666.8109589,-0.7039237688623072,-0.7622766717323423,-0.48981423535406127,-0.41648695592813734,42.960762311376925,42.37723328267658,45.101857646459386,45.83513044071863,44.56346571291053
홍은1동,1113066,4586,779,329,94307085.50522648,0.5359625639958207,-0.19970653890860612,-0.07899567719977953,-0.98892539697756,55.35962563995821,48.00293461091394,49.210043228002206,40.1107460302244,45.67906710351406
홍은2동,1113068,5203,1229,490,263651902.36627907,0.9405156403435018,0.4347710545016227,0.6246403638942561,-0.07229702485291715,59.405156403435015,54.34771054501623,56.24640363894256,49.27702975147083,53.06119595666807
홍제1동,1113062,4594,787,311,277020330.2832168,0.5412079847588376,-0.18842693724797982,-0.15766306067613134,6.350289457542059e-05,55.41207984758837,48.1157306275202,48.42336939323869,50.00063502894575,50.55590751796142
홍제2동,1113065,2751,599,210,97709330.65789472,-0.6672058235211886,-0.4534975762726976,-0.5990744901823277,-0.9705097495803441,43.327941764788115,45.46502423727303,44.00925509817672,40.29490250419656,42.27057573385078
홍제3동,1113064,3649,752,262,342119905.2865497,-0.07840734287253778,-0.23777519451321985,-0.3718131601395335,0.35243400095518107,49.21592657127462,47.6222480548678,46.281868398604665,53.52434000955181,50.724482278458275
화곡1동,1116073,8430,1971,691,150912423.68835098,3.0563872406254577,1.480954108524711,1.5030928127135181,-0.6825324411486562,80.56387240625457,64.8095410852471,65.03092812713518,43.17467558851344,57.17064798131777
화곡2동,1116057,2876,935,261,245008591.8125,-0.5852461240990491,0.020245693473606528,-0.3761835703326642,-0.17320939832075227,44.14753875900951,50.20245693473606,46.23816429667336,48.26790601679248,47.52866126086112
화곡3동,1116058,4096,677,296,258541935.05952385,0.21468054226103345,-0.3435214600815913,-0.22321921357309119,-0.09995621809438703,52.146805422610335,46.56478539918409,47.76780786426909,49.00043781905613,49.049393421940984
화곡4동,1116059,3845,1228,355,153482973.44217688,0.050105465821377114,0.4333611042940444,0.034634987821617544,-0.6686185884545515,50.50105465821377,54.33361104294045,50.346349878216174,43.313814115454484,47.55879365666159
화곡6동,1116061,3948,1019,397,265192211.7837838,0.11764025814522015,0.13868151091018258,0.21819221593310512,-0.06395964943094559,51.1764025814522,51.386815109101825,52.18192215933105,49.36040350569054,50.43091518314491
화곡8동,1116063,4444,1145,353,321822820.36744183,0.4428563454522701,0.3163352370650466,0.025894167435356233,0.24257008983505046,54.4285634545227,53.163352370650465,50.258941674353565,52.425700898350506,52.68451751423782
화곡본동,1116055,4900,1904,520,264120315.97435895,0.7418453289442354,1.386487444616966,0.7557526696881759,-0.06976159913978427,57.418453289442354,63.86487444616966,57.55752669688176,49.30238400860216,54.50592652737946
화양동,1105053,2328,730,185,349315041.5323741,-0.944557446365709,-0.2687940990799421,-0.7083347450105941,0.39137978120682254,40.55442553634291,47.31205900920058,42.91665254989406,53.913797812068225,48.71197590864955
황학동,1102067,2034,536,182,182916648.28994083,-1.1373266594065814,-0.5423244393501296,-0.721445975589986,-0.5093002109485614,38.62673340593419,44.57675560649871,42.78554024410014,44.90699789051439,43.327970388093824
회기동,1106071,1549,364,114,793172485.2904762,-1.4553302931644831,-0.7848358750535949,-1.0186338687228707,2.79388806973163,35.44669706835517,42.15164124946405,39.813661312771295,77.9388806973163,58.41202464508181
회현동,1102054,1373,463,110,356224462.7521866,-1.5707295499508556,-0.6452508045033446,-1.0361155094953933,0.42877904527899513,34.292704500491446,43.54749195496655,39.63884490504607,54.28779045278995,46.578102831743166
효창동,1103058,1489,132,97,519159824.09876543,-1.4946709488871102,-1.1119443232117572,-1.092930842006092,1.3107143640032621,35.0532905111289,38.880556767882425,39.07069157993908,63.10714364003262,50.2521638041139
후암동,1103051,3026,907,306,116187244.51886792,-0.48689448479248154,-0.019232912338585487,-0.17951511164178463,-0.8704926341079506,45.131055152075184,49.80767087661415,48.20484888358215,41.295073658920494,44.415696373730526
휘경1동,1106072,2106,386,180,149198403.67611337,-1.090117872539429,-0.7538169704868726,-0.7301867959762474,-0.691810075992925,39.09882127460571,42.46183029513127,42.698132040237525,43.08189924007075,42.128800681634175
휘경2동,1106073,3992,703,298,1163662385.028302,0.1464900723418133,-0.30686275468455587,-0.21447839318682987,4.7992730586560235,51.46490072341813,46.93137245315444,47.8552160681317,97.99273058656024,73.48423762578224
흑석동,1120071,5718,863,361,660068263.873351,1.2781896019627168,-0.08127072147203007,0.060857448980401484,2.0734225245676208,62.78189601962717,49.1872927852797,50.60857448980401,70.73422524567621,62.85733987541299
