행정시,업소명,소재지,X,Y
서귀포시,위(WE)호텔,제주특별자치도 서귀포시 1100로 453-95,126.444618497938,33.2858507894235
서귀포시,이에스제주리조트,제주특별자치도 서귀포시 1100로 501,126.456559491066,33.289778187496
서귀포시,천백 휴양펜션,제주특별자치도 서귀포시 1100로 6,126.431903584078,33.2514487168738
서귀포시,모이라펜션,제주특별자치도 서귀포시 516로 296,126.587218749742,33.2790671766401
서귀포시,빅토르힐 리조트,제주특별자치도 서귀포시 516로277번길 45,126.581436643284,33.2793474532374
서귀포시,비울채울,제주특별자치도 서귀포시 검은여로130번길 73,126.589634606266,33.2492577484853
서귀포시,휴호스텔,제주특별자치도 서귀포시 구산봉로21번길 62,126.453531155668,33.2539280836047
서귀포시,호텔빠레브,제주특별자치도 서귀포시 김정문화로 15,126.506658454463,33.2523851686521
서귀포시,밸류호텔 월드와이드 서귀포제이에스,제주특별자치도 서귀포시 김정문화로 51,126.510294984645,33.2514240710323
서귀포시,호텔캘리포니아,제주특별자치도 서귀포시 김정문화로27번길 14-4,126.508345224108,33.2528717847008
서귀포시,호텔랑주,제주특별자치도 서귀포시 김정문화로27번길 23-3,126.507950602442,33.2539317994981
서귀포시,(주)스위트메이서귀포,제주특별자치도 서귀포시 김정문화로27번길 9-1,126.507548268061,33.2524815629392
서귀포시,제주아일랜드모텔,제주특별자치도 서귀포시 김정문화로41번길 10-3,126.509781134443,33.2523369277521
서귀포시,비스타케이호텔 월드컵,제주특별자치도 서귀포시 김정문화로41번길 10-6,126.509782154435,33.2519044211997
서귀포시,풍경호스텔,제주특별자치도 서귀포시 남성로 117,126.552864365481,33.2423687581069
서귀포시,굿데이,제주특별자치도 서귀포시 남성로115번길 2,126.55265569608,33.2425743009205
서귀포시,파크선샤인제주,제주특별자치도 서귀포시 남성중로 135,126.553313860219,33.2434404286028
서귀포시,풍경호텔,제주특별자치도 서귀포시 남성중로 147,126.553413276972,33.2448429113767
서귀포시,예이츠산장,제주특별자치도 서귀포시 남원읍 516로 918,126.601046700237,33.3257243222958
서귀포시,올레길,제주특별자치도 서귀포시 남원읍 남원회관로 45,126.717826409932,33.278176906794
서귀포시,기풍장여관,제주특별자치도 서귀포시 남원읍 남원회관로 73,126.720733825828,33.2790101787942
서귀포시,부영CC관광호텔,제주특별자치도 서귀포시 남원읍 남조로 960,126.712464223483,33.3592182965721
서귀포시,파도봐,제주특별자치도 서귀포시 남원읍 남태해안로 141,126.720374877453,33.2782999676069
서귀포시,백통신원리조트 휴양콘도미니엄,제주특별자치도 서귀포시 남원읍 서성로 427,126.639048320689,33.3226815366493
서귀포시,스프링데일 골프&리조트,제주특별자치도 서귀포시 남원읍 서성로 459,126.638487909207,33.3295510824481
서귀포시,수망관광휴양펜션,제주특별자치도 서귀포시 남원읍 서성로 986-24,126.69830152501,33.3365029579497
서귀포시,포유펜션,제주특별자치도 서귀포시 남원읍 서의로 40-6,126.710977638195,33.2960784699656
서귀포시,행복나무,제주특별자치도 서귀포시 남원읍 신례로 95,126.639013988332,33.2746330367648
서귀포시,제주펜션 모이헤이,제주특별자치도 서귀포시 남원읍 신례로379번길 36-28,126.62103948682,33.2931275655674
서귀포시,르페도라,제주특별자치도 서귀포시 남원읍 신례중앙로 6,126.629284000857,33.2896366251932
서귀포시,리즈매니지먼트,제주특별자치도 서귀포시 남원읍 원님로 473,126.749016043935,33.3450636475889
서귀포시,펜션정원,제주특별자치도 서귀포시 남원읍 일주동로 6523,126.775166874867,33.3064196095494
서귀포시,별빛하늘,제주특별자치도 서귀포시 남원읍 중산간동로 6264,126.701597966465,33.3226712582174
서귀포시,금앤옥통나무팬션,제주특별자치도 서귀포시 남원읍 중산간동로7141번길 6,126.629120807248,33.2827869216061
서귀포시,솔바람풍경소리,제주특별자치도 서귀포시 남원읍 태수로143번길 132-37,126.724437705833,33.2904962139332
서귀포시,코업시티호텔하버뷰,제주특별자치도 서귀포시 남원읍 태위로 108,126.658995704131,33.2744869446259
서귀포시,제주목화,제주특별자치도 서귀포시 남원읍 태위로 485,126.699412838995,33.2757839145482
서귀포시,금호리조트(주)제주,제주특별자치도 서귀포시 남원읍 태위로 522-12,126.702755961891,33.2736562562976
서귀포시,소랑호젠,제주특별자치도 서귀포시 남원읍 태위로 545,126.705237338259,33.2758113853875
서귀포시,제주도남원통나무펜션,제주특별자치도 서귀포시 남원읍 태위로 551-5,126.705377439285,33.2762521648287
서귀포시,HOTEL이디,제주특별자치도 서귀포시 남원읍 태위로 690-3,126.720469641471,33.2792156080034
서귀포시,서울호텔,제주특별자치도 서귀포시 남원읍 태위로 706,126.72172971082,33.2796697019372
서귀포시,태흥리조트,제주특별자치도 서귀포시 남원읍 태위로 984-7,126.749818162088,33.2879682504001
서귀포시,큰엉해올레펜션,제주특별자치도 서귀포시 남원읍 태위로510번길 31-8,126.700047998458,33.2718202498156
서귀포시,화음휴양팬션,제주특별자치도 서귀포시 남원읍 태위로894번길 36,126.741379482382,33.2817917500578
서귀포시,호텔창고 본동,제주특별자치도 서귀포시 남원읍 하례망장포로 37,126.638339211127,33.2621983068218
서귀포시,호텔창고,제주특별자치도 서귀포시 남원읍 하례망장포로 39,126.63822755162,33.2620526389591
서귀포시,제주세인트하우스,제주특별자치도 서귀포시 논짓물로 28,126.38740895201,33.2387588901331
서귀포시,그랜드메르호텔 제주,제주특별자치도 서귀포시 논짓물로 45,126.386120735144,33.2396423493561
서귀포시,펜션연리,제주특별자치도 서귀포시 논짓물로 50,126.385972752481,33.2404899544898
서귀포시,가파도하우스1,제주특별자치도 서귀포시 대정읍 가파로 271번길 14,126.268863525682,33.1725545562915
서귀포시,가파도하우스2,제주특별자치도 서귀포시 대정읍 가파로67번길 9-4,126.272555585674,33.166424588229
서귀포시,제이라움,제주특별자치도 서귀포시 대정읍 노을해안로 420,126.190433383456,33.257044922182
서귀포시,두바퀴펜션,제주특별자치도 서귀포시 대정읍 도원로 89,126.179429287915,33.2789831286769
서귀포시,제이앤클로이,제주특별자치도 서귀포시 대정읍 무릉중앙로 203,126.188916191995,33.25726503427
서귀포시,아로마모텔,제주특별자치도 서귀포시 대정읍 상모로 210,126.266385819253,33.225415029898
서귀포시,실버스타여관,제주특별자치도 서귀포시 대정읍 상모로289번길 16-7,126.25690764725,33.2228217261172
서귀포시,대정모텔,제주특별자치도 서귀포시 대정읍 상모인성로 276,126.277431571346,33.2471690789795
서귀포시,대흥장여관,제주특별자치도 서귀포시 대정읍 신영로 102,126.253824523232,33.2210795673459
서귀포시,써니호텔,제주특별자치도 서귀포시 대정읍 신영로 87-1,126.252321837347,33.2207950127909
서귀포시,뉴그린장여관,제주특별자치도 서귀포시 대정읍 신영로 93-3,126.25268332045,33.2209104273169
서귀포시,호텔52,제주특별자치도 서귀포시 대정읍 신영로36번길 35,126.247074965305,33.2198921419382
서귀포시,1월펜션,제주특별자치도 서귀포시 대정읍 중산간서로 2827,126.239275056189,33.2742992800625
서귀포시,2월펜션,제주특별자치도 서귀포시 대정읍 중산간서로 2829,126.239137659614,33.2743867965442
서귀포시,3월펜션,제주특별자치도 서귀포시 대정읍 중산간서로 2833,126.23888672975,33.2743845392196
서귀포시,5월펜션,제주특별자치도 서귀포시 대정읍 중산간서로 2835,126.238754180769,33.274284460885
서귀포시,6월펜션,제주특별자치도 서귀포시 대정읍 중산간서로 2835-1,126.238857079064,33.2741649069435
서귀포시,11월펜션,제주특별자치도 서귀포시 대정읍 중산간서로 2835-11,126.239265175165,33.2739039557918
서귀포시,12월펜션,제주특별자치도 서귀포시 대정읍 중산간서로 2835-15,126.238983734126,33.273744271979
서귀포시,7월펜션,제주특별자치도 서귀포시 대정읍 중산간서로 2835-3,126.239256781692,33.2741415676144
서귀포시,9월펜션,제주특별자치도 서귀포시 대정읍 중산간서로 2835-5,126.23917396779,33.2740122214047
서귀포시,8월펜션,제주특별자치도 서귀포시 대정읍 중산간서로 2835-7,126.238976684519,33.2740001044381
서귀포시,10월펜션,제주특별자치도 서귀포시 대정읍 중산간서로 2835-9,126.238864469022,33.2739070028923
서귀포시,코자스파호텔,제주특별자치도 서귀포시 대정읍 최남단해안로 44,126.252112247297,33.2166705804319
서귀포시,대정동성모텔,제주특별자치도 서귀포시 대정읍 최남단해안로 46,126.252090841693,33.2164885059251
서귀포시,남강여관,제주특별자치도 서귀포시 대정읍 최남단해안로 5,126.252366800262,33.2200867945916
서귀포시,모슬포1호텔,제주특별자치도 서귀포시 대정읍 최남단해안로30번길 11,126.250915837134,33.2177381979601
서귀포시,모슬포2호텔,제주특별자치도 서귀포시 대정읍 최남단해안로30번길 13,126.250722056654,33.2177324329233
서귀포시,모슬포3호텔,제주특별자치도 서귀포시 대정읍 최남단해안로30번길 15,126.250535212424,33.2177434793933
서귀포시,운송,제주특별자치도 서귀포시 대정읍 추사로36번길 48,126.282485661321,33.2529404387856
서귀포시,이루다,제주특별자치도 서귀포시 대정읍 평화로 225,126.29536973388,33.2669786361656
서귀포시,대전여인숙,제주특별자치도 서귀포시 대정읍 하모상가로 18-1,126.250781201717,33.2214275136479
서귀포시,동원장여관,제주특별자치도 서귀포시 대정읍 하모이삼로52번길 14,126.253739370473,33.2225806948363
서귀포시,불란지호스텔,제주특별자치도 서귀포시 대정읍 하모중앙로 46-6,126.251765598515,33.2245426526455
서귀포시,제일장여관,제주특별자치도 서귀포시 대정읍 하모중앙로 79,126.252190688981,33.2211304364718
서귀포시,레몬트리,제주특별자치도 서귀포시 대정읍 하모항구로 70,126.251395570743,33.2196479995352
서귀포시,아크로뷰호텔,제주특별자치도 서귀포시 대정읍 하모항구로6번길 5,126.251546108355,33.2166449063311
서귀포시,송악리조트,제주특별자치도 서귀포시 대정읍 형제해안로 260,126.291810242601,33.2114355401398
서귀포시,주식회사포트에비뉴,제주특별자치도 서귀포시 대포동서로 63-19,126.438630079294,33.2407640025023
서귀포시,파밀리아,제주특별자치도 서귀포시 대포동서로 63-20,126.437997399994,33.2409751911431
서귀포시,보우힐펜션,제주특별자치도 서귀포시 대포연대로 50,126.431315643833,33.2401479655531
서귀포시,돈내코리조트,제주특별자치도 서귀포시 돈내코로 178,126.578685068701,33.302786540524
서귀포시,돈내코힐 리조트,제주특별자치도 서귀포시 돈내코로 180,126.578504215518,33.3029060234627
서귀포시,미도호스텔,제주특별자치도 서귀포시 동문동로 13-1,126.566341628968,33.2500526601723
서귀포시,테이크33,제주특별자치도 서귀포시 동문동로 3,126.567295723827,33.2495912830335
서귀포시,지에이치스테이,제주특별자치도 서귀포시 동문로 36,126.564463348845,33.2504777971231
서귀포시,케니스토리인,제주특별자치도 서귀포시 동문로 42,126.564970559352,33.2500952975393
서귀포시,삼화여관,제주특별자치도 서귀포시 동문로 54,126.566051252953,33.2495100379183
서귀포시,제주녹지리조트2,제주특별자치도 서귀포시 동홍동 2051,126.556287608813,33.2855433872989
서귀포시,데이즈호텔제주서귀포오션,제주특별자치도 서귀포시 동홍로 7,126.567424651419,33.2493848073306
서귀포시,티아일랜드호스텔,제주특별자치도 서귀포시 막숙포로 100,126.511650532552,33.233590767769
서귀포시,호텔섬오름,제주특별자치도 서귀포시 막숙포로 114,126.510252378014,33.2328758686727
서귀포시,모노모텔,제주특별자치도 서귀포시 명동로 11,126.563197026881,33.2473236002681
서귀포시,올래모텔,제주특별자치도 서귀포시 명동로 13-3,126.563436187853,33.2475436263964
서귀포시,탐라장여관,제주특별자치도 서귀포시 명동로 30,126.565028116214,33.2473796074035
서귀포시,서라벌모텔,제주특별자치도 서귀포시 명동로 4,126.562596240119,33.24680431347
서귀포시,서귀여관,제주특별자치도 서귀포시 명동로 43-5,126.566356100631,33.2478177488115
서귀포시,오성여관,제주특별자치도 서귀포시 명동로 43-7,126.566325894477,33.2478937411199
서귀포시,더퍼스트70호텔,제주특별자치도 서귀포시 명동로 46,126.566847661689,33.2472529671466
서귀포시,더베이리조트,제주특별자치도 서귀포시 문필로35번길 46,126.593486787115,33.2411988063511
서귀포시,오랑제리팬션,제주특별자치도 서귀포시 법환상로2번길 58,126.51446982874,33.244713663849
서귀포시,더 세리 호스텔,제주특별자치도 서귀포시 법환상로2번길 97-17,126.512016897477,33.2470167405054
서귀포시,호텔서귀피안,제주특별자치도 서귀포시 보목로64번길 178,126.590540213465,33.2444159941835
서귀포시,더코지인제주휴양펜션,제주특별자치도 서귀포시 보목로70번길 3,126.602793259239,33.2394568935633
서귀포시,파인힐호텔,제주특별자치도 서귀포시 부두로 44,126.564342195566,33.2413292453728
서귀포시,제주아이브리조트,제주특별자치도 서귀포시 산록남로 1966-34,126.496097584808,33.2887737465342
서귀포시,누가빌리지호스텔,제주특별자치도 서귀포시 산록남로 2704,126.572938935589,33.2962842527692
서귀포시,우리들리조트아트텔,제주특별자치도 서귀포시 산록남로 2917,126.587280206738,33.3112499782389
서귀포시,모던플레이스,제주특별자치도 서귀포시 상예로 262,126.39476482458,33.2679311133235
서귀포시,오아시스휴양펜션,제주특별자치도 서귀포시 상효로 74-10,126.599251636959,33.2666380176884
서귀포시,중문리조트,제주특별자치도 서귀포시 색달로 117,126.41564261993,33.2625794386379
서귀포시,호텔더본제주,제주특별자치도 서귀포시 색달로 18,126.406497805552,33.2595323789253
서귀포시,중문비치호텔,제주특별자치도 서귀포시 색달중앙로 19,126.4131372242,33.2574374192792
서귀포시,호텔아루미,제주특별자치도 서귀포시 색달중앙로 38,126.413963378095,33.2585732100881
서귀포시,(주)호텔롯데 롯데리조트제주,제주특별자치도 서귀포시 색달중앙로252번길 124,126.41421493541,33.288115384057
서귀포시,아비아호텔,제주특별자치도 서귀포시 서문로 42-1,126.557526058418,33.2494805402382
서귀포시,오소록스테이,제주특별자치도 서귀포시 서문로 45,126.557782803032,33.2489987206627
서귀포시,오아시스모텔,제주특별자치도 서귀포시 서문로 58,126.55679249847,33.2484405126413
서귀포시,민중각여관,제주특별자치도 서귀포시 서문로28번길 4,126.558700821896,33.2506617922455
서귀포시,썬모텔,제주특별자치도 서귀포시 서문로28번길 6,126.558513561078,33.2508339700816
서귀포시,미몽장,제주특별자치도 서귀포시 서문로29번길 11,126.559293049048,33.2493808727263
서귀포시,강남여인숙,제주특별자치도 서귀포시 서문로38번길 6,126.558257897294,33.250204896656
서귀포시,발리모텔,제주특별자치도 서귀포시 서문로41번길 21-1,126.560152550879,33.249450636101
서귀포시,호텔가온제이스테이,제주특별자치도 서귀포시 서문로41번길 23,126.560337403024,33.249458232277
서귀포시,동명여관,제주특별자치도 서귀포시 서문로41번길 4,126.55825043093,33.249129495965
서귀포시,귀락여관,제주특별자치도 서귀포시 서문서로 10,126.556264144351,33.2483091545694
서귀포시,체이슨호텔더리드,제주특별자치도 서귀포시 서호중로 47,126.51835193546,33.2546201583405
서귀포시,라마다앙코르제주서귀포호텔,제주특별자치도 서귀포시 서호중로 55,126.519264988937,33.2544769965552
서귀포시,라마다 앙코르 이스트 호텔,제주특별자치도 서귀포시 서호중로 65,126.520072385124,33.2543641658308
서귀포시,그린트리인서귀포호텔,제주특별자치도 서귀포시 서호중앙로 84,126.520016497394,33.2545563574258
서귀포시,샤뜰레휴양펜션,제주특별자치도 서귀포시 서호호근로46번길 68,126.528838465622,33.2484234980024
서귀포시,스와브호텔,제주특별자치도 서귀포시 서홍로 102,126.553280149995,33.2571529235123
서귀포시,꿈꾸는 노마드,제주특별자치도 서귀포시 선반로 54,126.499557800623,33.2416968571055
서귀포시,라오체호스텔,제주특별자치도 서귀포시 선반로65번길 69,126.496576715956,33.2372117589299
서귀포시,나이스모텔,제주특별자치도 서귀포시 성산읍 고성오조로 87-3,126.913975125379,33.4512412929303
서귀포시,주식회사 디 아일랜드 마리나,제주특별자치도 서귀포시 성산읍 고성오조로 94,126.914524751646,33.4521040640047
서귀포시,브라운스위트제주호텔앤리조트,제주특별자치도 서귀포시 성산읍 고성오조로 94,126.914524751646,33.4521040640047
서귀포시,제주정원휴양펜션,제주특별자치도 서귀포시 성산읍 금백조로 85,126.864001590848,33.4385818363164
서귀포시,샤론의집,제주특별자치도 서귀포시 성산읍 금백조로131번길 177-1,126.844104732969,33.4306049359231
서귀포시,제주휴리조트 Ⅰ,제주특별자치도 서귀포시 성산읍 난고로 228,126.894041970174,33.4209654715729
서귀포시,제주휴리조트 Ⅱ,제주특별자치도 서귀포시 성산읍 난고로 230,126.893802602696,33.4207256175326
서귀포시,더썸휴양펜션,제주특별자치도 서귀포시 성산읍 난고로42번길 110,126.906566827955,33.4433553956051
서귀포시,쿠지 홀리데이,제주특별자치도 서귀포시 성산읍 난산로 100,126.865290697986,33.4028518811426
서귀포시,맨도롱하우스,제주특별자치도 서귀포시 성산읍 난산로 173,126.85684053696,33.4030966758448
서귀포시,장춘황토마을,제주특별자치도 서귀포시 성산읍 난산온평로 12-129,126.88577354476,33.4139129984273
서귀포시,플레이스,제주특별자치도 서귀포시 성산읍 동류암로 20,126.918168422686,33.4498632234159
서귀포시,더베스트제주성산호텔,제주특별자치도 서귀포시 성산읍 동류암로 26,126.917159645824,33.449661313925
서귀포시,제주룩스호텔,제주특별자치도 서귀포시 성산읍 동류암로 38,126.916281832808,33.449054931667
서귀포시,프린스장,제주특별자치도 서귀포시 성산읍 동류암로36번길 2,126.916872277607,33.4493055260732
서귀포시,성산포스카이호텔,제주특별자치도 서귀포시 성산읍 동류암로36번길 6,126.916678426747,33.4494586699067
서귀포시,동남모텔,제주특별자치도 서귀포시 성산읍 동류암로39번길 13,126.915511698304,33.4478877239969
서귀포시,어라운드폴리,제주특별자치도 서귀포시 성산읍 서성일로 433,126.835927890515,33.415799622412
서귀포시,그린나래,제주특별자치도 서귀포시 성산읍 서성일로 615,126.851016568347,33.4279726047138
서귀포시,고투베드,제주특별자치도 서귀포시 성산읍 서성일로 660,126.855098103821,33.4273192618344
서귀포시,산들애풀하우스,제주특별자치도 서귀포시 성산읍 서성일로 689-8,126.857161403929,33.4297652986454
서귀포시,엔파제주호텔,제주특별자치도 서귀포시 성산읍 서성일로 726-11,126.862086049356,33.4297630280471
서귀포시,탐라리조트,제주특별자치도 서귀포시 성산읍 서성일로 726-31,126.862148709487,33.4285573697018
서귀포시,제주원리조트,제주특별자치도 서귀포시 성산읍 서성일로 726-33,126.862878821749,33.4285598018808
서귀포시,성산호스텔,제주특별자치도 서귀포시 성산읍 서성일로 726-35,126.862406251695,33.4281406592659
서귀포시,오라호스텔,제주특별자치도 서귀포시 성산읍 서성일로 726-37,126.861992811974,33.4281381262428
서귀포시,고성2119,제주특별자치도 서귀포시 성산읍 서성일로1136번길 14,126.899950565572,33.444108670293
서귀포시,휘닉스제주섭지코지,제주특별자치도 서귀포시 성산읍 섭지코지로 107,126.926442688389,33.4260423785235
서귀포시,오션스타휴양콘도미니엄,제주특별자치도 서귀포시 성산읍 섭지코지로 169,126.926346647881,33.4270853095542
서귀포시,호텔엠씨씨,제주특별자치도 서귀포시 성산읍 섭지코지로25번길 29,126.91873457186,33.4418086847759
서귀포시,제주티라호텔,제주특별자치도 서귀포시 성산읍 섭지코지로25번길 41,126.918441446554,33.4426841383736
서귀포시,해뜨는초록마을휴양펜션,제주특별자치도 서귀포시 성산읍 섭지코지로25번길 8,126.920425704061,33.4395771178821
서귀포시,미도모텔,제주특별자치도 서귀포시 성산읍 성산등용로 1,126.933601286576,33.464149990049
서귀포시,성산비치호텔,제주특별자치도 서귀포시 성산읍 성산등용로 13,126.932907575005,33.4648205040752
서귀포시,코업시티호텔성산,제주특별자치도 서귀포시 성산읍 성산등용로 28,126.931927211246,33.4659868322645
서귀포시,호텔아로하,제주특별자치도 서귀포시 성산읍 성산등용로 40,126.931036628747,33.4664971015783
서귀포시,브리즈 베이 호텔,제주특별자치도 서귀포시 성산읍 성산등용로 42,126.930846574451,33.4665937383545
서귀포시,성산여관,제주특별자치도 서귀포시 성산읍 성산등용로 8,126.933682295464,33.4647057854192
서귀포시,성산썬라이즈호텔,제주특별자치도 서귀포시 성산읍 성산등용로17번길 35,126.931025606842,33.4623487908713
서귀포시,헤라호텔,제주특별자치도 서귀포시 성산읍 성산등용로17번길 5,126.932638534828,33.4646816005085
서귀포시,금호여관,제주특별자치도 서귀포시 성산읍 성산중앙로 30-11,126.933907349622,33.4622805760595
서귀포시,성산브라보,제주특별자치도 서귀포시 성산읍 성산중앙로 43,126.93351320019,33.4637073427698
서귀포시,휴안스테이호텔,제주특별자치도 서귀포시 성산읍 성산중앙로37번길 9,126.932375119592,33.4636724660346
서귀포시,성산녘,제주특별자치도 서귀포시 성산읍 성산중앙로40번길 12,126.934445438415,33.4629627491132
서귀포시,펠리스타운,제주특별자치도 서귀포시 성산읍 시흥하동로50번길 23,126.908101189022,33.4744560444113
서귀포시,제주스테이,제주특별자치도 서귀포시 성산읍 신고로 11,126.91569810472,33.4378612002342
서귀포시,썬라이즈호텔섭지코지점,제주특별자치도 서귀포시 성산읍 신양로 83,126.918304277437,33.4366541515672
서귀포시,건축학개론,제주특별자치도 서귀포시 성산읍 신풍하동로 224-33,126.859836496594,33.3586019593906
서귀포시,동그리랑네몽,제주특별자치도 서귀포시 성산읍 신풍하동로 224-33,126.859836496594,33.3586019593906
서귀포시,제주빌레성통나무휴양펜션,제주특별자치도 서귀포시 성산읍 온평포구로 42,126.899214543867,33.4013680015065
서귀포시,나무향가득펜션,제주특별자치도 서귀포시 성산읍 온평포구로54번길 14,126.900450424171,33.4015444540551
서귀포시,제주올레돔,제주특별자치도 서귀포시 성산읍 온평포구로54번길 54,126.898968439193,33.3983453960295
서귀포시,코델리아S호텔,제주특별자치도 서귀포시 성산읍 일주동로 4186,126.91027494493,33.4549278817683
서귀포시,성산아쿠아비치호텔,제주특별자치도 서귀포시 성산읍 일주동로 4258,126.911996216605,33.448348346602
서귀포시,(주)라사니아캐슬리조트,제주특별자치도 서귀포시 성산읍 일주동로 5199,126.872225875238,33.3731420970998
서귀포시,메모리아리조트,제주특별자치도 서귀포시 성산읍 일주동로 5199-3,126.87237915682,33.3741423338119
서귀포시,해마지 휴양펜션,제주특별자치도 서귀포시 성산읍 일주동로 5431,126.861547352476,33.3542912296895
서귀포시,코델리아호스텔,제주특별자치도 서귀포시 성산읍 일주동로4120번길 23-16,126.909577689378,33.4594288445327
서귀포시,코델리아리조트,제주특별자치도 서귀포시 성산읍 일주동로4120번길 23-20,126.910043268416,33.4589811732474
서귀포시,블루마운틴,제주특별자치도 서귀포시 성산읍 일출로 297,126.934336667848,33.4636981344389
서귀포시,골든튤립제주성산호텔,제주특별자치도 서귀포시 성산읍 일출로 31,126.916260040526,33.4480049001614
서귀포시,(주)다산네트웍스,제주특별자치도 서귀포시 성산읍 중산간동로 3140,126.868443806823,33.4497414570401
서귀포시,블루마운틴커피랜드앤리조트,제주특별자치도 서귀포시 성산읍 중산간동로 4259,126.836672049636,33.3805991017976
서귀포시,더클라우드 가족호텔,제주특별자치도 서귀포시 성산읍 한도로 269-37,126.935143076579,33.4691169590312
서귀포시,썬레이크빌제주휴양펜션,제주특별자치도 서귀포시 성산읍 한도로 49,126.913384848817,33.4675837339217
서귀포시,보물섬,제주특별자치도 서귀포시 성산읍 한도로242번길 10-11,126.93170601591,33.4664267860011
서귀포시,아띠랑스,제주특별자치도 서귀포시 성산읍 해맞이해안로 2614,126.909136942196,33.4775159621215
서귀포시,아름다운리조트,제주특별자치도 서귀포시 성산읍 해맞이해안로 2644,126.909993932382,33.4751817848166
서귀포시,봄그리고 가을 가족호텔,제주특별자치도 서귀포시 성산읍 해맞이해안로 2652,126.910501520427,33.4746601215342
서귀포시,봄그리고가을리조트,제주특별자치도 서귀포시 성산읍 해맞이해안로 2660,126.911017164766,33.4741447731614
서귀포시,더포그레이스호텔앤리조트,제주특별자치도 서귀포시 성산읍 해맞이해안로 2670,126.910448255819,33.4734147824216
서귀포시,취다선리조트,제주특별자치도 서귀포시 성산읍 해맞이해안로 2688,126.912703165215,33.471847863554
서귀포시,온더스톤휴양펜션,제주특별자치도 서귀포시 성산읍 해맞이해안로 2746,126.917847071706,33.4702545409862
서귀포시,바랑쉬,제주특별자치도 서귀포시 성산읍 환해장성로 496,126.903655635295,33.4010255781983
서귀포시,오션그린,제주특별자치도 서귀포시 성산읍 환해장성로 665,126.908421901045,33.4131444919734
서귀포시,오션스퀘어,제주특별자치도 서귀포시 성산읍 환해장성로 667,126.909036696515,33.4131921889657
서귀포시,온평오션스퀘어,제주특별자치도 서귀포시 성산읍 환해장성로 669,126.908695833566,33.4133508935871
서귀포시,아라온리조트,제주특별자치도 서귀포시 소보리당로 220,126.384644712937,33.2621760004156
서귀포시,중문훼미리콘도미니엄,제주특별자치도 서귀포시 소보리당로164번길 83,126.383636342944,33.2659468911428
서귀포시,비스비제주 앤 팜빌리지,제주특별자치도 서귀포시 속골로 29-10,126.52771954894,33.242864497508
서귀포시,아이리스호스텔,제주특별자치도 서귀포시 솔동산로 16-1,126.563820821442,33.2433851212842
서귀포시,남일모텔,제주특별자치도 서귀포시 솔동산로 26-16,126.56271695353,33.2428399960618
서귀포시,스플래시리조트,제주특별자치도 서귀포시 솔동산로 28,126.563248019668,33.2425292664219
서귀포시,천지연호텔,제주특별자치도 서귀포시 솔동산로 40,126.5623942961,33.2418943123131
서귀포시,셀라모텔,제주특별자치도 서귀포시 솔동산로 9-3,126.564426583388,33.2440230744618
서귀포시,남미호텔,제주특별자치도 서귀포시 솔동산로10번길 19,126.562744561337,33.243027542256
서귀포시,밀라노,제주특별자치도 서귀포시 솔동산로10번길 2,126.563811514918,33.2439626735896
서귀포시,제주 나인 부띠끄,제주특별자치도 서귀포시 솔동산로10번길 23,126.562644740418,33.242581605127
서귀포시,일미모텔,제주특별자치도 서귀포시 솔동산로10번길 39,126.562750246865,33.2413467410685
서귀포시,동원호스텔,제주특별자치도 서귀포시 솔동산로10번길 45,126.56258523026,33.240828353893
서귀포시,정방게스트하우스,제주특별자치도 서귀포시 솔동산로21번길 16-1,126.565436861691,33.2424962695111
서귀포시,호텔연,제주특별자치도 서귀포시 솔동산로22번길 17-2,126.562095907498,33.2439588091094
서귀포시,구덕게스트,제주특별자치도 서귀포시 솔동산로22번길 20,126.562333150324,33.2440876757683
서귀포시,나포리호텔,제주특별자치도 서귀포시 솔동산로22번길 21,126.561926338935,33.2442667501265
서귀포시,신성호텔,제주특별자치도 서귀포시 솔동산로22번길 5,126.563189989164,33.2430865412648
서귀포시,더큐브리조트제주,제주특별자치도 서귀포시 솔오름로105번길 24,126.563646483832,33.2858996134472
서귀포시,쇠소깍휴양펜션,제주특별자치도 서귀포시 쇠소깍로 138,126.622563314034,33.2516770731172
서귀포시,소금막호스텔,제주특별자치도 서귀포시 쇠소깍로 151-14,126.620320196605,33.2505881958239
서귀포시,해와돌바라기 휴양펜션,제주특별자치도 서귀포시 쇠소깍로 209,126.61717991257,33.2524828169276
서귀포시,퍼블리코,제주특별자치도 서귀포시 신서로48번길 20-9,126.507114819076,33.2530015271622
서귀포시,체이슨호텔더스마일,제주특별자치도 서귀포시 신서로48번길 50,126.510145626453,33.2528443571653
서귀포시,더 스테이,제주특별자치도 서귀포시 신서로48번길 52-7,126.510531610836,33.2523847848108
서귀포시,호텔윈스카이,제주특별자치도 서귀포시 신중남로 17,126.508394561178,33.2531830410598
서귀포시,나인브릿지콘도미니엄,제주특별자치도 서귀포시 안덕면 광평로 34-156,126.404250168607,33.3403726049988
서귀포시,바당뜰,제주특별자치도 서귀포시 안덕면 난드르로 49-39,126.364363461962,33.2331348070347
서귀포시,글래드호텔앤리조트(주)제주항공우주호텔,제주특별자치도 서귀포시 안덕면 녹차분재로 216,126.294582661098,33.3024639118627
서귀포시,소소한,제주특별자치도 서귀포시 안덕면 대평감산로 35,126.366017663209,33.2379271577743
서귀포시,중문허브독채펜션,제주특별자치도 서귀포시 안덕면 대평감산로 57,126.365235678296,33.2396999022977
서귀포시,풀향기 휴양펜션,제주특별자치도 서귀포시 안덕면 대평감산로 59,126.365414543236,33.2393129380207
서귀포시,아이로제주,제주특별자치도 서귀포시 안덕면 대평감산로 75,126.364204521403,33.2407906448384
서귀포시,신나림브띠끄호텔,제주특별자치도 서귀포시 안덕면 대평로 37,126.36313866237,33.2367196971918
서귀포시,라림부띠끄호텔,제주특별자치도 서귀포시 안덕면 대평로 39,126.362941443269,33.2368259801017
서귀포시,썬앤문,제주특별자치도 서귀포시 안덕면 사계남로 102,126.301027050201,33.2273721826286
서귀포시,젠,제주특별자치도 서귀포시 안덕면 사계남로 186-8,126.308516321833,33.2292855231565
서귀포시,제주해안휴양펜션,제주특별자치도 서귀포시 안덕면 사계남로 89,126.29950242454,33.2272629867096
서귀포시,그랑부르,제주특별자치도 서귀포시 안덕면 사계남로153번길 10,126.306296709329,33.2293912775653
서귀포시,유니콘,제주특별자치도 서귀포시 안덕면 사계남로153번길 16,126.30579040416,33.229940423197
서귀포시,오션하우스,제주특별자치도 서귀포시 안덕면 사계남로216번길 42,126.310184489947,33.2348116891855
서귀포시,바다스케치,제주특별자치도 서귀포시 안덕면 사계남로216번길 52,126.309901022706,33.2349227288106
서귀포시,엠제이(MJ)펜션,제주특별자치도 서귀포시 안덕면 사계로 155,126.302038608564,33.2445038756742
서귀포시,로하스펜션,제주특별자치도 서귀포시 안덕면 사계로 62,126.297892569874,33.2367594702551
서귀포시,제주산방산황토펜션,제주특별자치도 서귀포시 안덕면 사계로 62-1,126.298135265562,33.236718373827
서귀포시,산방산 애 다온빌,제주특별자치도 서귀포시 안덕면 사계로114번길 53-19,126.303653702657,33.2432690609208
서귀포시,산방산 애 하늘내린빌,제주특별자치도 서귀포시 안덕면 사계로114번길 53-21,126.303539945697,33.2437047154413
서귀포시,산방산 애 누루빌,제주특별자치도 서귀포시 안덕면 사계로114번길 53-23,126.303731398281,33.2439036016794
서귀포시,스테이숲이되는시간,제주특별자치도 서귀포시 안덕면 사계로114번길 54-102,126.308202232632,33.2350316749017
서귀포시,아리하우스,제주특별자치도 서귀포시 안덕면 사계로114번길 54-93,126.308630371956,33.235869042269
서귀포시,미르빌힐링타운,제주특별자치도 서귀포시 안덕면 사계로114번길 84,126.306409322033,33.2456871722364
서귀포시,미르빌,제주특별자치도 서귀포시 안덕면 사계로114번길 89,126.305718534679,33.2463639469144
서귀포시,K두빛나래리조트,제주특별자치도 서귀포시 안덕면 사계북로 107,126.299078188093,33.2367510096959
서귀포시,J두빛나래 리조트,제주특별자치도 서귀포시 안덕면 사계북로 109,126.29937198394,33.2369885275123
서귀포시,루시드엠,제주특별자치도 서귀포시 안덕면 사계북로 120,126.300410306829,33.2368978987985
서귀포시,해담은 제주스파빌,제주특별자치도 서귀포시 안덕면 사계북로 157-15,126.303901624284,33.2394027896886
서귀포시,뫼담은 제주스파빌,제주특별자치도 서귀포시 안덕면 사계북로 157-17,126.303264557243,33.2394926301285
서귀포시,더머뭄 휴양펜션,제주특별자치도 서귀포시 안덕면 사계북로 157-20,126.304631061081,33.2399373803824
서귀포시,오션힐스테이,제주특별자치도 서귀포시 안덕면 사계북로 208,126.308801917128,33.2367701693953
서귀포시,나르샤호스텔,제주특별자치도 서귀포시 안덕면 사계북로 52,126.293785145494,33.2338970313073
서귀포시,하늘조각휴양펜션,제주특별자치도 서귀포시 안덕면 사계북로 75,126.295840535757,33.2355430419559
서귀포시,연암재1,제주특별자치도 서귀포시 안덕면 사계북로 76,126.296279745532,33.2350777693604
서귀포시,연암재2,제주특별자치도 서귀포시 안덕면 사계북로 78,126.296577859083,33.2350423991295
서귀포시,산방산에 펜션,제주특별자치도 서귀포시 안덕면 사계북로41번길 151,126.297100236904,33.2463449301671
서귀포시,산방산온천 게스트하우스,제주특별자치도 서귀포시 안덕면 사계북로41번길 192,126.298889672225,33.248216593136
서귀포시,쉘스토리,제주특별자치도 서귀포시 안덕면 사계북로41번길 30,126.295200390638,33.2361126635716
서귀포시,스토리,제주특별자치도 서귀포시 안덕면 사계북로41번길 32,126.295507491513,33.2362815627439
서귀포시,콤마앤리조트,제주특별자치도 서귀포시 안덕면 사계중앙로3번길 22,126.299666444897,33.2302117461154
서귀포시,루체빌리조트,제주특별자치도 서귀포시 안덕면 산록남로 786,126.385169242751,33.3198754912006
서귀포시,포도호텔,제주특별자치도 서귀포시 안덕면 산록남로 863,126.393685407938,33.3053604674639
서귀포시,디 아넥스,제주특별자치도 서귀포시 안덕면 산록남로762번길 71,126.392815705307,33.3029855205251
서귀포시,테디벨리리조트 휴양콘도미니엄,제주특별자치도 서귀포시 안덕면 서광동로34번길 204,126.346446949225,33.2932422808551
서귀포시,더살다,제주특별자치도 서귀포시 안덕면 서광서문로 15-31,126.327760305139,33.2856037066933
서귀포시,제주신화빌라스,제주특별자치도 서귀포시 안덕면 신화역사로304번길 139,126.317525210778,33.3013855011924
서귀포시,제주신화월드호텔앤리조트,제주특별자치도 서귀포시 안덕면 신화역사로304번길 38,126.31635202613,33.3049726791712
서귀포시,담모라,제주특별자치도 서귀포시 안덕면 일주서로 1975-11,126.306031842984,33.2497188899302
서귀포시,담모라휴양펜션,제주특별자치도 서귀포시 안덕면 일주서로 1975-17,126.305995356658,33.2482258834616
서귀포시,담모라호텔,제주특별자치도 서귀포시 안덕면 일주서로 1975-19,126.305564122994,33.2491730565195
서귀포시,웨스티하우스,제주특별자치도 서귀포시 안덕면 일주서로1488번길 11,126.356527456884,33.2610819252584
서귀포시,스마트모텔,제주특별자치도 서귀포시 안덕면 중산간서로 1913-58,126.314717387311,33.2892769561902
서귀포시,(주)캐슬렉스제주 휴양콘도미니엄,제주특별자치도 서귀포시 안덕면 평화로 1241,126.348716618245,33.3383411736757
서귀포시,마루호스텔,제주특별자치도 서귀포시 안덕면 평화로 486,126.317938171587,33.2793750671339
서귀포시,호호아이,제주특별자치도 서귀포시 안덕면 평화로 492-10,126.319114643557,33.279913737643
서귀포시,라이온힐펜션,제주특별자치도 서귀포시 안덕면 평화로 507,126.318947016005,33.2813735189997
서귀포시,신신휴양펜션,제주특별자치도 서귀포시 안덕면 평화로319번길 137-11,126.314814292252,33.2800226451006
서귀포시,쉴띠휴양펜션,제주특별자치도 서귀포시 안덕면 한창로 102-1,126.365487617757,33.27246272859
서귀포시,호텔테디밸리,제주특별자치도 서귀포시 안덕면 한창로 365,126.351409555697,33.288986163678
서귀포시,용산유원,제주특별자치도 서귀포시 안덕면 향교로 165-23,126.289619313456,33.2399359491313
서귀포시,까사데비발디,제주특별자치도 서귀포시 안덕면 향교로 214,126.290500164086,33.2341612650179
서귀포시,명지여인숙,제주특별자치도 서귀포시 안덕면 화순로 170,126.328327763714,33.2468778741724
서귀포시,제주레저파크텔,제주특별자치도 서귀포시 안덕면 화순서서로 63,126.329134467428,33.2564825420351
서귀포시,와이리조트 제주,제주특별자치도 서귀포시 안덕면 화순중앙로124번길 75,126.327938185422,33.2425688372377
서귀포시,에쿠스모텔,제주특별자치도 서귀포시 안덕면 화순중앙로54번길 5,126.335314075385,33.2471943686671
서귀포시,중문빌리지,제주특별자치도 서귀포시 예래로 270,126.385131469516,33.2427251549191
서귀포시,베이힐풀앤빌라,제주특별자치도 서귀포시 예래로 424,126.372665225698,33.2369079490436
서귀포시,호텔스카브로,제주특별자치도 서귀포시 예래해안로 15,126.369933352946,33.2341016408739
서귀포시,부띠끄스테이스놉,제주특별자치도 서귀포시 예래해안로 17,126.369583514006,33.2332759669787
서귀포시,히든클리프호텔&네이쳐,제주특별자치도 서귀포시 예래해안로 542,126.40259491919,33.2547288818713
서귀포시,토스카나호텔,제주특별자치도 서귀포시 용흥로66번길 158-7,126.484696302495,33.2659339022099
서귀포시,오션트리 호스텔,제주특별자치도 서귀포시 월드컵로 188,126.50529383109,33.2328717564021
서귀포시,주식회사 폴에이리조트,제주특별자치도 서귀포시 월드컵로45번길 40,126.512020842924,33.2446268100107
서귀포시,뜨레피아,제주특별자치도 서귀포시 월평하원로 111,126.459053046107,33.2494966687654
서귀포시,골드원호텔,제주특별자치도 서귀포시 이어도로 1032,126.522387420346,33.2442095638004
서귀포시,수모루휴양펜션,제주특별자치도 서귀포시 이어도로 1059,126.523513585744,33.2462971870321
서귀포시,화이트캐슬,제주특별자치도 서귀포시 이어도로 1060,126.524084027946,33.2457392793027
서귀포시,나폴리,제주특별자치도 서귀포시 이어도로 139,126.436971258003,33.2406514654856
서귀포시,휴양펜션모던나폴리,제주특별자치도 서귀포시 이어도로 139,126.436971258003,33.2406514654856
서귀포시,브릭 216,제주특별자치도 서귀포시 이어도로 216,126.443435325146,33.2408476287894
서귀포시,하원가휴양펜션,제주특별자치도 서귀포시 이어도로 278,126.448751184078,33.2426951091126
서귀포시,휴식호텔중문오션블루,제주특별자치도 서귀포시 이어도로 67,126.430412129075,33.238871549216
서귀포시,켄싱턴리조트 서귀포점,제주특별자치도 서귀포시 이어도로 684,126.489040381289,33.2336794657051
서귀포시,올레요리조트,제주특별자치도 서귀포시 이어도로 720,126.492688301293,33.2347501133037
서귀포시,에띠에호스텔,제주특별자치도 서귀포시 이어도로 738,126.494140770016,33.2352729321537
서귀포시,마린포트리조트,제주특별자치도 서귀포시 이어도로 744,126.49482820858,33.2354720103854
서귀포시,더비비스제주(The BB's JEJU),제주특별자치도 서귀포시 이어도로 760,126.49623863007,33.2355669914957
서귀포시,글레즈하임호텔,제주특별자치도 서귀포시 이어도로 777,126.497921264003,33.2366543064089
서귀포시,레지나 펜션,제주특별자치도 서귀포시 이어도로 789,126.499489474764,33.2369667292821
서귀포시,파미유리조트가족호텔,제주특별자치도 서귀포시 이어도로 826-6,126.502899849468,33.2349936650248
서귀포시,신성리조트,제주특별자치도 서귀포시 이어도로 989,126.518582522398,33.242432480539
서귀포시,뷰티플 리조트,제주특별자치도 서귀포시 이어도로253번길 2,126.446666188528,33.2437134327663
서귀포시,담앤루,제주특별자치도 서귀포시 이어도로343번길 63,126.451468214504,33.2458517188381
서귀포시,다정여인숙,제주특별자치도 서귀포시 이중섭로 23-5,126.564429782364,33.2460390424777
서귀포시,제니스홈,제주특별자치도 서귀포시 이중섭로 31,126.564392328088,33.2452397958039
서귀포시,가산토방호스텔,제주특별자치도 서귀포시 인정오름로86번길 3,126.577746857541,33.2878306368112
서귀포시,도라미휴양펜션,제주특별자치도 서귀포시 일주동로 8215,126.60951793649,33.2602423288417
서귀포시,호텔 펠리시아,제주특별자치도 서귀포시 일주동로 9123,126.517922366376,33.2472512929319
서귀포시,모나코휴양펜션,제주특별자치도 서귀포시 일주서로 166-56,126.491510501182,33.255131637196
서귀포시,제이팜휴양펜션,제주특별자치도 서귀포시 일주서로 505,126.455086365393,33.2526241271173
서귀포시,(주)일레인,제주특별자치도 서귀포시 일주서로 660,126.439042802817,33.2545942482452
서귀포시,이린펜션,제주특별자치도 서귀포시 일주서로43번길 5,126.503615368747,33.2495342867726
서귀포시,노블모텔,제주특별자치도 서귀포시 정방로 7-1,126.568143140916,33.2481709143705
서귀포시,리치모텔,제주특별자치도 서귀포시 정방로 7-6,126.568233015596,33.2478532212387
서귀포시,한란장여관,제주특별자치도 서귀포시 정방로 7-9,126.568571929425,33.2478661185545
서귀포시,(주)레이크힐스리조트제주,제주특별자치도 서귀포시 존제로 24,126.376894053572,33.2674676723758
서귀포시,씨사이드아덴,제주특별자치도 서귀포시 중문관광로 124,126.414918828676,33.2491050051007
서귀포시,그랑빌 가족호텔,제주특별자치도 서귀포시 중문관광로 17,126.415263792185,33.2563909178606
서귀포시,씨에스호텔앤리조트,제주특별자치도 서귀포시 중문관광로 198,126.420293320269,33.24291591839
서귀포시,제주 부영리조트,제주특별자치도 서귀포시 중문관광로 216,126.422470106157,33.2418349002763
서귀포시,제주 부영호텔,제주특별자치도 서귀포시 중문관광로 222,126.423205110712,33.2425505935188
서귀포시,아리아호텔,제주특별자치도 서귀포시 중문관광로 23-1,126.415472334394,33.2558546223222
서귀포시,중문스테이,제주특별자치도 서귀포시 중문관광로 288,126.429485198322,33.2459115985937
서귀포시,중문썬라이즈 호스텔,제주특별자치도 서귀포시 중문관광로 310,126.430524321175,33.2475810280406
서귀포시,(주)이랜드파크한국콘도제주중문,제주특별자치도 서귀포시 중문관광로72번길 29-29,126.412533095699,33.2476141969038
서귀포시,(주)롯데호텔제주,제주특별자치도 서귀포시 중문관광로72번길 35,126.410330074977,33.2485996126094
서귀포시,(주)호텔하나,제주특별자치도 서귀포시 중문관광로72번길 53,126.408146944805,33.2499062410505
서귀포시,(주)교원스위트호텔제주,제주특별자치도 서귀포시 중문관광로72번길 67,126.408347374245,33.2490492116831
서귀포시,호텔신라제주,제주특별자치도 서귀포시 중문관광로72번길 75,126.408678569391,33.2480220364993
서귀포시,제주에코스위츠,제주특별자치도 서귀포시 중문상로 207-13,126.427737150454,33.2654003297104
서귀포시,중문시티호텔,제주특별자치도 서귀포시 중문상로 27,126.424778802464,33.2509114183701
서귀포시,휴마루호스텔,제주특별자치도 서귀포시 중산간동로8183번길 16,126.542615445239,33.2612349550738
서귀포시,팜밸리리조트,제주특별자치도 서귀포시 중산간서로 193,126.490403043736,33.2593428338027
서귀포시,제이하우스,제주특별자치도 서귀포시 중산간서로 241,126.485450642199,33.2607825306119
서귀포시,제이뷰호텔,제주특별자치도 서귀포시 중산간서로 935,126.416481720079,33.2647500623385
서귀포시,제주엠리조트,제주특별자치도 서귀포시 중산간서로157번길 28-6,126.494344213394,33.257779094729
서귀포시,중문통나무가족호텔,제주특별자치도 서귀포시 중산간서로594번길 7-28,126.450723698677,33.2645027503147
서귀포시,중문통나무휴양펜션,제주특별자치도 서귀포시 중산간서로594번길 7-8,126.450980199576,33.2635086726646
서귀포시,오션팰리스호텔,제주특별자치도 서귀포시 중앙로 14,126.562336279883,33.2459572185083
서귀포시,그레잇702,제주특별자치도 서귀포시 중앙로 19-2,126.561672327489,33.246508571763
서귀포시,신세계호텔,제주특별자치도 서귀포시 중앙로 2-2,126.562282381264,33.2446721146608
서귀포시,내집인제주,제주특별자치도 서귀포시 중앙로 23-1,126.56173224086,33.2468234520014
서귀포시,선인장여관,제주특별자치도 서귀포시 중앙로41번길 13,126.560420480137,33.2479106971961
서귀포시,렉스호스텔,제주특별자치도 서귀포시 중앙로42번길 42-1,126.566181991176,33.2490679737792
서귀포시,록산장여관,제주특별자치도 서귀포시 중앙로47번길 11,126.560383075715,33.2484589365819
서귀포시,에프케이알레그리아호텔제주,제주특별자치도 서귀포시 중앙로47번길 25,126.558925667778,33.2481556974778
서귀포시,비스타케이천지연,제주특별자치도 서귀포시 중앙로47번길 25,126.558925667778,33.2481556974778
서귀포시,은하여관,제주특별자치도 서귀포시 중앙로47번길 40,126.557578391063,33.2485075068613
서귀포시,진모텔,제주특별자치도 서귀포시 중앙로47번길 7-1,126.560685626417,33.2485336688581
서귀포시,동원여관,제주특별자치도 서귀포시 중앙로48번길 3,126.562157862608,33.2490936337415
서귀포시,호텔DK,제주특별자치도 서귀포시 중앙로54번길 12,126.562137368834,33.2493299690589
서귀포시,3번지여인숙,제주특별자치도 서귀포시 중앙로59번길 11,126.560278890295,33.2496142779195
서귀포시,추풍령모텔,제주특별자치도 서귀포시 중앙로59번길 12,126.560308594437,33.2499396910952
서귀포시,올레로하우스,제주특별자치도 서귀포시 중앙로59번길 16,126.559883889612,33.2498716485497
서귀포시,스타성여관,제주특별자치도 서귀포시 중앙로71번길 15-4,126.559713513752,33.2502297139416
서귀포시,크라운모텔,제주특별자치도 서귀포시 중앙로71번길 15-6,126.559786630842,33.2500504582263
서귀포시,호텔휴식서귀포,제주특별자치도 서귀포시 중앙로71번길 17,126.559523126655,33.2503839398184
서귀포시,만수각여관,제주특별자치도 서귀포시 중앙로79번길 7,126.560605026727,33.2513452078617
서귀포시,호텔라벤더제주,제주특별자치도 서귀포시 중정로 1,126.556567312748,33.2477083075349
서귀포시,대전여인숙,제주특별자치도 서귀포시 중정로 100-2,126.566810603368,33.2483047706669
서귀포시,호텔윈스토리,제주특별자치도 서귀포시 중정로 11,126.557556701428,33.2477010116068
서귀포시,호텔올레세븐,제주특별자치도 서귀포시 중정로 14,126.557864576821,33.2473139546105
서귀포시,주식회사호텔크리스탈,제주특별자치도 서귀포시 중정로 16,126.558113385429,33.2472986996804
서귀포시,경원모텔,제주특별자치도 서귀포시 중정로 19-6,126.558618655649,33.2480084540184
서귀포시,대명여관,제주특별자치도 서귀포시 중정로 19-7,126.558363482058,33.2481367517855
서귀포시,대림모텔,제주특별자치도 서귀포시 중정로 21,126.55878006765,33.247725914825
서귀포시,올레스테이,제주특별자치도 서귀포시 중정로 22,126.558657418955,33.2474054910319
서귀포시,백패커스홈투,제주특별자치도 서귀포시 중정로 24,126.558994922741,33.2472711731802
서귀포시,백패커스홈,제주특별자치도 서귀포시 중정로 24-7,126.558979027692,33.2470175783328
서귀포시,이아호텔,제주특별자치도 서귀포시 중정로 36,126.560224307347,33.2473573943803
서귀포시,동일여인숙,제주특별자치도 서귀포시 중정로 96-6,126.566487927945,33.2482409830159
서귀포시,스트로베리 필드,제주특별자치도 서귀포시 중정로61번길 11-1,126.562705324768,33.2489030618069
서귀포시,반도여관,제주특별자치도 서귀포시 중정로61번길 17,126.562689602726,33.2493019779577
서귀포시,호텔버지니아,제주특별자치도 서귀포시 중정로61번길 31,126.562371371945,33.2506284188973
서귀포시,락희여관,제주특별자치도 서귀포시 중정로91번길 11,126.565356373134,33.2492848184917
서귀포시,미미여관,제주특별자치도 서귀포시 중정로91번길 12-1,126.565698234579,33.249527198912
서귀포시,영림여관,제주특별자치도 서귀포시 중정로91번길 28,126.564087439704,33.2503280717617
서귀포시,태흥여관,제주특별자치도 서귀포시 중정로91번길 54,126.56199444504,33.2516942612588
서귀포시,금학장여관,제주특별자치도 서귀포시 중정로91번길 57-2,126.561482778542,33.251632409575
서귀포시,천제연휴양팬션,제주특별자치도 서귀포시 천제연로 131-7,126.419591645378,33.2544330357676
서귀포시,해리안호텔,제주특별자치도 서귀포시 천제연로 153,126.421402923553,33.2528606628805
서귀포시,해성파크텔,제주특별자치도 서귀포시 천제연로 158-4,126.421344332992,33.2522744261758
서귀포시,베니키아중문호텔,제주특별자치도 서귀포시 천제연로 166,126.422372624184,33.251891689448
서귀포시,천제모텔,제주특별자치도 서귀포시 천제연로 189,126.4248235793,33.2518897053605
서귀포시,유어스호텔,제주특별자치도 서귀포시 천제연로178번길 21,126.42381746015,33.2498276359484
서귀포시,제이힐호스텔,제주특별자치도 서귀포시 천제연로188번길 11,126.424675287869,33.250758294867
서귀포시,레지던스 예그린하우스,제주특별자치도 서귀포시 천제연로188번길 15,126.424540141446,33.2505524603255
서귀포시,중문사우나모텔,제주특별자치도 서귀포시 천제연로188번길 17,126.42441752766,33.250284652014
서귀포시,올레휴,제주특별자치도 서귀포시 천지로 13,126.560740485253,33.248828876067
서귀포시,서현호스텔,제주특별자치도 서귀포시 천지로 15,126.560669890262,33.2489550352783
서귀포시,송원여관,제주특별자치도 서귀포시 천지로 31,126.56038665588,33.2503585939044
서귀포시,슬로시티게스트하우스,제주특별자치도 서귀포시 천지로 33,126.56034330461,33.2506154953822
서귀포시,꼬닥꼬닥,제주특별자치도 서귀포시 천지로 39,126.560014139735,33.2509037545094
서귀포시,대중각여관,제주특별자치도 서귀포시 천지로 7,126.560793427411,33.248198733266
서귀포시,동연장여관,제주특별자치도 서귀포시 천지연로 17-1,126.564469554613,33.2416327297503
서귀포시,바다해호텔,제주특별자치도 서귀포시 천지연로 3-1,126.565640022826,33.2414241277964
서귀포시,천지연크리스탈호텔,제주특별자치도 서귀포시 천지연로 39,126.562060284113,33.2423233952022
서귀포시,폭포여관,제주특별자치도 서귀포시 천지연로21번길 10,126.563707873759,33.2410445408467
서귀포시,테마모텔,제주특별자치도 서귀포시 천지연로21번길 8-1,126.563665366523,33.2412424801913
서귀포시,마이모텔,제주특별자치도 서귀포시 천지연로29번길 12,126.563005162097,33.2408337971167
서귀포시,피노호텔,제주특별자치도 서귀포시 천지연로29번길 5,126.563309575684,33.24139225485
서귀포시,더루케테호텔,제주특별자치도 서귀포시 천지연로29번길 8,126.562986420637,33.2413657840343
서귀포시,제주플라야,제주특별자치도 서귀포시 최영로 20-5,126.512374223128,33.2336228194955
서귀포시,(주)KAL호텔네트워크 (서귀포KAL호텔),제주특별자치도 서귀포시 칠십리로 242,126.580794378613,33.2443252829253
서귀포시,한옥호텔한라궁,제주특별자치도 서귀포시 칠십리로 243,126.57842807156,33.2487728771864
서귀포시,에버그린빌,제주특별자치도 서귀포시 칠십리로 310-23,126.58570851848,33.2458557690845
서귀포시,돔스토리휴양펜션,제주특별자치도 서귀포시 칠십리로 310-41,126.586031445218,33.2462543738338
서귀포시,허니문빌리지,제주특별자치도 서귀포시 칠십리로 340,126.587786566238,33.245942918937
서귀포시,더블루 제주,제주특별자치도 서귀포시 칠십리로 479,126.601693865182,33.2419991397981
서귀포시,서귀포섬이야기펜션,제주특별자치도 서귀포시 칠십리로 61-1,126.56299810743,33.2399657715648
서귀포시,섬게스트하우스,제주특별자치도 서귀포시 칠십리로 61-1,126.56299810743,33.2399657715648
서귀포시,포트73,제주특별자치도 서귀포시 칠십리로 73,126.563858720872,33.239772146285
서귀포시,호텔화인,제주특별자치도 서귀포시 칠십리로 87,126.565032557055,33.2405036931397
서귀포시,바라크라,제주특별자치도 서귀포시 칠십리로504번길 8-4,126.604143512335,33.2416358478546
서귀포시,비케이호텔제주,제주특별자치도 서귀포시 칠십리로91번길 12,126.564274864436,33.241037692362
서귀포시,솔파하우스,제주특별자치도 서귀포시 칠십리로91번길 16,126.564004480131,33.2410369252172
서귀포시,백호여관,제주특별자치도 서귀포시 칠십리로91번길 20,126.563492812265,33.2412250142436
서귀포시,펠리체호스텔,제주특별자치도 서귀포시 태평로 111,126.53499679278,33.2444216219956
서귀포시,제주브릭스,제주특별자치도 서귀포시 태평로 121,126.535776355752,33.2446203680421
서귀포시,프라이빗리조트,제주특별자치도 서귀포시 태평로 130,126.536958826607,33.2444754659998
서귀포시,덴앤델리조트,제주특별자치도 서귀포시 태평로 156,126.53967215588,33.2444119648344
서귀포시,산수장여관,제주특별자치도 서귀포시 태평로 333,126.557149375714,33.2470406504498
서귀포시,카사로마호텔(CASALOMA Hotel),제주특별자치도 서귀포시 태평로 347,126.557857908504,33.2468268701551
서귀포시,헤이서귀포,제주특별자치도 서귀포시 태평로 363,126.559989243479,33.2465141695658
서귀포시,아인스 호스텔,제주특별자치도 서귀포시 태평로 432,126.566447381911,33.2454125158204
서귀포시,아트스테이서귀포하버,제주특별자치도 서귀포시 태평로 436,126.566760708134,33.2454552629869
서귀포시,H.Y.초이호스텔,제주특별자치도 서귀포시 태평로335번길 11-1,126.558336464856,33.2470653386502
서귀포시,한두모텔,제주특별자치도 서귀포시 태평로335번길 21,126.559352970568,33.2470199857195
서귀포시,동경모텔,제주특별자치도 서귀포시 태평로335번길 23,126.55963837013,33.2470258653586
서귀포시,오렌지호스텔,제주특별자치도 서귀포시 태평로335번길 3,126.557354645641,33.2471902403589
서귀포시,엠스테이호텔제주,제주특별자치도 서귀포시 태평로353번길 14,126.560676256278,33.2468462343501
서귀포시,퀸모텔,제주특별자치도 서귀포시 태평로353번길 22-19,126.561342209288,33.2457672592352
서귀포시,칠십리호텔,제주특별자치도 서귀포시 태평로353번길 22-3,126.561252998536,33.2471931439501
서귀포시,중앙여인숙,제주특별자치도 서귀포시 태평로431번길 12,126.566067290523,33.2466339822129
서귀포시,만평여관,제주특별자치도 서귀포시 태평로431번길 15,126.565716729911,33.2470026977565
서귀포시,영원여인숙,제주특별자치도 서귀포시 태평로431번길 16,126.566057376607,33.2469681821792
서귀포시,런호텔,제주특별자치도 서귀포시 태평로431번길 20,126.56614315166,33.2471340208419
서귀포시,장수각여관,제주특별자치도 서귀포시 태평로431번길 22,126.566092092455,33.2474561757215
서귀포시,디아일랜드블루호텔,제주특별자치도 서귀포시 태평로431번길 3,126.565766881949,33.24582263803
서귀포시,호텔굿인서귀포,제주특별자치도 서귀포시 태평로439번길 14,126.565765073179,33.2467743031385
서귀포시,모멘토하우스,제주특별자치도 서귀포시 태평로439번길 21,126.56487589027,33.2465054848665
서귀포시,돔베리조트,제주특별자치도 서귀포시 태평로92번길 34,126.531220302412,33.2415340420525
서귀포시,블루펄리조트,제주특별자치도 서귀포시 태평로92번길 35,126.532015923888,33.2410283384795
서귀포시,코코비치리조트,제주특별자치도 서귀포시 태평로92번길 37,126.531629137494,33.2410853082396
서귀포시,제이앤비가족호텔,제주특별자치도 서귀포시 토평남로30번길 10-8,126.59261447182,33.2607616259733
서귀포시,제주끄라비펜션,제주특별자치도 서귀포시 토평로148번길 28,126.591395623776,33.27947534762
서귀포시,돔그라미,제주특별자치도 서귀포시 표선면 가시로 137,126.809597799888,33.3357545453476
서귀포시,블라제,제주특별자치도 서귀포시 표선면 녹산로 274,126.7467836598,33.3795212328523
서귀포시,인간과허브,제주특별자치도 서귀포시 표선면 돈오름로 170,126.814726131985,33.3291241627515
서귀포시,제주허브동산,제주특별자치도 서귀포시 표선면 돈오름로 170,126.814726131985,33.3291241627515
서귀포시,아망뜨휴양펜션,제주특별자치도 서귀포시 표선면 민속해안로 11,126.806397387344,33.3060832279547
서귀포시,해비치리조트,제주특별자치도 서귀포시 표선면 민속해안로 537,126.843977586306,33.3225989591113
서귀포시,해비치관광호텔,제주특별자치도 서귀포시 표선면 민속해안로 537,126.843977586306,33.3225989591113
서귀포시,사이프러스골프리조트,제주특별자치도 서귀포시 표선면 번영로 2300,126.752122063904,33.4111139143985
서귀포시,오크라리조트,제주특별자치도 서귀포시 표선면 번영로 3189,126.820186574729,33.3642246026294
서귀포시,제이케이(JK) 드라이브인 호텔,제주특별자치도 서귀포시 표선면 번영로 3274,126.822883276315,33.3560280368566
서귀포시,제주통나무휴양펜션,제주특별자치도 서귀포시 표선면 번영로 3328,126.82375212359,33.3510752097092
서귀포시,패밀리아펜션,제주특별자치도 서귀포시 표선면 번영로 3340,126.823665452864,33.3505819882677
서귀포시,늘푸른리조트,제주특별자치도 서귀포시 표선면 서성일로 118-15,126.808205176533,33.3991245071528
서귀포시,초가정원,제주특별자치도 서귀포시 표선면 성읍정의현로56번길 25,126.803647723959,33.3877075861441
서귀포시,제주스카이휴양펜션,제주특별자치도 서귀포시 표선면 세성로 352-32,126.798266461517,33.3354908751473
서귀포시,제주유유자적,제주특별자치도 서귀포시 표선면 세화강왓로 80,126.795185218221,33.3251997132503
서귀포시,블랙랜드레이스,제주특별자치도 서귀포시 표선면 일주동로 6343,126.794323038047,33.3062534424035
서귀포시,대명샤인빌리조트,제주특별자치도 서귀포시 표선면 일주동로 6347-17,126.792894733152,33.3060125889033
서귀포시,대명샤인빌리조트2차,제주특별자치도 서귀포시 표선면 일주동로 6347-17,126.792894733152,33.3060125889033
서귀포시,남녘수산,제주특별자치도 서귀포시 표선면 일주동로 6431,126.785534234805,33.3070202978888
서귀포시,야자수풀빌라,제주특별자치도 서귀포시 표선면 일주동로5661번길 33,126.846614088528,33.3373747838104
서귀포시,로만토피아오름추억,제주특별자치도 서귀포시 표선면 중산간동로5220번길 37,126.767317129009,33.3515142459845
서귀포시,아토스테이,제주특별자치도 서귀포시 표선면 토산중앙로 249,126.767576466365,33.3244200877139
서귀포시,풀하우스,제주특별자치도 서귀포시 표선면 표선동서로 139,126.828189658283,33.3169735119509
서귀포시,유림여관,제주특별자치도 서귀포시 표선면 표선동서로 262-5,126.83388422565,33.3265662019069
서귀포시,리시온관광호텔,제주특별자치도 서귀포시 표선면 표선동서로 263,126.833614877887,33.327178317407
서귀포시,뉴그린여관,제주특별자치도 서귀포시 표선면 표선백사로 119,126.836606867594,33.3261139495759
서귀포시,대우장여관,제주특별자치도 서귀포시 표선면 표선중앙로 66,126.831554058672,33.3271032295097
서귀포시,은하수여관,제주특별자치도 서귀포시 표선면 표선중앙로 71,126.832137653834,33.3268970958422
서귀포시,신라장여관,제주특별자치도 서귀포시 표선면 표선중앙로 73,126.832230023292,33.3267835253239
서귀포시,콤마게스트하우스,제주특별자치도 서귀포시 표선면 표선중앙로 73-9,126.833085099769,33.32709952571
서귀포시,호텔오션,제주특별자치도 서귀포시 표선면 표선중앙로 94,126.833831162522,33.3256075198217
서귀포시,비치파크모텔,제주특별자치도 서귀포시 표선면 표선중앙로117번길 1,126.836112971586,33.3258597611123
서귀포시,더제이호텔,제주특별자치도 서귀포시 표선면 표선중앙로90번길 12,126.832760143325,33.3248265347466
서귀포시,돌과바람리조트,제주특별자치도 서귀포시 하신상로 166,126.61017384602,33.2722809675751
서귀포시,자인빌리지펜션,제주특별자치도 서귀포시 하신상로 174-21,126.609501812062,33.2747903460538
서귀포시,남극노인성,제주특별자치도 서귀포시 하신상로 216,126.606659887391,33.276138337921
제주시,엠버리조트,제주특별자치도 제주시 1100로 2671-51,126.489454921334,33.4236909491841
제주시,부림장,제주특별자치도 제주시 고마로 1,126.538611870888,33.5138947788193
제주시,별,제주특별자치도 제주시 고마로 10-3,126.537919851161,33.5131958106431
제주시,영자,제주특별자치도 제주시 고마로 2-4,126.537949485147,33.5137763654046
제주시,씨엘,제주특별자치도 제주시 고마로 35,126.538998559842,33.5110599029691
제주시,하나,제주특별자치도 제주시 고마로 58,126.53939546261,33.5090752634315
제주시,선화모텔,제주특별자치도 제주시 고마로11길 4-2,126.540151780178,33.5088870257726
제주시,동궁,제주특별자치도 제주시 고마로13길 4-1,126.540581290126,33.5082605704678
제주시,호텔루트,제주특별자치도 제주시 고마로15길 33,126.542976841198,33.5089313794778
제주시,레몬,제주특별자치도 제주시 고마로16길 2,126.540605588518,33.5057599148922
제주시,브르하우스,제주특별자치도 제주시 고마로1길 1,126.538698314971,33.5136688014333
제주시,국보,제주특별자치도 제주시 고마로1길 1-1,126.538820544799,33.513757522283
제주시,동도여관,제주특별자치도 제주시 고마로1길 1-2,126.538931330937,33.5136904956683
제주시,대영,제주특별자치도 제주시 고산동산1길 9-12,126.531637028799,33.4976612313768
제주시,웰컴투코리아센터,제주특별자치도 제주시 고전길 2-10,126.526039215028,33.5063571679988
제주시,세은,제주특별자치도 제주시 고전길 2-4,126.526177351438,33.5064456015291
제주시,생수모텔,제주특별자치도 제주시 고전길 27,126.524506337718,33.5083061242447
제주시,이도메이플하우스,제주특별자치도 제주시 고전길 28-3,126.524825728997,33.5086483313815
제주시,장수,제주특별자치도 제주시 고전길 8,126.525654123569,33.5067744833578
제주시,애랑과배비장의집,제주특별자치도 제주시 곤을길 46,126.560787535616,33.5248952791509
제주시,그린모텔,제주특별자치도 제주시 공설로 15,126.516678697231,33.4985374760667
제주시,제주골프호텔,제주특별자치도 제주시 과원북4길 97,126.491981020928,33.4810742865576
제주시,스타즈호텔제주로베로,제주특별자치도 제주시 관덕로 26,126.521944900825,33.5128580443655
제주시,선인,제주특별자치도 제주시 관덕로 32,126.522625213211,33.5129602033794
제주시,수복,제주특별자치도 제주시 관덕로 34-1,126.52282802772,33.5129337567361
제주시,관덕,제주특별자치도 제주시 관덕로 34-3,126.522949524933,33.5127997975633
제주시,미소,제주특별자치도 제주시 관덕로 41,126.523773316336,33.5134116307233
제주시,태화,제주특별자치도 제주시 관덕로15길 3-8,126.526261021837,33.5135668661414
제주시,게스트하우스 옐로우,제주특별자치도 제주시 관덕로15길 4,126.52697628598,33.5136169328769
제주시,동성모텔,제주특별자치도 제주시 관덕로15길 5,126.526797796349,33.5136432989096
제주시,대동호텔,제주특별자치도 제주시 관덕로15길 6,126.527207966273,33.5138044465127
제주시,베드라디오옥림점,제주특별자치도 제주시 관덕로15길 7-1,126.526656971966,33.5139079186065
제주시,보라,제주특별자치도 제주시 관덕로15길 9-6,126.526289618467,33.5139877476806
제주시,동문,제주특별자치도 제주시 관덕로17길 5,126.527105837577,33.5136039937955
제주시,영빈모텔,제주특별자치도 제주시 관덕로17길 9-2,126.527259194448,33.5139042677477
제주시,무진장,제주특별자치도 제주시 관덕로3길 13,126.521265921754,33.5142142988604
제주시,썬 하우,제주특별자치도 제주시 관덕로4길 1-1,126.521366344718,33.5127479801854
제주시,스타즈호텔제주로베로Ⅱ,제주특별자치도 제주시 관덕로4길 1-14,126.521907439679,33.5125459495849
제주시,우신,제주특별자치도 제주시 관덕로4길 1-5,126.521489313654,33.512855383829
제주시,유나,제주특별자치도 제주시 관덕로6길 8,126.521949841882,33.5123510090898
제주시,탑에이스 모텔,제주특별자치도 제주시 관덕로7길 36,126.523454047058,33.5163429145076
제주시,굿나잇,제주특별자치도 제주시 관덕로7길 38,126.523512880234,33.5165275159297
제주시,청수,제주특별자치도 제주시 관덕로8길 15-3,126.523760515964,33.5116224656596
제주시,제주공항게스트하우스웨이브사운드,제주특별자치도 제주시 관덕로8길 24,126.522983292553,33.5110789718847
제주시,오렌지트리,제주특별자치도 제주시 관덕로8길 7-12,126.524333127917,33.51230662862
제주시,은하,제주특별자치도 제주시 관덕로9길 31,126.524220888323,33.5163342316708
제주시,진성모텔,제주특별자치도 제주시 광양13길 4,126.531129803134,33.4986086001212
제주시,용운,제주특별자치도 제주시 광양13길 5,126.531047892612,33.4988911197694
제주시,흥진,제주특별자치도 제주시 광양1길 12,126.527651807349,33.5040645385263
제주시,풍기,제주특별자치도 제주시 광양1길 2-1,126.527474507646,33.5040340197695
제주시,게스트하우스 레인보우인제주,제주특별자치도 제주시 광양1길 6,126.52749841891,33.5042086591221
제주시,오렌지,제주특별자치도 제주시 광양2길 1,126.52771111553,33.5008329179651
제주시,남국,제주특별자치도 제주시 광양2길 13,126.527380520123,33.5016643678786
제주시,제주포도,제주특별자치도 제주시 광양2길 2,126.527970174341,33.5008676247172
제주시,일조여관,제주특별자치도 제주시 광양2길 4-1,126.528253647144,33.5009844687782
제주시,케이모텔,제주특별자치도 제주시 광양4길 3,126.527939084968,33.5014998830326
제주시,삼성,제주특별자치도 제주시 광양4길 8-2,126.527273706433,33.5017145397088
제주시,프라임,제주특별자치도 제주시 광양6길 13,126.527325053722,33.5008804022406
제주시,배비장 모텔,제주특별자치도 제주시 광양6길 4,126.52800087434,33.501278597239
제주시,쎄컨드홈즈,제주특별자치도 제주시 광양8길 1,126.529184383053,33.4999775944192
제주시,인성,제주특별자치도 제주시 광양8길 1-1,126.529317924114,33.4998599931714
제주시,유앤드아이,제주특별자치도 제주시 광양8길 1-2,126.529148121601,33.49977793422
제주시,수,제주특별자치도 제주시 광양8길 15,126.527896701204,33.4996332452184
제주시,진영,제주특별자치도 제주시 광양8길 1-8,126.52947297053,33.499506887326
제주시,씨앤제이관광호텔,제주특별자치도 제주시 광양8길 24,126.527078628187,33.499808911254
제주시,한옥,제주특별자치도 제주시 광양8길 29,126.526491627827,33.4994262875807
제주시,가고팡,제주특별자치도 제주시 광양8길 4,126.528897788793,33.500119497632
제주시,제주레슬리호텔,제주특별자치도 제주시 광평길 3,126.470649103153,33.4810908587967
제주시,엔일공구,제주특별자치도 제주시 구좌읍 김녕로 307,126.769372912988,33.5518217836338
제주시,반집,제주특별자치도 제주시 구좌읍 덕평로 394,126.774394902608,33.5005843950835
제주시,그래,제주특별자치도 제주시 구좌읍 덕행로 165-2,126.795381789145,33.5333327600074
제주시,바람아래 휴양펜션,제주특별자치도 제주시 구좌읍 덕행로 175,126.794809410549,33.5331806151343
제주시,오션뷰,제주특별자치도 제주시 구좌읍 덕행로 276,126.788349726277,33.5256810735895
제주시,유리 휴양펜션,제주특별자치도 제주시 구좌읍 덕행로 335,126.78829280117,33.5209893277071
제주시,송당송당펜션앤리조트,제주특별자치도 제주시 구좌읍 비자림로 1220,126.73566414649,33.4344906540265
제주시,어썸스테이,제주특별자치도 제주시 구좌읍 비자림로 1794,126.774995097025,33.4688278414611
제주시,비자림상떼,제주특별자치도 제주시 구좌읍 비자숲길 27,126.81203704493,33.4942645884884
제주시,세인트포휴양콘도미니엄,제주특별자치도 제주시 구좌읍 선유로 445-46,126.735722992908,33.5183264334822
제주시,크리스탈,제주특별자치도 제주시 구좌읍 세화1길 15,126.854166401738,33.5249230502002
제주시,샤이니 하우스,제주특별자치도 제주시 구좌읍 송당4길 7,126.784281771999,33.4706812824493
제주시,힐링휴,제주특별자치도 제주시 구좌읍 송당5길 59,126.783980186625,33.4766367646611
제주시,단겸,제주특별자치도 제주시 구좌읍 월정3길 14,126.792251008221,33.5526796708716
제주시,소낭 2호점,제주특별자치도 제주시 구좌읍 월정3길 7,126.791540557944,33.5524868879177
제주시,(주)한국폴로컨트리클럽,제주특별자치도 제주시 구좌읍 월행남길 322-30,126.781338679624,33.5259533489452
제주시,메이더호텔,제주특별자치도 제주시 구좌읍 일주동로 1626,126.706654817495,33.5519618940994
제주시,(주)꼬뜨도르가족호텔,제주특별자치도 제주시 구좌읍 일주동로 1724,126.716864962801,33.5521594909158
제주시,예그리나리조트,제주특별자치도 제주시 구좌읍 일주동로 1845,126.728759913458,33.5565671396154
제주시,하늘오름펜션,제주특별자치도 제주시 구좌읍 중산간동로 1909,126.751242910407,33.4815600851502
제주시,순덕이별당,제주특별자치도 제주시 구좌읍 중산간동로 2377,126.795137865635,33.4668017829063
제주시,비자림리조트,제주특별자치도 제주시 구좌읍 충렬로 141-1,126.847680352359,33.5112778145534
제주시,노노레타,제주특별자치도 제주시 구좌읍 충렬로 141-3,126.847488178997,33.5108787096024
제주시,(주)하바나호텔앤리조트,제주특별자치도 제주시 구좌읍 해맞이해안로 1590-6,126.873759529802,33.5280835788135
제주시,바나바하도펜션,제주특별자치도 제주시 구좌읍 해맞이해안로 1926-3,126.899256676675,33.5168839084898
제주시,이야기별방,제주특별자치도 제주시 구좌읍 해맞이해안로 2040,126.901334883283,33.5098206283585
제주시,아모르 하우스,제주특별자치도 제주시 구좌읍 해맞이해안로 2060-18,126.901615259022,33.5082009419807
제주시,아모르하우스 2,제주특별자치도 제주시 구좌읍 해맞이해안로 2060-20,126.901833274255,33.5081377322485
제주시,솔,제주특별자치도 제주시 구좌읍 해맞이해안로 2478,126.901797371158,33.4859856462739
제주시,루마인,제주특별자치도 제주시 구좌읍 해맞이해안로 2498,126.901321655903,33.4842000884119
제주시,보롬코지,제주특별자치도 제주시 구좌읍 해맞이해안로 402,126.792662392636,33.5592883227509
제주시,월정에비뉴풀빌라,제주특별자치도 제주시 구좌읍 해맞이해안로 486,126.798870946339,33.5547235169193
제주시,용인,제주특별자치도 제주시 남성로 116,126.517694010644,33.5086689173255
제주시,호텔 지,제주특별자치도 제주시 남성로 117,126.51794930452,33.5090172937836
제주시,한라산모텔,제주특별자치도 제주시 남성로 118,126.51781672334,33.5086654279954
제주시,한진,제주특별자치도 제주시 남성로 119,126.518147653971,33.5090377200824
제주시,비원모텔,제주특별자치도 제주시 남성로 129-4,126.519365672751,33.5093857771881
제주시,트윈스,제주특별자치도 제주시 남성로 129-6,126.519346248818,33.5094923599911
제주시,만복,제주특별자치도 제주시 남성로 129-9,126.51903454604,33.5096508219405
제주시,참피온,제주특별자치도 제주시 남성로 131,126.519407468653,33.5091844338397
제주시,위드모텔,제주특별자치도 제주시 남성로 143-11,126.52038112212,33.5097773965325
제주시,그린데이,제주특별자치도 제주시 남성로 158-3,126.522484682009,33.508956690136
제주시,덕수장모텔,제주특별자치도 제주시 남성로 29,126.512755935592,33.5027714032986
제주시,제주갤럭시호텔,제주특별자치도 제주시 남성로 33,126.512563380653,33.5031599529595
제주시,한백,제주특별자치도 제주시 남성로 69,126.514330742175,33.506196419448
제주시,안남,제주특별자치도 제주시 남성로11길 2,126.513547691558,33.505521031121
제주시,아라팰리스호텔,제주특별자치도 제주시 남성로26길 26,126.523733398622,33.507220795228
제주시,덕창,제주특별자치도 제주시 남성로26길 9,126.523166526704,33.5087151655751
제주시,신화,제주특별자치도 제주시 남성로9길 3-2,126.512198576242,33.5046712967168
제주시,신라스테이제주,제주특별자치도 제주시 노연로 100,126.490968206023,33.4854985745027
제주시,에코씨엘,제주특별자치도 제주시 노연로 129,126.493995682976,33.4859757436003
제주시,엠버시티호텔,제주특별자치도 제주시 노연로 13,126.481670417941,33.4863147450547
제주시,엠버호텔센트럴,제주특별자치도 제주시 노연로 24,126.482650504127,33.4858480290615
제주시,호텔위드제주,제주특별자치도 제주시 노연로 34,126.483771289469,33.4857485688839
제주시,노연스테이,제주특별자치도 제주시 노연로 37,126.484039512475,33.4862413240133
제주시,에코루벤,제주특별자치도 제주시 노연로 49,126.485577867386,33.4861999348151
제주시,아비아제주노형호텔,제주특별자치도 제주시 노연로 53,126.485863670801,33.4862687402481
제주시,센트럴시티호텔,제주특별자치도 제주시 노연로 66,126.487119330512,33.4857587733873
제주시,글래드호텔앤리조트(주)메종글래드제주,제주특별자치도 제주시 노연로 80,126.488905281133,33.4856033240627
제주시,(주)호텔샹그릴라,제주특별자치도 제주시 노형로 79,126.454769104595,33.464319027753
제주시,아인피플호텔,제주특별자치도 제주시 논세길 51,126.442299293618,33.489410640647
제주시,나이스,제주특별자치도 제주시 논세길 96-38,126.442372078401,33.4829729874363
제주시,더도두,제주특별자치도 제주시 도공로 2,126.464982376238,33.5061275684763
제주시,대왕,제주특별자치도 제주시 도남로 3-1,126.525234592114,33.4995431923566
제주시,우정,제주특별자치도 제주시 도남로 3-3,126.525356530907,33.4995607897815
제주시,백록담,제주특별자치도 제주시 도남로 5,126.525176774998,33.4993709469959
제주시,성우장,제주특별자치도 제주시 도남로 5-1,126.525320888017,33.4993874573581
제주시,한수,제주특별자치도 제주시 도남로 5-3,126.52541163141,33.4994026812345
제주시,정성,제주특별자치도 제주시 도남로 6-1,126.524717082932,33.4993052616431
제주시,호텔펄리플러스,제주특별자치도 제주시 도두봉2길 2,126.469967830229,33.5054279070185
제주시,제주에어포트호텔,제주특별자치도 제주시 도령로 102,126.488777674231,33.4909501397133
제주시,삼해인,제주특별자치도 제주시 도령로 108,126.489406283329,33.4913370798869
제주시,호텔케니스토리제주,제주특별자치도 제주시 도령로 124,126.490546417501,33.4921706055364
제주시,파크사이드호텔,제주특별자치도 제주시 도령로 126,126.490767430287,33.4924109766725
제주시,호텔시리우스,제주특별자치도 제주시 도령로 133,126.490997010344,33.4934493811534
제주시,이화 가족호텔,제주특별자치도 제주시 도령로 155,126.492213333134,33.4947506794146
제주시,베스트웨스턴 제주호텔,제주특별자치도 제주시 도령로 27,126.481855636151,33.4878254153069
제주시,뉴맨하탄관광호텔,제주특별자치도 제주시 도령로 66,126.485621028099,33.4893098846441
제주시,롯데시티호텔 제주,제주특별자치도 제주시 도령로 83,126.486508649461,33.4906745183081
제주시,뉴월드호텔,제주특별자치도 제주시 도령로 96,126.488374379601,33.4907482318105
제주시,이호리조트,제주특별자치도 제주시 도리로 106-16,126.463354196724,33.499355367623
제주시,청도,제주특별자치도 제주시 동광로 114-3,126.539781190958,33.5063516356047
제주시,제이하우스,제주특별자치도 제주시 동광로 163,126.542907012088,33.5098282056522
제주시,천하,제주특별자치도 제주시 동광로 165,126.543008608595,33.509910805624
제주시,(주)호텔샬롬,제주특별자치도 제주시 동광로 34,126.532587804048,33.5019822781534
제주시,라인호텔,제주특별자치도 제주시 동광로 40,126.533191278652,33.5022111234272
제주시,애플,제주특별자치도 제주시 동광로 45,126.533564971262,33.5030055713518
제주시,에메랄드호텔투,제주특별자치도 제주시 동광로 86,126.537496929701,33.5046046795179
제주시,궁전,제주특별자치도 제주시 동광로17길 30-1,126.538849283392,33.5094764233273
제주시,하니,제주특별자치도 제주시 동광로19길 55-10,126.539637832938,33.5135676217304
제주시,개성,제주특별자치도 제주시 동광로21길 2,126.542590901751,33.5097685256249
제주시,마로,제주특별자치도 제주시 동광로21길 5,126.542225833419,33.5097678984698
제주시,더오젠,제주특별자치도 제주시 동광로23길 3,126.543041461507,33.5103562229231
제주시,시티홀관광호텔제주,제주특별자치도 제주시 동광로4길 9-4,126.531976388691,33.5007699429828
제주시,대원,제주특별자치도 제주시 동광로5길 18,126.530849293874,33.5033890432739
제주시,호텔 더 레드,제주특별자치도 제주시 동광로6길 10,126.531879054293,33.5010190459043
제주시,영동,제주특별자치도 제주시 동광로7길 4,126.531950853034,33.5025751949854
제주시,신천지 호텔,제주특별자치도 제주시 동대북길 1,126.538121835698,33.5177201145807
제주시,토다게스트,제주특별자치도 제주시 동문로 10,126.527777080705,33.512762575551
제주시,크로바,제주특별자치도 제주시 동문로 119,126.53938504183,33.5142513501948
제주시,봉성장,제주특별자치도 제주시 동문로 121,126.539586419036,33.5141707753105
제주시,사라봉,제주특별자치도 제주시 동문로 133,126.54086994364,33.5139457235373
제주시,오당,제주특별자치도 제주시 동문로 135,126.541017426599,33.5138999282851
제주시,로즈,제주특별자치도 제주시 동문로 136-1,126.540946509926,33.5132860426473
제주시,크라운호텔,제주특별자치도 제주시 동문로 138,126.541171795597,33.5131612856251
제주시,별관,제주특별자치도 제주시 동문로 139,126.541266457776,33.5138036592044
제주시,제주영성모텔,제주특별자치도 제주시 동문로10길 1,126.531410736702,33.5129353238586
제주시,안성,제주특별자치도 제주시 동문로10길 6,126.531132893384,33.5126847122847
제주시,유림,제주특별자치도 제주시 동문로6길 5-3,126.529112861102,33.512469414054
제주시,천일,제주특별자치도 제주시 동문로6길 5-5,126.529140762551,33.5123455513966
제주시,엉덕,제주특별자치도 제주시 만덕로4길 18,126.530230245513,33.5149056966694
제주시,하이드파크,제주특별자치도 제주시 만덕로6길 29,126.528793355509,33.5134927666365
제주시,가완모텔,제주특별자치도 제주시 만덕로6길 31,126.528677367178,33.513644423698
제주시,라헨느콘도미니엄,제주특별자치도 제주시 명림로 384,126.615234213866,33.4522488089999
제주시,한화호텔앤드리조트(주),제주특별자치도 제주시 명림로 575-107,126.637358132958,33.4490025432113
제주시,신화,제주특별자치도 제주시 무근성7길 12-1,126.520274290915,33.5139238472434
제주시,화랑,제주특별자치도 제주시 무근성7길 12-6,126.52044279812,33.5137759176533
제주시,아지,제주특별자치도 제주시 무근성7길 16-13,126.521021348195,33.5142396798778
제주시,동양,제주특별자치도 제주시 무근성7길 16-8,126.520927636432,33.5140378121491
제주시,아름장,제주특별자치도 제주시 무근성7길 21,126.520394634682,33.5147411536665
제주시,제주스테이,제주특별자치도 제주시 무근성7길 22,126.520736532474,33.5144384607857
제주시,오라스테이,제주특별자치도 제주시 무근성길 44,126.519933791502,33.5142852377959
제주시,앳코너,제주특별자치도 제주시 백포북길 25,126.458947405173,33.5029020752444
제주시,문화,제주특별자치도 제주시 사라봉7길 39-10,126.540788080977,33.5143445544212
제주시,동백,제주특별자치도 제주시 사라봉7길 42,126.539623942921,33.5144831356874
제주시,그린게스트하우스,제주특별자치도 제주시 사라봉7길 44,126.539596334858,33.5142698068431
제주시,북경장,제주특별자치도 제주시 사라봉9길 14,126.53903200498,33.5168290371062
제주시,에이원호텔,제주특별자치도 제주시 사장1길 10,126.49473794765,33.4853173636593
제주시,에프원,제주특별자치도 제주시 사장1길 18,126.493903215604,33.4853353254119
제주시,준파크텔,제주특별자치도 제주시 사장1길 18-1,126.493757175712,33.4853406794524
제주시,호텔 컬리넌,제주특별자치도 제주시 사장1길 26,126.492841930309,33.4853638950135
제주시,호텔통연동,제주특별자치도 제주시 사장1길 28,126.492668665675,33.4853881599604
제주시,센트럴호텔,제주특별자치도 제주시 사장1길 30,126.492472454134,33.4853988969632
제주시,스카이모텔,제주특별자치도 제주시 사장1길 40,126.491576234038,33.4854068540099
제주시,예스,제주특별자치도 제주시 사장2길 43,126.491073748719,33.484120472882
제주시,호텔더원,제주특별자치도 제주시 사장3길 33,126.491248889611,33.4827442794347
제주시,메이저호텔,제주특별자치도 제주시 사장3길 36,126.491031045267,33.4830146742936
제주시,기린모텔,제주특별자치도 제주시 산지로 1-4,126.530959544601,33.5162069304801
제주시,브라보,제주특별자치도 제주시 산지로 19,126.529561089422,33.5152235824506
제주시,진천,제주특별자치도 제주시 산지로 21-10,126.529877768395,33.5150606952516
제주시,황금,제주특별자치도 제주시 산지로 21-2,126.529487883168,33.5148486035054
제주시,영진,제주특별자치도 제주시 산지로 21-4,126.529658021906,33.5147944329217
제주시,수원,제주특별자치도 제주시 산지로 37-7,126.528683271083,33.5135083961643
제주시,엠버서더,제주특별자치도 제주시 삼무로 12,126.487814049478,33.4897496583797
제주시,호텔 레오(HOTEL LEO),제주특별자치도 제주시 삼무로 14,126.48824294335,33.4897327673577
제주시,발리,제주특별자치도 제주시 삼무로 26,126.489281806981,33.4897203737044
제주시,플로라호텔해마,제주특별자치도 제주시 삼무로 28,126.48955576516,33.4897014871195
제주시,호텔스카이파크제주,제주특별자치도 제주시 삼무로 48,126.4917916045,33.4894846474039
제주시,에어시티제주,제주특별자치도 제주시 삼무로 56,126.49259525735,33.4896181304651
제주시,에어시티 에이플러스,제주특별자치도 제주시 삼무로 56,126.49259525735,33.4896181304651
제주시,하워드존슨제주호텔 연동,제주특별자치도 제주시 삼무로 57,126.492651655122,33.4901138763123
제주시,나나프라자,제주특별자치도 제주시 삼무로 64,126.493495041698,33.4895968372893
제주시,제주썬,제주특별자치도 제주시 삼무로 67,126.493900207965,33.4901255633448
제주시,영풍장,제주특별자치도 제주시 삼무로 70,126.49406049715,33.4895956309554
제주시,에버호텔,제주특별자치도 제주시 삼무로 75,126.494784438767,33.490022603232
제주시,어반아일랜드호텔,제주특별자치도 제주시 삼무로 76,126.494740528739,33.4895608090636
제주시,금룡관광호텔,제주특별자치도 제주시 삼무로 79,126.495279846989,33.4900029837535
제주시,국도,제주특별자치도 제주시 삼무로 82,126.495343658715,33.4895942814532
제주시,전원,제주특별자치도 제주시 삼무로11길 38,126.495687997628,33.4901861359188
제주시,명월,제주특별자치도 제주시 삼무로1길 10,126.489316361794,33.4906344596411
제주시,주식회사 제이엠호텔,제주특별자치도 제주시 삼무로1길 10-7,126.488754060901,33.4903906948535
제주시,연동모디움,제주특별자치도 제주시 삼무로1길 10-9,126.488422992203,33.4903863533114
제주시,자자,제주특별자치도 제주시 삼무로1길 11,126.489624744124,33.4905075237781
제주시,디셈버호텔,제주특별자치도 제주시 삼무로1길 15,126.489641378333,33.4903132992725
제주시,하루,제주특별자치도 제주시 삼무로1길 3,126.489540169308,33.4911125040547
제주시,신제주리치,제주특별자치도 제주시 삼무로1길 6-2,126.489067289491,33.4907760647485
제주시,제이투호스텔,제주특별자치도 제주시 삼무로3길 37,126.491835762084,33.490288237034
제주시,갤러리호텔비앤비,제주특별자치도 제주시 삼무로3길 48,126.490624274803,33.4905984596506
제주시,스위트호텔,제주특별자치도 제주시 삼무로3길 9,126.494879014225,33.4902091675253
제주시,제주올레호텔,제주특별자치도 제주시 삼무로5길 8,126.491974370689,33.4902854694583
제주시,버킹검,제주특별자치도 제주시 삼무로9길 39,126.494740304998,33.4902107658714
제주시,호텔하니크라운,제주특별자치도 제주시 삼성로 10,126.527561264454,33.5051206784285
제주시,제주파크힐,제주특별자치도 제주시 삼성로 65,126.532203576971,33.5080695482952
제주시,청원,제주특별자치도 제주시 삼성로11길 32,126.531652786824,33.5107800847263
제주시,행복,제주특별자치도 제주시 삼성로11길 32-1,126.531630283636,33.510881608954
제주시,예하 게스트하우스,제주특별자치도 제주시 삼오길 9,126.517437478674,33.4994101091202
제주시,해마루,제주특별자치도 제주시 서광로 159,126.513546608697,33.5003087478801
제주시,한영,제주특별자치도 제주시 서광로 160,126.513531828089,33.4997382528392
제주시,올림피아,제주특별자치도 제주시 서광로 171,126.514721990879,33.5002496144059
제주시,럭키,제주특별자치도 제주시 서광로 189,126.516653933658,33.5002243480074
제주시,알리바호텔,제주특별자치도 제주시 서광로 251,126.523364211164,33.5000219696944
제주시,올레관광호텔,제주특별자치도 제주시 서광로 254,126.523651544208,33.4995502797437
제주시,사하라관광호텔,제주특별자치도 제주시 서광로 265,126.524742880862,33.5002559092817
제주시,간세,제주특별자치도 제주시 서광로 278,126.526212033291,33.4999816815601
제주시,린든게스트하우스,제주특별자치도 제주시 서광로 278,126.526212033291,33.4999816815601
제주시,슬림호텔,제주특별자치도 제주시 서광로 292-1,126.527725448582,33.5001752610344
제주시,송일,제주특별자치도 제주시 서광로11길 3,126.516352253481,33.5003853671406
제주시,제주알(R)호텔,제주특별자치도 제주시 서광로14길 5,126.517908161045,33.4994335795575
제주시,티나모텔,제주특별자치도 제주시 서광로19길 21,126.520374635584,33.5016468224999
제주시,제주엘루이호텔,제주특별자치도 제주시 서광로21길 1,126.521836587092,33.5002032543007
제주시,신대화,제주특별자치도 제주시 서광로21길 4,126.522079701227,33.5002991299162
제주시,스카이힐비즈니스관광호텔,제주특별자치도 제주시 서광로24길 1,126.523283473583,33.499437788004
제주시,한성,제주특별자치도 제주시 서광로24길 2,126.523096847545,33.4994419384307
제주시,금정모텔,제주특별자치도 제주시 서광로25길 10,126.524109680497,33.5007460186575
제주시,풀하우스,제주특별자치도 제주시 서광로25길 4,126.524213944039,33.5003359241946
제주시,라임,제주특별자치도 제주시 서광로25길 4-3,126.524414041696,33.5005253054727
제주시,녹원,제주특별자치도 제주시 서광로25길 6,126.524200543946,33.5005034787104
제주시,은성,제주특별자치도 제주시 서광로25길 6-1,126.524304405938,33.5006388458419
제주시,휴모텔,제주특별자치도 제주시 서광로25길 8,126.524147070445,33.5006390531233
제주시,아세아모텔,제주특별자치도 제주시 서광로26길 1,126.524369358469,33.4995849536419
제주시,황제모텔,제주특별자치도 제주시 서광로26길 3,126.524452104059,33.4994686953699
제주시,모텔 준,제주특별자치도 제주시 서광로26길 8-12,126.523725538159,33.4993816058069
제주시,태광,제주특별자치도 제주시 서광로29길 16-13,126.527195482197,33.5020089716725
제주시,궁무인텔,제주특별자치도 제주시 서광로29길 2,126.526813299258,33.500650346072
제주시,산호,제주특별자치도 제주시 서광로29길 22-12,126.527079737323,33.5022171583268
제주시,광성,제주특별자치도 제주시 서광로29길 26,126.52648147719,33.5024764251787
제주시,스카이관광호스텔,제주특별자치도 제주시 서광로29길 3,126.526528531856,33.5007125499872
제주시,1밀리미터모텔,제주특별자치도 제주시 서광로2길 1,126.513010434425,33.4997383684905
제주시,글로리,제주특별자치도 제주시 서광로2길 11-1,126.513157026035,33.4992156607582
제주시,캐피탈,제주특별자치도 제주시 서광로2길 11-11,126.513867673877,33.4991256771701
제주시,제주마실 게스트하우스,제주특별자치도 제주시 서광로2길 11-16,126.513560200342,33.4988792374867
제주시,까사델아리아,제주특별자치도 제주시 서광로2길 11-24,126.513855895877,33.4986337224788
제주시,조아모텔,제주특별자치도 제주시 서광로2길 11-4,126.513136774328,33.4987771371235
제주시,오라성,제주특별자치도 제주시 서광로2길 15-1,126.513053240391,33.4986856579387
제주시,펄하우스,제주특별자치도 제주시 서광로2길 17,126.513167854731,33.4985307640489
제주시,오케이모텔,제주특별자치도 제주시 서광로2길 25,126.513390885004,33.4984823230663
제주시,유정,제주특별자치도 제주시 서광로2길 5-4,126.513409875251,33.4993581137213
제주시,남산,제주특별자치도 제주시 서광로2길 5-6,126.513549578093,33.4993546051091
제주시,온천,제주특별자치도 제주시 서광로2길 5-8,126.513664643868,33.4993499177298
제주시,골든파크호텔,제주특별자치도 제주시 서광로2길 9,126.512978698474,33.4992368686326
제주시,성림,제주특별자치도 제주시 서광로30길 2,126.526544635128,33.4999290377054
제주시,삼보,제주특별자치도 제주시 서광로30길 4,126.526508563782,33.4998537070688
제주시,송민,제주특별자치도 제주시 서광로32길 27-1,126.529333714144,33.4984535687723
제주시,소라,제주특별자치도 제주시 서광로3길 1,126.513281625594,33.5004494374459
제주시,신강남,제주특별자치도 제주시 서광로3길 2,126.513547852322,33.5004327216019
제주시,금오,제주특별자치도 제주시 서광로4길 16,126.514023052744,33.4986470004874
제주시,숨게스트하우스제주공항점,제주특별자치도 제주시 서광로5길 2-2,126.514653657113,33.5004228129806
제주시,민트게스트하우스,제주특별자치도 제주시 서광로5길 2-4,126.514777359467,33.5004134701295
제주시,리젠트마린더블루,제주특별자치도 제주시 서부두2길 20,126.526672748402,33.5174936925584
제주시,호텔휘슬락,제주특별자치도 제주시 서부두2길 26,126.527509377287,33.5173806716395
제주시,양지,제주특별자치도 제주시 서부두남길 17,126.527457094584,33.5157124406604
제주시,탑동호텔,제주특별자치도 제주시 서부두남길 19,126.527476785577,33.5158917518745
제주시,보보스모텔,제주특별자치도 제주시 서부두남길 20,126.52781119319,33.5158546192873
제주시,뉴스타,제주특별자치도 제주시 서사로 102,126.519623750964,33.5032905803739
제주시,보영,제주특별자치도 제주시 서사로 122,126.519607456407,33.5016232038989
제주시,찰리호텔,제주특별자치도 제주시 서사로 128,126.519597076329,33.5009696899588
제주시,아스타호텔,제주특별자치도 제주시 서사로 129,126.520239404657,33.5008391038202
제주시,무궁화,제주특별자치도 제주시 서사로 16,126.519347298114,33.511035075447
제주시,경성,제주특별자치도 제주시 서사로 168,126.519529825871,33.4973252842917
제주시,명신,제주특별자치도 제주시 서사로 181,126.519969452943,33.496129853795
제주시,동해,제주특별자치도 제주시 서사로 182,126.519361466656,33.4961277674489
제주시,제주퍼시픽,제주특별자치도 제주시 서사로 20,126.518882130838,33.5106648799843
제주시,서사라,제주특별자치도 제주시 서사로 99,126.520111320041,33.5034561988217
제주시,사라,제주특별자치도 제주시 서사로13길 2,126.520262529889,33.5034553418583
제주시,르네상스호텔,제주특별자치도 제주시 서사로14길 1,126.519439016253,33.5034378151393
제주시,국일,제주특별자치도 제주시 서사로17길 2,126.520302600196,33.5017710534438
제주시,서로,제주특별자치도 제주시 서사로17길 3,126.520421165738,33.5021079864469
제주시,덕원호텔,제주특별자치도 제주시 서사로17길 4,126.520422266325,33.5018889039282
제주시,쌈지모텔,제주특별자치도 제주시 서사로4길 15-1,126.518640557871,33.5095280278102
제주시,오드리인,제주특별자치도 제주시 서해안로 100,126.460175084757,33.5030627739878
제주시,썬비치리조트,제주특별자치도 제주시 서해안로 114,126.461406387493,33.5025176228522
제주시,노벨리조트,제주특별자치도 제주시 서해안로 122,126.462334949146,33.5024074246196
제주시,해든호텔,제주특별자치도 제주시 서해안로 204,126.469888514433,33.5065574381843
제주시,아모렉스,제주특별자치도 제주시 서해안로 216,126.470205811661,33.5074540725399
제주시,제이바다호텔,제주특별자치도 제주시 서해안로 258,126.473342172653,33.5090912053255
제주시,미라클호텔,제주특별자치도 제주시 서해안로 346-14,126.481251818316,33.5094166021606
제주시,씨엘블루호텔,제주특별자치도 제주시 서해안로 368-3,126.484992820558,33.5115578856429
제주시,(주)호텔알리앙스,제주특별자치도 제주시 서해안로 380,126.484509957101,33.5123994033523
제주시,호텔몽듀,제주특별자치도 제주시 서해안로 382,126.484543426101,33.5126904851385
제주시,로긴리조트,제주특별자치도 제주시 서해안로 442-11,126.488599048471,33.5169900177317
제주시,로긴호텔,제주특별자치도 제주시 서해안로 442-9,126.488023067221,33.517395697105
제주시,제주펜션오다,제주특별자치도 제주시 서해안로 452,126.487783558057,33.5177092708978
제주시,에덴,제주특별자치도 제주시 서해안로 456-12,126.489183838024,33.5183811462137
제주시,삼다호스텔,제주특별자치도 제주시 서해안로 456-6,126.488856891836,33.5181701783961
제주시,더비치 호스텔,제주특별자치도 제주시 서해안로 486-4,126.490733515467,33.5185248388879
제주시,해 호텔,제주특별자치도 제주시 서해안로 526,126.495217012094,33.519607875848
제주시,그림리조트,제주특별자치도 제주시 서해안로 620-1,126.503483773385,33.516184958784
제주시,비스타리조트,제주특별자치도 제주시 서해안로 74,126.457584925459,33.5030454208996
제주시,스완지,제주특별자치도 제주시 서해안로 84,126.458221936363,33.5030253077101
제주시,호텔난타,제주특별자치도 제주시 선돌목동길 56-26,126.547910362525,33.4458273484614
제주시,한라산콘도미니엄,제주특별자치도 제주시 선돌목동길 56-46,126.544710028678,33.4441227029338
제주시,블랙샌즈호텔,제주특별자치도 제주시 선사로 8,126.587313405004,33.5219438090231
제주시,노형호텔,제주특별자치도 제주시 수덕1길 7,126.478119524771,33.4861089756651
제주시,도일,제주특별자치도 제주시 신광로 102,126.489570808049,33.4830835912216
제주시,너븐팡 게스트하우스,제주특별자치도 제주시 신광로 102-1,126.489578677174,33.482934319867
제주시,잠자리호텔,제주특별자치도 제주시 신광로 104,126.489579789682,33.4828180189782
제주시,스카이리더스호텔,제주특별자치도 제주시 신광로 106,126.489583833646,33.48262383254
제주시,에코유니,제주특별자치도 제주시 신광로 12,126.489929357229,33.4911517931438
제주시,에코드파리,제주특별자치도 제주시 신광로 16,126.489906347045,33.4906900835037
제주시,세종호텔,제주특별자치도 제주시 신광로 74,126.489708031971,33.4854617461538
제주시,탐라지오,제주특별자치도 제주시 신광로 79,126.490162763278,33.4850531226516
제주시,샤인모텔,제주특별자치도 제주시 신광로 80,126.489707348831,33.4850645017043
제주시,썬랜드호텔,제주특별자치도 제주시 신광로 92,126.489598598606,33.4839587915524
제주시,라움호텔,제주특별자치도 제주시 신광로10길 1,126.489375385112,33.4836575515652
제주시,재도,제주특별자치도 제주시 신광로1길 38,126.4909747394,33.4923269886645
제주시,하하,제주특별자치도 제주시 신광로4길 10,126.488784628189,33.4890158935168
제주시,하얀성,제주특별자치도 제주시 신광로4길 14,126.48858493311,33.4890320194924
제주시,엠제이호텔,제주특별자치도 제주시 신광로4길 16,126.488396974719,33.4890284487384
제주시,아이존호텔,제주특별자치도 제주시 신광로4길 18,126.488197269004,33.4890280749143
제주시,에코티엘,제주특별자치도 제주시 신광로4길 24,126.487611339588,33.4891080591411
제주시,에코힐튼,제주특별자치도 제주시 신광로4길 28,126.487268866975,33.4891590251227
제주시,더오크라,제주특별자치도 제주시 신광로4길 38,126.486067034529,33.4891098687418
제주시,초콜릿,제주특별자치도 제주시 신광로4길 8,126.488989976148,33.4890082654928
제주시,제주코아호텔,제주특별자치도 제주시 신대로 148,126.496047660395,33.4840832766651
제주시,아라장,제주특별자치도 제주시 신대로 149,126.496695103801,33.4840200012453
제주시,씨티호텔,제주특별자치도 제주시 신대로 170,126.495113997151,33.4824987134851
제주시,제주마리나,제주특별자치도 제주시 신대로 45,126.49721649592,33.49322070403
제주시,제주미주호텔,제주특별자치도 제주시 신대로 60,126.496393474791,33.4921506887305
제주시,현대,제주특별자치도 제주시 신대로 68,126.496365273693,33.491371508571
제주시,갤러리호텔비,제주특별자치도 제주시 신대로12길 16,126.494909537285,33.4888438306614
제주시,뉴신라,제주특별자치도 제주시 신대로12길 40,126.492453306802,33.4889212496394
제주시,다이아몬드호텔,제주특별자치도 제주시 신대로12길 42,126.492226204894,33.4889321301621
제주시,유한회사 형석로얄,제주특별자치도 제주시 신대로12길 45,126.491695179503,33.4885292856536
제주시,애니,제주특별자치도 제주시 신대로18길 50,126.491079238816,33.4849294945023
제주시,잠,제주특별자치도 제주시 신대로18길 52,126.490941338089,33.4849414602763
제주시,아트,제주특별자치도 제주시 신대로20길 48,126.491218953278,33.4839264152071
제주시,펄호텔제주,제주특별자치도 제주시 신대로20길 49,126.490888713962,33.4835637908278
제주시,아이진호텔,제주특별자치도 제주시 신대로22길 4,126.494817756213,33.4824494513984
제주시,평화,제주특별자치도 제주시 신대로7길 1,126.497200590469,33.4919511982257
제주시,뉴해안풍경,제주특별자치도 제주시 신사수2길 8-2,126.47477443577,33.5088991166783
제주시,쌍송,제주특별자치도 제주시 신산로 19,126.531918504175,33.5116228142893
제주시,더하우스,제주특별자치도 제주시 신산로 69,126.534329590975,33.5076297371796
제주시,대아,제주특별자치도 제주시 신산로 77,126.534801609121,33.5069702831532
제주시,알프스호텔,제주특별자치도 제주시 신산로 79,126.534977601051,33.5067036219106
제주시,동남아,제주특별자치도 제주시 신산로 93-2,126.535866646828,33.5055401155046
제주시,제주인,제주특별자치도 제주시 신산마을길 20,126.445688378249,33.4918314667022
제주시,줄리아나모텔,제주특별자치도 제주시 신성로13길 25-1,126.530404107108,33.4980415450343
제주시,힐스테이,제주특별자치도 제주시 아란8길 5-1,126.545109060214,33.4731782919118
제주시,아란스테이,제주특별자치도 제주시 아란9길 6-4,126.545059214374,33.4727527354481
제주시,테라스힐,제주특별자치도 제주시 아봉로 346,126.572741389775,33.4703767167318
제주시,레몬트리,제주특별자치도 제주시 애월읍 가문동길 4,126.394993936571,33.4839303949885
제주시,모텔아시아,제주특별자치도 제주시 애월읍 가문동길 79,126.390726246714,33.4888424268793
제주시,제주리조트,제주특별자치도 제주시 애월읍 가문동상4길 11,126.393056976403,33.4829191708824
제주시,샐리스제주호텔,제주특별자치도 제주시 애월읍 고내로 46,126.34171577343,33.4646615598252
제주시,리치호텔,제주특별자치도 제주시 애월읍 고내로13길 100,126.348940625153,33.4720684674466
제주시,뉴오션리조트,제주특별자치도 제주시 애월읍 고내로13길 59,126.345584583061,33.4694637851593
제주시,마녀가탄빗자루,제주특별자치도 제주시 애월읍 고내로13길 73,126.34664653139,33.4704011757808
제주시,빌레리조트,제주특별자치도 제주시 애월읍 고내로13길 79,126.347374575675,33.471410819912
제주시,끌림삼육오,제주특별자치도 제주시 애월읍 고내로13길 83,126.347630158116,33.4709115148584
제주시,헤브론힐 리조트,제주특별자치도 제주시 애월읍 고성남서길 76,126.422416531611,33.4274405760962
제주시,위드유,제주특별자치도 제주시 애월읍 곽납로 38,126.31510228513,33.4442558668863
제주시,(주)호텔알리앙스,제주특별자치도 제주시 애월읍 곽지1길 23,126.304053062486,33.4482540984334
제주시,제주애월리조트,제주특별자치도 제주시 애월읍 광령평화2길 116-20,126.432615134641,33.4342674764481
제주시,제주애월리조트투,제주특별자치도 제주시 애월읍 광령평화2길 116-20,126.432615134641,33.4342674764481
제주시,쌩텀펜션원,제주특별자치도 제주시 애월읍 광령평화2길 116-31,126.432722733696,33.4335962792301
제주시,쌩텀펜션,제주특별자치도 제주시 애월읍 광령평화2길 116-33,126.432554936099,33.4336861220795
제주시,올레해오름,제주특별자치도 제주시 애월읍 광령평화2길 142-19,126.433255341822,33.4321073830509
제주시,유티에스골프빌리지,제주특별자치도 제주시 애월읍 광령평화2길 170-2,126.43438710578,33.4306313157828
제주시,금성당,제주특별자치도 제주시 애월읍 광령평화2길 17-3,126.431393672603,33.4398388848508
제주시,엑스오드라이브인호텔,제주특별자치도 제주시 애월읍 광령평화2길 35,126.42994384691,33.4406236493347
제주시,모이라호텔,제주특별자치도 제주시 애월읍 광령평화8길 20,126.440653541876,33.4500236742727
제주시,선타운,제주특별자치도 제주시 애월읍 광령평화8길 47-7,126.443384800424,33.4481446892351
제주시,해밀,제주특별자치도 제주시 애월읍 광상로 272,126.404100904258,33.4436270849246
제주시,깡통텔,제주특별자치도 제주시 애월읍 광상로 49-1,126.424989308449,33.4464453627933
제주시,정담하우스,제주특별자치도 제주시 애월읍 금성1길 29-1,126.299669412656,33.4469079631895
제주시,예예통나무펜션,제주특별자치도 제주시 애월읍 도치돌길 279-1,126.364335045103,33.4106764545578
제주시,킹스통나무,제주특별자치도 제주시 애월읍 도치돌길 283,126.364557839329,33.4103304816252
제주시,통나무파크,제주특별자치도 제주시 애월읍 도치돌길 293,126.36573023443,33.4099506881118
제주시,로하스통나무집,제주특별자치도 제주시 애월읍 봉매동산길 153-20,126.373825949136,33.4143094642034
제주시,밀레니엄호텔,제주특별자치도 제주시 애월읍 부룡수길 13,126.354588504874,33.4750328458823
제주시,(주)호텔앤리조트 올레리조트,제주특별자치도 제주시 애월읍 부룡수길 33,126.356269452893,33.4753868045328
제주시,카프리애월,제주특별자치도 제주시 애월읍 부룡수길 35-12,126.356770161417,33.4758651706932
제주시,수앤수리조트,제주특별자치도 제주시 애월읍 부룡수길 60,126.35858774901,33.474542497018
제주시,퀸스호텔,제주특별자치도 제주시 애월읍 사라길 169,126.442360016345,33.4683472321096
제주시,무인텔 포유,제주특별자치도 제주시 애월읍 상가목장길 12,126.379615878311,33.3988429851458
제주시,노꼬메리조트,제주특별자치도 제주시 애월읍 상가목장길 84,126.38317885864,33.3931778799612
제주시,제주야스라기,제주특별자치도 제주시 애월읍 상귀서길 82-34,126.404519555713,33.4631897643837
제주시,통나무밸리,제주특별자치도 제주시 애월읍 소길남길 177,126.375712783567,33.4195437181234
제주시,로그밸리,제주특별자치도 제주시 애월읍 소길남길 190-19,126.375695724678,33.4169396453156
제주시,멍멍플레이스펜션,제주특별자치도 제주시 애월읍 소길남길 244-5,126.379461132594,33.4162696284449
제주시,제주엠,제주특별자치도 제주시 애월읍 신상로 196,126.365237961264,33.4543530376779
제주시,레드클레이호스텔,제주특별자치도 제주시 애월읍 신상로 266,126.365927531172,33.4486310210842
제주시,조이황토리조트,제주특별자치도 제주시 애월읍 신상로 268,126.366425879212,33.4489472316493
제주시,애월애 휴양펜션,제주특별자치도 제주시 애월읍 신엄1길 12,126.358033239725,33.4687399927376
제주시,꿈의바다,제주특별자치도 제주시 애월읍 신엄9길 65-11,126.365856144003,33.4769320447654
제주시,아마스빌,제주특별자치도 제주시 애월읍 신엄안3길 101,126.357084224116,33.4723948834959
제주시,마레보 가족호텔,제주특별자치도 제주시 애월읍 신엄안3길 135,126.354447319405,33.4706419288473
제주시,머무른채,제주특별자치도 제주시 애월읍 애상로 89,126.332562379319,33.457972706043
제주시,제주조이랜드,제주특별자치도 제주시 애월읍 애원로 116-5,126.325127640114,33.4549145791851
제주시,나디아호스텔,제주특별자치도 제주시 애월읍 애원로 74,126.322396937446,33.4580565880243
제주시,스테이헤이븐,제주특별자치도 제주시 애월읍 애월로 11,126.311231581006,33.4601140551333
제주시,지금이순간,제주특별자치도 제주시 애월읍 애월로 15-1,126.310992665125,33.4604152091239
제주시,파란노을 제주애월,제주특별자치도 제주시 애월읍 애월로 37,126.312270179629,33.4621761546953
제주시,제주토비스콘도,제주특별자치도 제주시 애월읍 애월로1길 8,126.312441948373,33.4630773393015
제주시,제주토비스콘도,제주특별자치도 제주시 애월읍 애월로1길 8,126.312441948373,33.4630773393015
제주시,솔트,제주특별자치도 제주시 애월읍 애월해안로 226,126.336319335669,33.4670010710068
제주시,씨스테이호텔,제주특별자치도 제주시 애월읍 애월해안로 255,126.338979975015,33.4676051946711
제주시,다인오세아노호텔,제주특별자치도 제주시 애월읍 애월해안로 394,126.350469981633,33.4724996952023
제주시,(주)다인리조트,제주특별자치도 제주시 애월읍 애월해안로 400-9,126.351254456244,33.4714454320809
제주시,(주)다인리조트투(2차),제주특별자치도 제주시 애월읍 애월해안로 400-9,126.351254456244,33.4714454320809
제주시,루스톤빌라앤호텔,제주특별자치도 제주시 애월읍 애월해안로 406,126.352576892807,33.4713620976084
제주시,루스톤호텔,제주특별자치도 제주시 애월읍 애월해안로 408,126.352753404945,33.4719296661155
제주시,씨앤힐 스파팬션,제주특별자치도 제주시 애월읍 애월해안로 412,126.352459542722,33.4729651351682
제주시,에스엠하이플러스(주),제주특별자치도 제주시 애월읍 애월해안로 516-7,126.360000440645,33.4776700973418
제주시,애월바다호텔제주,제주특별자치도 제주시 애월읍 애월해안로 554-10,126.3628237162,33.477273700911
제주시,(주)베니키아호텔제주,제주특별자치도 제주시 애월읍 애월해안로 554-6,126.362199049781,33.4776733164782
제주시,윈드힐호스텔,제주특별자치도 제주시 애월읍 애월해안로 554-8,126.362846629387,33.4776414853493
제주시,유니호텔,제주특별자치도 제주시 애월읍 애월해안로 656,126.373444181419,33.479467488841
제주시,제주동양콘도미니엄,제주특별자치도 제주시 애월읍 애월해안로 708,126.377381686838,33.4825685926109
제주시,탐라스테이 제주,제주특별자치도 제주시 애월읍 애월해안로 881,126.391243836166,33.4869309032464
제주시,나비스호스텔,제주특별자치도 제주시 애월읍 애월해안로 885,126.39153709177,33.4864619858701
제주시,제주프레임호스텔,제주특별자치도 제주시 애월읍 애월해안로 907,126.392415655988,33.4848548908049
제주시,우림호텔,제주특별자치도 제주시 애월읍 애월해안로 917,126.393430703735,33.4843002481794
제주시,시드니호텔,제주특별자치도 제주시 애월읍 애월해안로 943,126.395748516158,33.4836639609109
제주시,시드니투,제주특별자치도 제주시 애월읍 애월해안로 945,126.396051051279,33.4836977124161
제주시,홍스랜드,제주특별자치도 제주시 애월읍 어음13길 25-45,126.347278604775,33.4028909767263
제주시,제주무이,제주특별자치도 제주시 애월읍 엄수로 148,126.388097370565,33.4690992300859
제주시,제주시간여행 휴양펜션,제주특별자치도 제주시 애월읍 엄장로 17-6,126.376155857241,33.4720049389483
제주시,폴라리스,제주특별자치도 제주시 애월읍 유수암동3길 45,126.408125015183,33.4381145371326
제주시,베누스,제주특별자치도 제주시 애월읍 유수암평화5길 92,126.406229835833,33.4207184787727
제주시,엘쯔,제주특별자치도 제주시 애월읍 유수암평화길 136,126.407051384046,33.4299836943157
제주시,일루아,제주특별자치도 제주시 애월읍 유수암평화길 180,126.40973126205,33.4282734372579
제주시,해모루,제주특별자치도 제주시 애월읍 유수암평화길 227,126.408773574275,33.4246349928955
제주시,애월더선셋리조트,제주특별자치도 제주시 애월읍 일주서로 6111,126.308883099393,33.456132750896
제주시,흰수염고래리조트,제주특별자치도 제주시 애월읍 일주서로 6818,126.379981214884,33.4750038790233
제주시,더스테이센추리호텔,제주특별자치도 제주시 애월읍 일주서로 7113,126.408922446102,33.4848658370464
제주시,제주29 에이,제주특별자치도 제주시 애월읍 중산간서로 5405,126.321124751631,33.4326749037407
제주시,제주29 비,제주특별자치도 제주시 애월읍 중산간서로 5407,126.321440059987,33.4328369318043
제주시,제주29 씨,제주특별자치도 제주시 애월읍 중산간서로 5411,126.321672248135,33.4330819014812
제주시,코쿤애월,제주특별자치도 제주시 애월읍 중엄3길 50,126.371639440077,33.477984258827
제주시,제주드림랜드,제주특별자치도 제주시 애월읍 평화로 1529,126.363653537792,33.361559082812
제주시,신안관광개발(주)에버리스골프리조트,제주특별자치도 제주시 애월읍 평화로 1693-75,126.362098048999,33.3781703139549
제주시,엘스위트휴양콘도미니엄,제주특별자치도 제주시 애월읍 평화로 1738-116,126.379913933214,33.3714129298932
제주시,이그니스,제주특별자치도 제주시 애월읍 평화로 2496,126.419430375909,33.432104927902
제주시,쇼모텔,제주특별자치도 제주시 애월읍 평화로 2500,126.4197298041,33.4324185518448
제주시,휴,제주특별자치도 제주시 애월읍 평화로 2519,126.420269528217,33.4350182126533
제주시,퀸,제주특별자치도 제주시 애월읍 평화로 2540,126.422771299724,33.4349382796455
제주시,헤라,제주특별자치도 제주시 애월읍 평화로 2820-67,126.446297609636,33.4590231164732
제주시,엘리시움,제주특별자치도 제주시 애월읍 평화로 2837,126.441932973981,33.4568767773686
제주시,더자라,제주특별자치도 제주시 애월읍 평화로 2839,126.442135724501,33.4565916141036
제주시,뷰,제주특별자치도 제주시 애월읍 평화로 2841,126.442285463957,33.4567405097998
제주시,광령호텔,제주특별자치도 제주시 애월읍 하광로 289,126.423706967168,33.4635893302372
제주시,나인스파빌,제주특별자치도 제주시 애월읍 하광로 518,126.430231943748,33.4453952226904
제주시,나인스파빌비,제주특별자치도 제주시 애월읍 하광로 518-1,126.429741167803,33.4452533096807
제주시,한울모텔,제주특별자치도 제주시 애월읍 하광로 540-10,126.430407586786,33.443401250933
제주시,한울모텔 2(투),제주특별자치도 제주시 애월읍 하광로 540-12,126.430497043847,33.4431245114804
제주시,스타하우스,제주특별자치도 제주시 애월읍 하광로 540-66,126.428801278252,33.4411568246173
제주시,제주조이,제주특별자치도 제주시 애월읍 하소로 503-3,126.394004969269,33.438380384627
제주시,애월힐,제주특별자치도 제주시 애월읍 하소로 507,126.393397645617,33.4379249057398
제주시,애월파라다이스리조트,제주특별자치도 제주시 애월읍 하소로 557-9,126.396397572641,33.4348872872115
제주시,대성휴양빌리지,제주특별자치도 제주시 애월읍 하소로 684-45,126.393491909345,33.4207249235354
제주시,바이더힐,제주특별자치도 제주시 애월읍 항파두리로 148,126.403623711826,33.4443525569631
제주시,(주)타미우스골프앤빌리지,제주특별자치도 제주시 애월읍 화전길 201,126.385652573868,33.3482650962691
제주시,용두암캐빈,제주특별자치도 제주시 어영길 32,126.496365529258,33.5181578387463
제주시,한림,제주특별자치도 제주시 연동10길 20,126.491724030441,33.4841061014368
제주시,호텔앨리스앤트렁크,제주특별자치도 제주시 연동12길 4,126.492999323259,33.4853675142651
제주시,스마일모텔,제주특별자치도 제주시 연동13길 42,126.494329904849,33.4861752778315
제주시,국제호텔,제주특별자치도 제주시 연동1길 8,126.486560201066,33.4892871824388
제주시,케이관광호텔,제주특별자치도 제주시 연동3길 10,126.487909756324,33.4890467221786
제주시,뉴아일랜드관광호텔,제주특별자치도 제주시 연동6길 17,126.489439625222,33.484316700119
제주시,라자,제주특별자치도 제주시 연동6길 33,126.489324557391,33.4829681646634
제주시,가이아 호텔,제주특별자치도 제주시 연동7길 4,126.490654741647,33.4894379657281
제주시,뜨레비호텔,제주특별자치도 제주시 연동7길 8,126.490574936439,33.4891930358013
제주시,노블레스호텔,제주특별자치도 제주시 연동8길 31,126.490756606356,33.4830274314676
제주시,백호모텔,제주특별자치도 제주시 연동9길 3,126.492193322832,33.4894223713289
제주시,(유)U-호텔,제주특별자치도 제주시 연동9길 38,126.491767964351,33.4865502285681
제주시,오라,제주특별자치도 제주시 연북로 217,126.504834416782,33.4819476576561
제주시,스테이앤,제주특별자치도 제주시 연삼로 26-6,126.495129505249,33.4931216086424
제주시,열안지 하우스,제주특별자치도 제주시 오라남로 265,126.512347125957,33.4389986645735
제주시,에메랄드호텔에이스,제주특별자치도 제주시 오복5길 4,126.536579146099,33.4974139337505
제주시,에스호텔(주),제주특별자치도 제주시 오일장중길 26,126.47146099303,33.4954372841662
제주시,미림,제주특별자치도 제주시 오현길 10,126.527983654867,33.5062550479842
제주시,향림,제주특별자치도 제주시 오현길 78-9,126.525757029777,33.5121771196765
제주시,비지터,제주특별자치도 제주시 오현길 85,126.52515922557,33.5123592951345
제주시,탑아일랜드,제주특별자치도 제주시 용남1길 47,126.512874909933,33.5050090790604
제주시,신라,제주특별자치도 제주시 용담로 114-1,126.513868127251,33.5105173705246
제주시,정안호스텔,제주특별자치도 제주시 용문로 166,126.51101506432,33.5089015822225
제주시,우도봉,제주특별자치도 제주시 우도면 영일길 156-32,126.967420177974,33.5000000232068
제주시,해별빌리지,제주특별자치도 제주시 우도면 우도해안길 104,126.948605412824,33.4940996773672
제주시,검멀레리조트,제주특별자치도 제주시 우도면 우도해안길 1128,126.96791507619,33.4977478540871
제주시,산호펜션,제주특별자치도 제주시 우도면 우도해안길 272,126.941918394985,33.5038808440807
제주시,그린제주우도휴양펜션,제주특별자치도 제주시 우도면 우도해안길 290,126.942148526464,33.5052808716043
제주시,썸머뷰펜션,제주특별자치도 제주시 우도면 우도해안길 378,126.943921523352,33.5114312505473
제주시,우도랜드,제주특별자치도 제주시 우도면 조일길 123-15,126.960300178194,33.5101017671922
제주시,우도고래펜션,제주특별자치도 제주시 우도면 하고수길 64,126.956611847965,33.5126733437027
제주시,청안,제주특별자치도 제주시 원노형2길 19-2,126.481354891253,33.4843734695037
제주시,모닝캄,제주특별자치도 제주시 원노형2길 21,126.48116649373,33.4843911635716
제주시,에코제니,제주특별자치도 제주시 원노형2길 29-2,126.481849386199,33.4834542008512
제주시,에코지엘,제주특별자치도 제주시 원노형2길 29-5,126.481910099111,33.4837383660727
제주시,에코리사,제주특별자치도 제주시 원노형2길 34,126.481304638657,33.4833093804015
제주시,포시즌호텔,제주특별자치도 제주시 원노형3길 19,126.483968250186,33.486464531954
제주시,위너스,제주특별자치도 제주시 원노형3길 29,126.482850645528,33.4864980105994
제주시,에코아바,제주특별자치도 제주시 원노형3길 40,126.481801586092,33.4868195539038
제주시,제주메이플호텔,제주특별자치도 제주시 원노형3길 41,126.481711789416,33.4865224645261
제주시,올리브호텔,제주특별자치도 제주시 원노형3길 5,126.485299233601,33.4863925300422
제주시,에코미르,제주특별자치도 제주시 원노형4길 1,126.482448248951,33.485879551724
제주시,늘송파크텔,제주특별자치도 제주시 원노형5길 22,126.483170982397,33.4875638564256
제주시,사쿠라모텔,제주특별자치도 제주시 원노형6길 18,126.482669921417,33.4846270839791
제주시,뉴제주호텔,제주특별자치도 제주시 원노형6길 2,126.482719657706,33.4856723269694
제주시,노형해든빌타워,제주특별자치도 제주시 원노형6길 22,126.48263598122,33.4842550355221
제주시,에코세븐,제주특별자치도 제주시 원노형6길 28,126.482636154967,33.4836828858052
제주시,호텔베니스,제주특별자치도 제주시 원노형6길 3-3,126.48335267783,33.4856497229882
제주시,에코드반트,제주특별자치도 제주시 원노형남1길 12,126.481621627116,33.4838304746055
제주시,에코세잔,제주특별자치도 제주시 원노형남1길 4,126.480923688477,33.4837895963232
제주시,자유모텔,제주특별자치도 제주시 월랑로2길 16,126.480673605967,33.4874187182793
제주시,제주노블레스관광호텔,제주특별자치도 제주시 월성로4길 19,126.503453276167,33.5011727349286
제주시,레브호텔제주,제주특별자치도 제주시 은남1길 15,126.49414728232,33.4890674719461
제주시,제니아관광호텔,제주특별자치도 제주시 은남1길 25,126.493087493113,33.4890900088331
제주시,피카소,제주특별자치도 제주시 은남1길 27,126.492805279746,33.4891041811771
제주시,피닉스,제주특별자치도 제주시 은남1길 28,126.492857439512,33.4893856913668
제주시,이채,제주특별자치도 제주시 은남1길 3,126.495362943792,33.4890149968499
제주시,동원호텔,제주특별자치도 제주시 은남1길 30,126.492710353937,33.4894031211876
제주시,상하이 호텔,제주특별자치도 제주시 은남1길 32,126.492553127887,33.4894065346338
제주시,리베로제주사랑호텔,제주특별자치도 제주시 은남1길 34,126.492366594874,33.4894166799314
제주시,호텔엘린,제주특별자치도 제주시 은남1길 4,126.495435811911,33.4893266133478
제주시,플로라제주 제이드림호텔,제주특별자치도 제주시 은남1길 40,126.491547655573,33.4894320756687
제주시,하이레지던스주식회사,제주특별자치도 제주시 은남1길 46,126.490973525324,33.4894448654446
제주시,에이티눈,제주특별자치도 제주시 은남1길 8,126.494994229961,33.4893610586273
제주시,바오젠,제주특별자치도 제주시 은남2길 41,126.49128710002,33.4881895141161
제주시,허브모텔,제주특별자치도 제주시 은남2길 43,126.491087522758,33.4882042922349
제주시,에코라엘,제주특별자치도 제주시 은남3길 44,126.491229592463,33.4875170509149
제주시,힐파크모텔,제주특별자치도 제주시 은남3길 46,126.491068559604,33.4875280202422
제주시,샾,제주특별자치도 제주시 은남4길 33,126.492347858004,33.4862286632014
제주시,메이저투(Ⅱ)호스텔,제주특별자치도 제주시 은남4길 40,126.491534450762,33.4865545901
제주시,호텔더블유,제주특별자치도 제주시 은남4길 42,126.491300808475,33.4865625570328
제주시,프린스,제주특별자치도 제주시 은남4길 46,126.490837427306,33.4865733665372
제주시,해피모텔,제주특별자치도 제주시 은남4길 9,126.4947406827,33.4861990422746
제주시,신제주모텔,제주특별자치도 제주시 은남길 29,126.495952979796,33.4871475856999
제주시,뉴코리아,제주특별자치도 제주시 은남길 37,126.495916546342,33.4863044484407
제주시,그라벨호텔제주,제주특별자치도 제주시 일주서로 7316,126.428653547426,33.4923861986651
제주시,해미안,제주특별자치도 제주시 일주서로 7353,126.43213737845,33.4938185172154
제주시,씨앤,제주특별자치도 제주시 일주서로 7490,126.447043718345,33.4936160864809
제주시,오션패밀리호텔,제주특별자치도 제주시 일주서로 7531,126.450487376268,33.4952636420843
제주시,사모아,제주특별자치도 제주시 임항로 16,126.526547780818,33.5163479254124
제주시,호텔더블류탑동점,제주특별자치도 제주시 임항로 24,126.527245894804,33.516309929953
제주시,심스호텔,제주특별자치도 제주시 임항로 249,126.539547765578,33.5178100825319
제주시,하버,제주특별자치도 제주시 임항로 260,126.538265342908,33.5176947739466
제주시,체크인,제주특별자치도 제주시 임항로 28,126.52778792877,33.5162536645104
제주시,친절,제주특별자치도 제주시 임항로 74-1,126.532962606742,33.5168932158128
제주시,더엠호텔,제주특별자치도 제주시 전농로 59,126.519550194647,33.5045856114619
제주시,백조,제주특별자치도 제주시 전농로7길 43,126.517810856578,33.5083260464573
제주시,서울,제주특별자치도 제주시 전농로7길 44-1,126.518114513257,33.5083954783614
제주시,모나코호텔,제주특별자치도 제주시 제원1길 1,126.489147241181,33.4891996907284
제주시,우리,제주특별자치도 제주시 제원1길 13,126.487917817989,33.489249253009
제주시,뮤즈모텔,제주특별자치도 제주시 제원1길 15,126.487737912099,33.4892485996215
제주시,씨스카이 게스트하우스,제주특별자치도 제주시 제원1길 18,126.48751582128,33.4895593616287
제주시,귀빈,제주특별자치도 제주시 제원1길 20,126.487374144907,33.489553366093
제주시,청심,제주특별자치도 제주시 제원1길 22,126.487234678724,33.4895557643435
제주시,스테이앤2,제주특별자치도 제주시 제원1길 24,126.487081805147,33.4895508942107
제주시,라벤다,제주특별자치도 제주시 제원1길 30,126.486301208317,33.4895598323373
제주시,만년,제주특별자치도 제주시 제원1길 32,126.486143675552,33.4895604414425
제주시,블루아일랜드,제주특별자치도 제주시 제원1길 5,126.4888834756,33.4892055453772
제주시,금호훼밀리호텔,제주특별자치도 제주시 제원1길 9,126.48834455899,33.4892320822469
제주시,아람,제주특별자치도 제주시 제원4길 23,126.486845372268,33.4864000237421
제주시,에코퓨리,제주특별자치도 제주시 제원길 17,126.48955591599,33.4883369283913
제주시,산지물호텔,제주특별자치도 제주시 제원길 37,126.489482999932,33.4866251357011
제주시,아리랑,제주특별자치도 제주시 제원길 39,126.489481446696,33.486468071931
제주시,해피데이,제주특별자치도 제주시 제원길 43,126.489460074349,33.4861862362961
제주시,아르떼스파앤풀빌라,제주특별자치도 제주시 조천읍 곱은달남길 214,126.67070314073,33.4928317884698
제주시,풀빌라소랑,제주특별자치도 제주시 조천읍 곱은달남길 216,126.671193220403,33.4927079477928
제주시,제주팜파스리조트,제주특별자치도 제주시 조천읍 교래1길 41-12,126.673862166298,33.4360989687122
제주시,샘터휴양펜션,제주특별자치도 제주시 조천읍 교래1길 45-3,126.673409410338,33.4364503059772
제주시,더올레,제주특별자치도 제주시 조천읍 교래4길 74,126.675540977138,33.4239470696951
제주시,더갤러리,제주특별자치도 제주시 조천읍 남조로 1717-24,126.675496095664,33.4221094713293
제주시,더 갤러리 모던,제주특별자치도 제주시 조천읍 남조로 1717-36,126.674065888221,33.4218742784506
제주시,코지,제주특별자치도 제주시 조천읍 남조로 1726,126.676987445111,33.4222986445257
제주시,교래텔,제주특별자치도 제주시 조천읍 남조로 1772-39,126.67565976019,33.4278002281523
제주시,제주로뎀나무하우스,제주특별자치도 제주시 조천읍 남조로 2119-39,126.657446395973,33.4569075950432
제주시,한국교회이기풍선교기념관,제주특별자치도 제주시 조천읍 남조로 2125,126.65980080505,33.4564736438669
제주시,티(T),제주특별자치도 제주시 조천읍 남조로 2393,126.65469584993,33.4772702365045
제주시,아랑조아,제주특별자치도 제주시 조천읍 남조로 2397,126.654265200404,33.4776434709962
제주시,먼나머루휴양펜션,제주특별자치도 제주시 조천읍 남조로 2528,126.650375633568,33.4883666526103
제주시,절물앞동천펜션,제주특별자치도 제주시 조천읍 명림로 655-77,126.640432256185,33.4343124345079
제주시,길섶나그네,제주특별자치도 제주시 조천읍 미래로 241,126.678608272459,33.4683278964273
제주시,맥스,제주특별자치도 제주시 조천읍 번영로 1208-7,126.663407064943,33.4691301011119
제주시,에코랜드 골프호텔,제주특별자치도 제주시 조천읍 번영로 1278-169,126.668852765522,33.4553485144602
제주시,한라산도깨비게스트하우스,제주특별자치도 제주시 조천읍 번영로 1616-6,126.702824901621,33.456938111819
제주시,크라운 골프텔,제주특별자치도 제주시 조천읍 북선로 125,126.699337553719,33.5328261441026
제주시,크라운컨트리클럽골프빌리지,제주특별자치도 제주시 조천읍 북선로 125,126.699337553719,33.5328261441026
제주시,파크비치,제주특별자치도 제주시 조천읍 북촌1길 58,126.68448181193,33.5490340016772
제주시,바다마을휴양펜션,제주특별자치도 제주시 조천읍 북촌서길 22,126.686869549686,33.5482853405592
제주시,스위트캐슬,제주특별자치도 제주시 조천읍 신북로 443,126.656903706367,33.5442077351881
제주시,라마다바이윈덤제주더함덕호텔,제주특별자치도 제주시 조천읍 신북로 470,126.659873203915,33.5431499755046
제주시,제주선샤인호텔,제주특별자치도 제주시 조천읍 신북로 481-9,126.661800373194,33.5442561878724
제주시,큰돈물,제주특별자치도 제주시 조천읍 신북로 491-1,126.662710256909,33.5431856851369
제주시,소곤닥하우스,제주특별자치도 제주시 조천읍 신북로 497,126.663306450854,33.5428449731662
제주시,해오름,제주특별자치도 제주시 조천읍 신북로 523,126.665971016422,33.5420394042026
제주시,함덕장모텔,제주특별자치도 제주시 조천읍 신북로 546,126.668043450624,33.5410142767943
제주시,소노벨타워에이비제주,제주특별자치도 제주시 조천읍 신북로 577,126.67113074618,33.5410260306975
제주시,소노벨타워씨제주,제주특별자치도 제주시 조천읍 신북로 577,126.67113074618,33.5410260306975
제주시,힐하우스,제주특별자치도 제주시 조천읍 신북로 621,126.675764556011,33.5404351749917
제주시,브리코텔,제주특별자치도 제주시 조천읍 신북로 661,126.679677188598,33.5412964615221
제주시,삼육구,제주특별자치도 제주시 조천읍 와흘로 369,126.645996914464,33.473710248105
제주시,제주레포츠랜드주식회사,제주특별자치도 제주시 조천읍 와흘상서2길 47,126.638727275764,33.4823230001288
제주시,북촌플레이스Ⅱ,제주특별자치도 제주시 조천읍 일주동로 1435,126.688103523065,33.5456751897307
제주시,북촌플레이스Ⅰ,제주특별자치도 제주시 조천읍 일주동로 1437,126.68833258812,33.545512488102
제주시,캐슬풀리조트,제주특별자치도 제주시 조천읍 일주동로 1579,126.701649743072,33.5523334717144
제주시,도담촌,제주특별자치도 제주시 조천읍 일주동로 1594,126.703589648154,33.5515031667042
제주시,(주)사조그랜드리조트,제주특별자치도 제주시 조천읍 일주동로 1616-7,126.705080026895,33.5517933419039
제주시,제주도한달살기,제주특별자치도 제주시 조천읍 조천9길 10,126.636875770212,33.5368805494384
제주시,(주)아이미제주비치호텔,제주특별자치도 제주시 조천읍 조함해안로 474,126.663413383771,33.5432847899896
제주시,포엠하우스,제주특별자치도 제주시 조천읍 조함해안로 476-1,126.663864667759,33.5431906274128
제주시,바리스테이,제주특별자치도 제주시 조천읍 조함해안로 476-3,126.663500803818,33.5429255628435
제주시,풍경채,제주특별자치도 제주시 조천읍 조함해안로 482-1,126.66447094805,33.5428298316953
제주시,(주)오션그랜드호텔,제주특별자치도 제주시 조천읍 조함해안로 490,126.665181343855,33.5425514495786
제주시,비치스토리호텔,제주특별자치도 제주시 조천읍 조함해안로 492-5,126.665400710084,33.5421205404978
제주시,유탑 유블레스호텔 제주,제주특별자치도 제주시 조천읍 조함해안로 502,126.666209171617,33.5424051010993
제주시,아트스테이함덕비치,제주특별자치도 제주시 조천읍 조함해안로 504,126.666865346791,33.5423935245741
제주시,스파벨리스,제주특별자치도 제주시 조천읍 종인내길 133,126.62336207886,33.4951366663104
제주시,트레비앙,제주특별자치도 제주시 조천읍 중산간동로 1364,126.707648560817,33.504820438531
제주시,와흘팽나무집,제주특별자치도 제주시 조천읍 중산간동로 456,126.635582375529,33.5028316459919
제주시,유성여관,제주특별자치도 제주시 조천읍 함덕13길 9,126.667749322677,33.5422478581153
제주시,제주라마다서우봉비치,제주특별자치도 제주시 조천읍 함덕6길 10,126.660286611625,33.5428305042691
제주시,마이다스레지던스,제주특별자치도 제주시 조천읍 함덕8길 13-1,126.662617742807,33.5420840482426
제주시,스테이위드함덕,제주특별자치도 제주시 조천읍 함덕로 10,126.67372764826,33.5409733050147
제주시,내츄럴하우스,제주특별자치도 제주시 조천읍 함와로 424,126.674698832054,33.5049655106422
제주시,제주스카이라인휴양펜션,제주특별자치도 제주시 주르레남길 19,126.483190137595,33.4414138979465
제주시,한울타리,제주특별자치도 제주시 중앙로 143,126.525566619171,33.5060261881469
제주시,(주)칼호텔네트워크(제주KAL호텔),제주특별자치도 제주시 중앙로 151,126.526436741367,33.5056715853147
제주시,금동,제주특별자치도 제주시 중앙로 178-1,126.527038332503,33.5031221985735
제주시,광명,제주특별자치도 제주시 중앙로 186-2,126.527593884369,33.502305762724
제주시,오르다게스트하우스,제주특별자치도 제주시 중앙로 192,126.527895640546,33.502068712276
제주시,뷰띠끄 헤르츠 호텔,제주특별자치도 제주시 중앙로 252,126.531118922942,33.4973930315235
제주시,남경씨티호텔,제주특별자치도 제주시 중앙로 28,126.524531606226,33.515768234511
제주시,라마다제주시티호텔,제주특별자치도 제주시 중앙로 304,126.534296856443,33.4935050841641
제주시,농땡이연구소,제주특별자치도 제주시 중앙로 49,126.524885912218,33.5138237822616
제주시,에노스호텔,제주특별자치도 제주시 중앙로12길 35,126.521137765729,33.5120589130134
제주시,제주스스토리인제주,제주특별자치도 제주시 중앙로12길 5,126.523865453693,33.5118191452655
제주시,세안,제주특별자치도 제주시 중앙로14길 28,126.521454336221,33.5111735123575
제주시,남일,제주특별자치도 제주시 중앙로14길 30,126.521319992149,33.511138642738
제주시,알앤티호텔,제주특별자치도 제주시 중앙로14길 30-1,126.521210084969,33.5112396469335
제주시,만금,제주특별자치도 제주시 중앙로15길 6,126.524596543938,33.5104484699218
제주시,오형,제주특별자치도 제주시 중앙로15길 8-1,126.5248425928,33.5103676396026
제주시,제주타워,제주특별자치도 제주시 중앙로1길 12,126.525891788403,33.5161818680428
제주시,글로벌,제주특별자치도 제주시 중앙로1길 14-1,126.526192321436,33.5161592159402
제주시,베드라디오동문점,제주특별자치도 제주시 중앙로1길 41-1,126.529305091788,33.5162453738644
제주시,한성,제주특별자치도 제주시 중앙로22길 3,126.523993983677,33.5075499758607
제주시,싱글스토리,제주특별자치도 제주시 중앙로23길 24-6,126.527438612549,33.5071931497112
제주시,수와정,제주특별자치도 제주시 중앙로25길 7,126.526291031815,33.506400505881
제주시,호호네작은하우스,제주특별자치도 제주시 중앙로2길 11,126.523587814007,33.5166614197415
제주시,석류,제주특별자치도 제주시 중앙로2길 21,126.522640168184,33.5169004794568
제주시,제주담스테이,제주특별자치도 제주시 중앙로2길 35-1,126.521032130375,33.5173418213074
제주시,태경,제주특별자치도 제주시 중앙로2길 39,126.520668300578,33.5174427443868
제주시,해짓골,제주특별자치도 제주시 중앙로3길 1,126.525141973421,33.5160098577292
제주시,정원,제주특별자치도 제주시 중앙로3길 14,126.526029719302,33.5156002392345
제주시,태양,제주특별자치도 제주시 중앙로3길 2,126.525074355575,33.5158565085411
제주시,명승,제주특별자치도 제주시 중앙로3길 3,126.525322779088,33.5160531057345
제주시,히트여관,제주특별자치도 제주시 중앙로3길 34,126.528067952222,33.5151515460119
제주시,타기,제주특별자치도 제주시 중앙로5길 12,126.525904918482,33.5151954886947
제주시,제주공항근처파티하는난장,제주특별자치도 제주시 중앙로5길 13,126.526087771672,33.5153367462572
제주시,이꼬이,제주특별자치도 제주시 중앙로5길 18,126.5266243778,33.515070574932
제주시,제주비전하우스,제주특별자치도 제주시 중앙로5길 3,126.525089155679,33.5157481040144
제주시,씨에프모텔,제주특별자치도 제주시 중앙로7길 21-1,126.527039846499,33.515208572469
제주시,수진,제주특별자치도 제주시 중앙로7길 29-1,126.527837372802,33.5149387035101
제주시,탑모텔,제주특별자치도 제주시 중앙로8길 5,126.524133295165,33.5147181559226
제주시,추자바다25시,제주특별자치도 제주시 추자면 묵리2길 48,126.315032853646,33.9448253696947
제주시,태흥여관,제주특별자치도 제주시 추자면 추자로 34,126.295797015139,33.9630743349589
제주시,여정여관,제주특별자치도 제주시 추자면 추자로 4-1,126.297868223565,33.9626972562244
제주시,추자풀하우스,제주특별자치도 제주시 추자면 추자로 50,126.294220641172,33.9626422265053
제주시,해변장 여관,제주특별자치도 제주시 추자면 추자로 532,126.325260507911,33.9426656535868
제주시,뉴추자아일랜드,제주특별자치도 제주시 추자면 추자로 581-6,126.3287547466,33.9466899192081
제주시,황재여관,제주특별자치도 제주시 추자면 추자로 70,126.294838632144,33.961095620576
제주시,우성,제주특별자치도 제주시 칠성로길 37-1,126.526924875792,33.5145790038509
제주시,제일,제주특별자치도 제주시 칠성로길 37-4,126.527136168554,33.5146762807259
제주시,칠성,제주특별자치도 제주시 칠성로길 44-3,126.527341988285,33.5139987097021
제주시,제주비치호텔,제주특별자치도 제주시 탑동로 17,126.522873336511,33.5170716880602
제주시,해광,제주특별자치도 제주시 탑동로 29,126.521665166793,33.517376183669
제주시,제주오리엔탈,제주특별자치도 제주시 탑동로 47,126.519797903493,33.5175876847311
제주시,제주서울,제주특별자치도 제주시 탑동로 5,126.524176420811,33.5167693484119
제주시,더케이제주호텔(주)라마다프라자제주호텔,제주특별자치도 제주시 탑동로 66,126.518138492511,33.5188061398631
제주시,제주팔레스개발(주),제주특별자치도 제주시 탑동로 9,126.523715581968,33.5168766697344
제주시,디룸,제주특별자치도 제주시 탑동로2길 3,126.52331515606,33.5177045919272
제주시,은정,제주특별자치도 제주시 탑동로3길 4,126.521695539587,33.5170401883672
제주시,주식회사 오션스위츠,제주특별자치도 제주시 탑동해안로 74,126.523105495296,33.5182705240955
제주시,메모리,제주특별자치도 제주시 평전1길 1,126.518975139867,33.5003511291453
제주시,비앤비,제주특별자치도 제주시 평전길 2-2,126.519363469789,33.5004777770822
제주시,아이지에이치,제주특별자치도 제주시 한경면 금등3길 25,126.193314915191,33.3639120003433
제주시,감귤향기,제주특별자치도 제주시 한경면 금등대안1길 81,126.215447278108,33.3407793251555
제주시,섬풍경휴양폔션,제주특별자치도 제주시 한경면 노을해안로 1203-1,126.168429535585,33.3070781589116
제주시,호텔감귤향기,제주특별자치도 제주시 한경면 두조로 307,126.215588082713,33.3401822774904
제주시,라온골프클럽휴양콘도미니엄,제주특별자치도 제주시 한경면 용금로 998,126.278270191104,33.344618836008
제주시,금단영,제주특별자치도 제주시 한경면 일주서로 4466,126.193621098532,33.3619238223443
제주시,판포어촌계,제주특별자치도 제주시 한경면 일주서로 4542,126.201108496879,33.3648067346476
제주시,틸다하우스,제주특별자치도 제주시 한경면 중산간서로 3367-1,126.237091930811,33.3108643691218
제주시,메가리조트제주,제주특별자치도 제주시 한경면 판포1길 6,126.199222652651,33.3649429864033
제주시,제주또올레,제주특별자치도 제주시 한경면 판포2길 44,126.201306024954,33.360850658849
제주시,부띠끄풀빌라나미브,제주특별자치도 제주시 한경면 판포4길 41-41,126.203227936489,33.3656826352381
제주시,(주)푸른콘도,제주특별자치도 제주시 한림읍 귀덕6길 146,126.290720742746,33.4315052544027
제주시,허브인휴양펜션,제주특별자치도 제주시 한림읍 귀덕6길 92-17,126.290244369954,33.4356422546554
제주시,에코그린펜션,제주특별자치도 제주시 한림읍 귀덕6길 92-9,126.290873188886,33.4355544309186
제주시,에코그린리조트,제주특별자치도 제주시 한림읍 귀덕6길 94,126.291477646109,33.4352884916252
제주시,물뜰에쉼팡리조트,제주특별자치도 제주시 한림읍 귀덕로 73,126.297678357692,33.4378491962181
제주시,그린비치,제주특별자치도 제주시 한림읍 금능길 92,126.232782860472,33.3889166906153
제주시,웨스턴호텔,제주특별자치도 제주시 한림읍 금능남1길 6-1,126.229876590689,33.3852626736103
제주시,라온프라이빗타운,제주특별자치도 제주시 한림읍 금능남로 127,126.239607831579,33.3796761985846
제주시,호텔라온제주,제주특별자치도 제주시 한림읍 금능남로 127,126.239607831579,33.3796761985846
제주시,포에마,제주특별자치도 제주시 한림읍 명월로 13,126.264725577886,33.3917305260351
제주시,제주힐리조트,제주특별자치도 제주시 한림읍 명월성로 394,126.261613496331,33.3737930932911
제주시,스웨덴,제주특별자치도 제주시 한림읍 명재로 100-45,126.260866589143,33.390885621856
제주시,스웨덴호스텔,제주특별자치도 제주시 한림읍 명재로 100-47,126.260255581883,33.390669115723
제주시,한영장,제주특별자치도 제주시 한림읍 사가길 5,126.263673721776,33.4147765662659
제주시,아길라호텔,제주특별자치도 제주시 한림읍 옹포2길 10,126.249716175072,33.3998510981917
제주시,제주발리리조트,제주특별자치도 제주시 한림읍 일주서로 5083-5,126.249942134735,33.3894264883825
제주시,홍익제주호텔,제주특별자치도 제주시 한림읍 일주서로 5125,126.253419176571,33.3917689582752
제주시,썬하우스,제주특별자치도 제주시 한림읍 일주서로 5556,126.278432632213,33.4231576264936
제주시,제주일성콘도미니엄,제주특별자치도 제주시 한림읍 한림로 127,126.221091880655,33.3857237407147
제주시,제주담스파빌,제주특별자치도 제주시 한림읍 한림로 162,126.225316059962,33.3856742660517
제주시,일성제주콘도,제주특별자치도 제주시 한림읍 한림로 239,126.232610769185,33.3878429165919
제주시,아신스카이호텔,제주특별자치도 제주시 한림읍 한림로 245,126.233026267462,33.3883199009972
제주시,엘케이호텔,제주특별자치도 제주시 한림읍 한림로 245-5,126.232897690553,33.3887768428079
제주시,수평선,제주특별자치도 제주시 한림읍 한림로 328,126.239983570873,33.392812494207
제주시,리벤시아,제주특별자치도 제주시 한림읍 한림로 33,126.21844826644,33.3772104628296
제주시,블루스프링부띠끄호텔,제주특별자치도 제주시 한림읍 한림로 330,126.240240599589,33.3929557978046
제주시,르메인호텔,제주특별자치도 제주시 한림읍 한림로 392,126.244405184027,33.397063347458
제주시,제일여관,제주특별자치도 제주시 한림읍 한림로 633-1,126.261182759308,33.4133682631725
제주시,육칠오팔,제주특별자치도 제주시 한림읍 한림로 648,126.262604955319,33.4135973431737
제주시,호텔한림항,제주특별자치도 제주시 한림읍 한림로 656,126.263278876883,33.414059894439
제주시,한수장여관,제주특별자치도 제주시 한림읍 한림로 663,126.263832685963,33.4145901598393
제주시,탐라여인숙,제주특별자치도 제주시 한림읍 한림로 685-10,126.264323824803,33.4161786046959
제주시,더퍼스트호스텔,제주특별자치도 제주시 한림읍 한림로 695,126.264730449829,33.4167370242267
제주시,영일여관,제주특별자치도 제주시 한림읍 한림로 697,126.264705953713,33.4169391951745
제주시,주식회사 블루하와이호텔,제주특별자치도 제주시 한림읍 한림로 75,126.218393770319,33.3807194633904
제주시,블루하와이,제주특별자치도 제주시 한림읍 한림로 77,126.218029806636,33.3814013862618
제주시,스카이호텔,제주특별자치도 제주시 한림읍 한림로 917,126.276208752899,33.4328444772745
제주시,명성여관,제주특별자치도 제주시 한림읍 한림로12길 3,126.265335540258,33.4152022308378
제주시,지엠제이,제주특별자치도 제주시 한림읍 한림로15길 2,126.2645500916,33.4165022637227
제주시,삼성여관,제주특별자치도 제주시 한림읍 한림로15길 5,126.264414629511,33.4163109552024
제주시,창흥장,제주특별자치도 제주시 한림읍 한림로17길 12,126.26372671527,33.4167520779312
제주시,태양여관,제주특별자치도 제주시 한림읍 한림로17길 3,126.264366009988,33.416670941105
제주시,중앙여인숙,제주특별자치도 제주시 한림읍 한림로17길 4,126.26442416645,33.4169777354009
제주시,한림명동,제주특별자치도 제주시 한림읍 한림로19길 5,126.264167252857,33.4170753863194
제주시,소담여관,제주특별자치도 제주시 한림읍 한림로19길 7,126.264023277783,33.4170903099988
제주시,영주,제주특별자치도 제주시 한림읍 한림로19길 9,126.263782856137,33.4170299196019
제주시,한라모텔,제주특별자치도 제주시 한림읍 한림로3길 10-9,126.260476493086,33.4138318886773
제주시,예준,제주특별자치도 제주시 한림읍 한림로8길 18,126.264464379425,33.4132280919079
제주시,세론여관,제주특별자치도 제주시 한림읍 한림북동길 22,126.26404726239,33.4169234783797
제주시,약속여인숙,제주특별자치도 제주시 한림읍 한림북동길 25-2,126.263625301818,33.4173671697191
제주시,뉴월드여관,제주특별자치도 제주시 한림읍 한림북동길 26,126.2639453928,33.4173889944511
제주시,비양도모텔,제주특별자치도 제주시 한림읍 한림해안로 134,126.261161501881,33.4147105999082
제주시,자몽,제주특별자치도 제주시 한림읍 한림해안로 136,126.261345828402,33.4148941787885
제주시,항구장여관,제주특별자치도 제주시 한림읍 한림해안로 144,126.261865226208,33.4153484244834
제주시,삼만원,제주특별자치도 제주시 한림읍 한림해안로 160,126.263432801303,33.4165078964073
제주시,이랜드파크켄싱턴리조트제주한림점,제주특별자치도 제주시 한림읍 한림해안로 530,126.274436022756,33.4357631895634
제주시,대일장여관,제주특별자치도 제주시 한림읍 한수풀로 11,126.264093433682,33.4178989988886
제주시,블랙스톤리조트,제주특별자치도 제주시 한림읍 한창로 925-122,126.31240252086,33.337766044002
제주시,카이,제주특별자치도 제주시 한림읍 협재2길 10,126.241270643671,33.3921204668217
제주시,제주금강산콘도미니엄,제주특별자치도 제주시 한림읍 협재로 210-18,126.250277750876,33.3800270010303
제주시,하모니리조트,제주특별자치도 제주시 한림읍 협재로 213,126.25211079947,33.3793592515117
제주시,더제주리조트,제주특별자치도 제주시 한림읍 협재로 226,126.251150199635,33.3783412430443
제주시,라 파로마 휴양펜션,제주특별자치도 제주시 한림읍 협재로 62,126.247265351585,33.3924661284503
제주시,아덴힐리조트,제주특별자치도 제주시 한림읍 화전길 82,126.368892810347,33.3475328879275
제주시,휴양펜션돌과바람,제주특별자치도 제주시 해안마을길 62,126.453882044541,33.4576168213304
제주시,제주나인리조트,제주특별자치도 제주시 해안마을북길 14-5,126.453408492909,33.4648599426561
제주시,샹그릴라 호텔,제주특별자치도 제주시 해안마을북길 14-6,126.453898676905,33.4644510665605
제주시,캠퍼트리호텔앤리조트,제주특별자치도 제주시 해안마을서4길 100,126.450780304655,33.450548591865
제주시,레드월 호스텔,제주특별자치도 제주시 현사길 33,126.448668957658,33.4969857129778
제주시,에바다호스텔,제주특별자치도 제주시 현사길 45,126.447409638145,33.4971303078566
제주시,오름,제주특별자치도 제주시 홍랑길 4-4,126.52370711758,33.5002495879387
제주시,힐링하우스,제주특별자치도 제주시 홍랑길 4-6,126.523821792162,33.5002575119157
제주시,용연,제주특별자치도 제주시 흥운길 63-6,126.513005369127,33.5144194886116
