사업장명,도로명주소,X,Y
씨유제주이도정든점,제주특별자치도 제주시 정든로 40(이도이동),126.542810498726,33.497398133535
씨유 제주탑동서문점,제주특별자치도 제주시 탑동로 136 (용담일동),126.518293238834,33.5131420546055
씨유 제주종달점,제주특별자치도 제주시 구좌읍 일주동로 3719,126.893930977912,33.4928127909798
지에스25연동신라점,"제주특별자치도 제주시 노연로 61, 다울하우스 1층 105호 (연동)",126.486786853647,33.4861786208647
씨유제주용담중앙점,"제주특별자치도 제주시 남성로2길 3, 1층 (용담일동)",126.513353131432,33.5014214535981
씨유제주에코빌리지점,"제주특별자치도 제주시 노연로 30, 1층 (노형동, 에코빌리지)",126.483391478798,33.4858742008363
씨유제주삼화부영6차점,"제주특별자치도 제주시 화삼로 107, 상가동 101호 (도련일동, 제주삼화사랑으로부영6차)",126.584333422234,33.5158012135932
씨유제주이도점,"제주특별자치도 제주시 서광로 283, 1층 (이도일동)",126.526819773118,33.5005285656872
지에스25외도월대점,"제주특별자치도 제주시 도근내길 24, 1층 (외도일동)",126.433459305054,33.4923184653298
지에스25제주남양점,"제주특별자치도 제주시 신광로8길 22, 1층 (연동)",126.487830477518,33.4871051769288
지에스25노형사랑점,"제주특별자치도 제주시 노형로 379, 1층 (노형동)",126.475999755697,33.4840345744526
세븐일레븐제주방송대점,제주특별자치도 제주시 정존7길 37 (노형동),126.473049665477,33.485961930454
씨유제주성화로점,"제주특별자치도 제주시 성화로 15, 1층 (용담이동)",126.505174472215,33.5113313468492
세븐일레븐제주연동국기점,"제주특별자치도 제주시 국기로3길 4, 1층 (연동)",126.491071580229,33.4786772760081
지에스(GS)25제주드림타워점,"제주특별자치도 제주시 원노형6길 11, 1층 (노형동)",126.483010411116,33.4850884069752
지에스25도남해모로점,"제주특별자치도 제주시 도남서길 14, 지하1층 (도남동)",126.52386689611,33.4932371638324
코리아세븐제주대학로점,"제주특별자치도 제주시 서광로28길 39-1, 1층 (이도이동)",126.528716107572,33.497661876837
지에스25제주원노형점,"제주특별자치도 제주시 원노형3길 34, 1층 (노형동)",126.482550185473,33.486795273488
GS25 제주한림로점,제주특별자치도 제주시 한림읍 한림로 691,126.264809024408,33.4164836931452
씨유제주아라잉꼬점,"제주특별자치도 제주시 중앙로 596, 1층 (아라일동)",126.545707176614,33.4701551755566
지에스25제주칼호텔점,"제주특별자치도 제주시 중앙로 144, 1층 (삼도이동)",126.525265823292,33.5058865514892
씨유제주조천사거리점,제주특별자치도 제주시 조천읍 조천16길 2,126.640081810097,33.537661671578
씨유 제주하도점,제주특별자치도 제주시 구좌읍 문주란로 7,126.883180240183,33.5186005044643
지에스일도신천지,"제주특별자치도 제주시 천수로 85, 1층 (일도이동)",126.544734945986,33.5062330763425
씨유제주남문점,"제주특별자치도 제주시 서사로 35, 1층 (삼도이동)",126.52022952993,33.5092604686319
지에스25제주아라점,"제주특별자치도 제주시 중앙로 576, 1층 (아라일동)",126.545296430008,33.4720115011799
지에스25제주용담점,제주특별자치도 제주시 용담로 113 (용담일동),126.514084776586,33.5107494783414
GS25 서부일주로점,제주특별자치도 제주시 애월읍 일주서로 6545,126.352425471562,33.4671031152259
GS25 제주협재점,"제주특별자치도 제주시 한림읍 한림로 330, 1층",126.240240599589,33.3929557978046
레몬비 덕천연수원점,"제주특별자치도 제주시 구좌읍 중산간동로 1941, 덕천연수원",126.754790807689,33.4815190997914
지에스25제주코아루점,"제주특별자치도 제주시 고마로 16, 코아루디펠리체 1층 114호 (일도이동)",126.537933484949,33.5124937925828
지에스25제주연오로점,"제주특별자치도 제주시 연오로 4, 1층 (연동)",126.501656183642,33.4928911647468
지에스25이도월드컵점,"제주특별자치도 제주시 서광로29길 21, 장원월드컵아파트 101,102호 (이도일동)",126.526216550883,33.5022142212206
씨유제주학사점,"제주특별자치도 제주시 신성로13길 26, 1층 (이도이동)",126.530054229458,33.498046890332
지에스25제주도남점,"제주특별자치도 제주시 도남로17길 3, 1층 (도남동)",126.529298097535,33.4901007129137
지에스25연동모디움점,"제주특별자치도 제주시 삼무로1길 10-9, 105호 (연동)",126.488422992203,33.4903863533114
씨유제주라마다호텔점,"제주특별자치도 제주시 탑동로 66, 라마다프라자호텔 1층 (삼도이동)",126.518138492511,33.5188061398631
지에스25제주일도점,"제주특별자치도 제주시 고마로 127, 경천빌딩 1층 (일도이동)",126.542456069855,33.5034237943669
지에스25제주아란점,"제주특별자치도 제주시 아란2길 31, 아라 안 1층 (아라일동)",126.540857396849,33.4745901142048
씨유제주신하와이점,"제주특별자치도 제주시 도령로 40, 하와이오피스텔 1층 101호 (노형동)",126.483804489604,33.4879148718789
씨유 제주하귀휴먼시아점,"제주특별자치도 제주시 애월읍 하귀9길 25, 1층",126.416077289191,33.4849369005216
지에스25제주대학로점,"제주특별자치도 제주시 광양14길 4, 1층 (이도이동)",126.530101979124,33.4983911192076
지에스25남성로점,"제주특별자치도 제주시 전농로 2, 1층 (용담일동)",126.513237203991,33.5043673080237
CU제주김녕리점,제주특별자치도 제주시 구좌읍 김녕로 110,126.749854168443,33.5544229409355
지에스25한라대학점,"제주특별자치도 제주시 한라대학로 72, 1층 (노형동, 미래주택)",126.478011554979,33.4761434004531
씨유제주서부중앙점,"제주특별자치도 제주시 노형로 2, 1층 (해안동)",126.448288707054,33.4606561239617
씨유제주청사로점,"제주특별자치도 제주시 도남로16길 24, 1층 (도남동)",126.527308640057,33.4906927902421
씨유제주벤처오름점,"제주특별자치도 제주시 첨단로 199, 엠제이벤처오름오피스텔 1층 106호 (영평동)",126.571957099536,33.4545610299451
씨유제주에코미르점,"제주특별자치도 제주시 원노형4길 1, 1층 101호 (노형동)",126.482448248951,33.485879551724
씨유제주용담주민센터점,"제주특별자치도 제주시 흥운길 29, 1층 (용담이동)",126.511883093774,33.5116380853337
지에스25제주화북점,"제주특별자치도 제주시 진동로5길 31, 1층 (화북일동, 화북시장아파트)",126.566377295456,33.5218066500048
지에스25서사라점,"제주특별자치도 제주시 서사로 100, 1층 (삼도일동)",126.519659022826,33.5034903294696
지에스25이도오복점,"제주특별자치도 제주시 고산동산5길 35, 1층 (이도이동)",126.536037222665,33.4973514990262
씨유제주해안도로점,"제주특별자치도 제주시 서해안로 626, B동 1층 (용담삼동)",126.504110857612,33.5165428769717
지에스25제주연북점,"제주특별자치도 제주시 과원북4길 82, 1층 (연동)",126.490144761509,33.4808900339402
세븐일레븐제주이도타운점,"제주특별자치도 제주시 신설로7길 50, 1층 (이도이동)",126.546532011614,33.4949684896631
씨유제주뜨란채점,"제주특별자치도 제주시 수덕로 44, 상가동 101호 (노형동, 뜨란채아파트)",126.47321268386,33.4871157588376
세븐일레븐 제주KAL중앙점,제주특별자치도 제주시 중앙로 143 (이도일동),126.525566619171,33.5060261881469
GS25이도신설점,"제주특별자치도 제주시 신설로2길 1, 1층 (이도이동)",126.5420935722,33.4940487704285
씨유제주용담서문로점,제주특별자치도 제주시 서문로 12 (용담일동),126.512788846146,33.5094396974512
세븐일레븐 제주라마다시티점,제주특별자치도 제주시 중앙로 304 (이도이동),126.534296856443,33.4935050841641
씨유 제주신성점,제주특별자치도 제주시 일주서로 7850 (연동),126.485226717907,33.4934840576848
씨유 제주그랜드점,제주특별자치도 제주시 노연로 73 (연동),126.488059054013,33.4861479993868
GS25 제주귀일중점,제주특별자치도 제주시 애월읍 항몽로 34,126.405339622315,33.4806146606987
씨유제주고산점,제주특별자치도 제주시 한경면 용고로 86,126.179509780373,33.3012473581864
씨유 제주고내리점,제주특별자치도 제주시 애월읍 일주서로 6516,126.349622549744,33.4661377183263
씨유제주구산로점,제주특별자치도 제주시 구산로 28 (아라일동),126.538315066578,33.4830517958078
씨유 제주영진점,제주특별자치도 제주시 용문로 162 (용담이동),126.510736857537,33.50880482511
씨유 신제주점,"제주특별자치도 제주시 삼무로 62, 1층 (연동)",126.493193578519,33.4896088581659
씨유제주설촌로점,"제주특별자치도 제주시 설촌로12길 23-1, 1층 (삼양이동)",126.582793584526,33.5246823989407
씨유제주칼호텔점,제주특별자치도 제주시 중앙로 143 (이도일동),126.525566619171,33.5060261881469
GS25 제주한라점,"제주특별자치도 제주시 한라대학로 63, 록담빌딩 1층 (노형동)",126.477365374458,33.4766848790192
씨유제주회천점,"제주특별자치도 제주시 중산간동로 14, 101호 (봉개동)",126.599078627013,33.4891751232904
씨유제주아란길점,"제주특별자치도 제주시 아란1길 19, 1층 (아라일동)",126.540389647823,33.4758690986014
세븐일레븐 제주세화점,"제주특별자치도 제주시 구좌읍 세화2길 11, 1층",126.856139718486,33.5225610926015
GS25세화삼거리점,제주특별자치도 제주시 구좌읍 일주동로 3103,126.851411735477,33.5237745643381
세븐일레븐 제주북촌점,"제주특별자치도 제주시 조천읍 일주동로 1574, 1층 11호 (대상다려마을연립)",126.701441910608,33.5510524394959
GS25제주신북점,제주특별자치도 제주시 조천읍 신북로 66,126.620991235356,33.5339134197139
GS25 연동대림점,제주특별자치도 제주시 과원북4길 73 (연동),126.489314865765,33.4812093874695
세븐일렐븐 제주용해로점,제주특별자치도 제주시 용화로 1 (용담이동),126.503637593772,33.5100950698187
세븐일레븐제주한림로점,제주특별자치도 제주시 한림읍 한림로 362,126.242256620537,33.3951349118911
GS25함덕골든튤립,"제주특별자치도 제주시 조천읍 조함해안로 504, 102호",126.666865346791,33.5423935245741
세븐일레븐제주하도점,제주특별자치도 제주시 구좌읍 문주란로1길 74-24,126.885036201986,33.5254844278456
세븐일레븐제주사라점,제주특별자치도 제주시 사라봉7길 31-1 (건입동),126.539879501405,33.5153096718713
(주)코리아세븐 제주노형한라점,제주특별자치도 제주시 정존1길 6 (노형동),126.472639346578,33.4818511809411
(주)코리아세븐 제주관덕로점,제주특별자치도 제주시 관덕로 38 (삼도이동),126.523322388014,33.5129906569662
CU 도남오거리점,제주특별자치도 제주시 도남로 37 (도남동),126.526588881341,33.4968023035701
씨유제주광평점,"제주특별자치도 제주시 광평동로 20, 1층 (노형동)",126.470770804496,33.4821321762456
GS25 삼양해변점,제주특별자치도 제주시 선사로8길 16 (삼양일동),126.587550285439,33.5257168579251
CU제주곰솔곶점,제주특별자치도 제주시 신설로7길 25 (이도이동),126.544625611406,33.4938584883261
GS25 도두해안로점,제주특별자치도 제주시 서해안로 301-1 (도두이동),126.477680225729,33.5091137182446
GS25 연동에코점,제주특별자치도 제주시 신광로 16 (연동),126.489906347045,33.4906900835037
GS25 노형에비뉴점,제주특별자치도 제주시 연북로 21 (노형동),126.483555411697,33.4824009588886
씨유제주삼무로점,제주특별자치도 제주시 신대로8길 17 (연동),126.494806370603,33.4918047792339
(주)코리아세븐 제주연동센터점,제주특별자치도 제주시 신광로 103 (연동),126.490076347944,33.4828707325497
세븐일레븐 제주아라점,"제주특별자치도 제주시 인다2길 66, 한울채 1층 101호 (아라일동)",126.549782520501,33.4718904727772
씨유제주중앙점,"제주특별자치도 제주시 남광로2길 11-2, 1층 (이도이동)",126.538056794145,33.4913295466568
GS25제주우령점,"제주특별자치도 제주시 우령서로 20, 1층 (외도일동)",126.426306378091,33.4906049062439
레몬비 동광로점,"제주특별자치도 제주시 동광로7길 16-22, 1층 (이도일동)",126.532197735208,33.5037143874246
세븐일레븐 제주연동하이츠빌점,"제주특별자치도 제주시 신대로6길 14 (연동, 정우하이츠빌)",126.495129059777,33.4925865121785
세븐일레븐제주동광점,제주특별자치도 제주시 연삼로 550 (일도이동),126.547781984671,33.5024631361587
GS25제주동교점,제주특별자치도 제주시 동문로 68 (일도이동),126.533888589825,33.5133825743962
씨유 제주화북점,제주특별자치도 제주시 화남로 66 (화북이동),126.563473429291,33.5119915507726
씨유 화북주공점,제주특별자치도 제주시 동화로 7 (화북일동),126.573119751223,33.5194051495984
GS25 정든마을점,"제주특별자치도 제주시 달마루길 20-1 (노형동, 혜연빌딩)",126.473945883085,33.4900130709167
씨유제주이도주공점,"제주특별자치도 제주시 구남로 31, 상가동 1층 5호 (이도이동)",126.533150715954,33.4903602497708
GS25 연동신광점,제주특별자치도 제주시 도령로 76 (연동),126.486554163651,33.489817924436
GS25 용담전망대점,"제주특별자치도 제주시 서해안로 448, 1층 (용담삼동)",126.487494124362,33.5176907632501
GS25 조천다온점,"제주특별자치도 제주시 조천읍 신북로 99, 1층",126.623962266109,33.5357774113453
씨유제주해밀타운점,제주특별자치도 제주시 조천읍 신북로 460,126.659516300575,33.5435566944845
세븐일레븐 제주김녕점,제주특별자치도 제주시 구좌읍 김녕로 127,126.751420872107,33.5551317733781
세븐일레븐외도로점,"제주특별자치도 제주시 우정로4길 40 (외도일동, 네오하임 플러스)",126.426617405487,33.4914291349092
GS연동삼무점,제주특별자치도 제주시 삼무로 47 (연동),126.491762529504,33.490096348438
GS연동서강점,제주특별자치도 제주시 신대로16길 43 (연동),126.491787295208,33.4867223316676
GS25제주연중점,제주특별자치도 제주시 신대로14길 52 (연동),126.490976756796,33.487991332051
GS25 제주보성점,제주특별자치도 제주시 중앙로 198 (이도일동),126.528161990714,33.5016329956636
GS25 노형대림시티점,"제주특별자치도 제주시 원노형남1길 17 (노형동, 골든빌)",126.482408004512,33.4841254264005
GS25 노형광평점,제주특별자치도 제주시 광평동로 13 (노형동),126.470948302484,33.4814999263942
씨유제주신성로점,제주특별자치도 제주시 신성로 10 (오라일동),126.520829063341,33.4956769750865
지에스25 신이도점,제주특별자치도 제주시 승천로 80 (아라이동),126.543052178143,33.4917270977693
씨유 제주시민점,제주특별자치도 제주시 중앙로 122 (삼도이동),126.52414812981,33.50760385205
코리아세븐 제주삼무점,제주특별자치도 제주시 삼무로9길 35 (연동),126.494713315347,33.4904854610657
(주)코리아세븐 제주이도제일점,제주특별자치도 제주시 동광로6길 11 (이도이동),126.53229050101,33.5010736133603
지에스25연동아산점,"제주특별자치도 제주시 사장길 26, 1층 (연동)",126.495168265436,33.4833818646661
코리아세븐제주삼양해수욕장점,제주특별자치도 제주시 원당로5길 36 (삼양일동),126.588210953135,33.5268220631548
세븐일레븐 제주아라미화점,"제주특별자치도 제주시 아란12길 24, 에이동 101호 (아라일동)",126.54424307675,33.4693664932236
GS25 탑동아랑점,제주특별자치도 제주시 임항로 32 (건입동),126.528331134238,33.5163582448124
CU제주하귀점,제주특별자치도 제주시 애월읍 하귀로 35,126.40098470745,33.4803467441823
CU씨앤블루점,제주특별자치도 제주시 애월읍 애월해안로 576,126.36531563679,33.4778613376284
씨유제주오복점,제주특별자치도 제주시 오복3길 14 (이도이동),126.534941210695,33.4973286371583
세븐일레븐 제주삼무파크점,제주특별자치도 제주시 도령로 128 (연동),126.491117997998,33.4926887546046
GS25 제주용화점,제주특별자치도 제주시 용화로 26 (용담이동),126.506258504691,33.5097406697037
씨유 제주법원점,제주특별자치도 제주시 중앙로 319 (이도이동),126.535904309324,33.492795700244
세븐일레븐 제주사대부고점,제주특별자치도 제주시 용담로 71 (용담이동),126.510588217259,33.5126872955495
씨유 제주중앙로점,"제주특별자치도 제주시 중앙로14길 1, 1층 (이도일동)",126.524065950551,33.5112128748206
세븐일레븐 제주월랑센터점,"제주특별자치도 제주시 다랑곶4길 26, 1층 (노형동)",126.479772258147,33.4888206091075
GS25 연동중앙점,제주특별자치도 제주시 연동7길 35 (연동),126.490861227872,33.4867536024654
씨유 노형대림점,"제주특별자치도 제주시 도령로 7, 1층 (노형동)",126.48011049475,33.4866698393292
씨유제주승진타운점,"제주특별자치도 제주시 용문로 157, 1층 (용담이동)",126.509957111263,33.5088997461005
GS25 제주세화점,제주특별자치도 제주시 구좌읍 구좌로 77-1,126.858930755952,33.5212792520413
씨유 제주제원점,제주특별자치도 제주시 신광로 45 (연동),126.490289398649,33.4880113171089
CU 제주함덕점,제주특별자치도 제주시 조천읍 조함해안로 518,126.668070829224,33.5424706923704
CU 제주조천점,제주특별자치도 제주시 조천읍 신북로 214,126.636065043543,33.5352964165151
GS25노형이화점,제주특별자치도 제주시 원노형로 3 (노형동),126.483971579736,33.4881165325562
세븐일레븐 제주로얄점,제주특별자치도 제주시 신대로12길 41 (연동),126.492169112115,33.4886481651849
씨유 제주성지점,제주특별자치도 제주시 중앙로13길 34-10 (일도일동),126.528647476105,33.5110583677909
씨유 천마타워점,제주특별자치도 제주시 중앙로 20 (삼도이동),126.524564588716,33.5166649020373
GS25도남성환점,제주특별자치도 제주시 신성로 84 (도남동),126.528275272292,33.4956681299224
GS25이호현사점,"제주특별자치도 제주시 테우해안로 143, 1층 (이호일동)",126.449581938376,33.4975282005215
GS25제주남문점,"제주특별자치도 제주시 남성로 159, 1층 (삼도이동)",126.522437817181,33.509474743849
세븐일레븐 제주도두점,제주특별자치도 제주시 도두항서길 59 (도두일동),126.463780941281,33.5047741395588
씨유 제주신삼도점,제주특별자치도 제주시 서광로 257 (삼도일동),126.524001555609,33.5001115136004
씨유 제주남성점,제주특별자치도 제주시 남성로 47-1 (용담일동),126.512545215233,33.5045766415891
씨유 제주서광로점,제주특별자치도 제주시 서광로 254-1 (삼도일동),126.523743784109,33.4996262779083
씨유제주곽지교차로점,제주특별자치도 제주시 애월읍 일주서로 6015,126.306993156099,33.4481575966709
GS25 한림초교점,제주특별자치도 제주시 한림읍 한림로4길 27,126.262924200181,33.4105360062392
GS25 제주관광대점,제주특별자치도 제주시 애월읍 평화로 2727,126.435972726582,33.4479489085309
씨유제주에코아바점,"제주특별자치도 제주시 원노형3길 40, 1층 103호 (노형동)",126.481801586092,33.4868195539038
씨유 제주사대부점,제주특별자치도 제주시 용담로 68 (용담이동),126.50993647789,33.5125218017916
씨유 제주관덕점,제주특별자치도 제주시 관덕로6길 7 (삼도이동),126.522190539318,33.5123444544903
(주)코리아세븐 제주문예회관점,제주특별자치도 제주시 동광로 82 (이도이동),126.537054437924,33.5043536465131
GS25 노형신비점,제주특별자치도 제주시 한라대학로 99 (노형동),126.480696962726,33.4765267681661
세븐일레븐제주용담현대점,제주특별자치도 제주시 용담로 50-1 (용담이동),126.508134033965,33.5127614234084
씨유제주아라중앙점,제주특별자치도 제주시 인다10길 25 (아라일동),126.548437256659,33.474601821427
세븐일레븐 제주연동SJ점,제주특별자치도 제주시 삼무로 16 (연동),126.488441682819,33.4897330469689
씨유 제주동문로터리점,제주특별자치도 제주시 동문로 8 (일도일동),126.527376256927,33.512902326226
GS25 한림옹포점,제주특별자치도 제주시 한림읍 한림로 494,126.252239232847,33.4032560298507
GS25용담열린점,제주특별자치도 제주시 용남1길 1 (용담일동),126.515382522394,33.5079563859009
GS25용담점,제주특별자치도 제주시 용담로 111-5 (용담일동),126.514021138857,33.5111782954221
GS25제주도청점,제주특별자치도 제주시 신대로 63 (연동),126.497011042167,33.4916072831053
세븐일레븐제주아라센터점,제주특별자치도 제주시 아란8길 16 (아라일동),126.544086356727,33.4735946787318
씨유제주구남중앙점,제주특별자치도 제주시 구남동2길 27 (이도이동),126.53526224296,33.4890654730246
GS25외도중앙점,제주특별자치도 제주시 우정로8길 20 (외도일동),126.428890922655,33.489386807768
세븐일레븐 제주노형이레점,"제주특별자치도 제주시 연북로 12, 103호 (노형동, 이레하이텔)",126.482483734906,33.4817037950085
씨유 제주화북진남점,제주특별자치도 제주시 진남로 22 (화북일동),126.562804852843,33.5227286812607
씨유제주유블레스호텔점,"제주특별자치도 제주시 조천읍 조함해안로 502, 유탑유블레스호텔",126.666209171617,33.5424051010993
씨유제주송당마을점,제주특별자치도 제주시 구좌읍 중산간동로 2281-2,126.786530316549,33.471376887278
씨유제주함덕길점,제주특별자치도 제주시 조천읍 함덕12길 46-1,126.664963967513,33.5380012456036
GS25 함덕교차로점,제주특별자치도 제주시 조천읍 함덕로 2,126.67425264617,33.5403377118857
씨유제주신촌점,제주특별자치도 제주시 조천읍 신촌3길 1,126.618837545115,33.5331529890577
GS25제주중앙여중점,"제주특별자치도 제주시 서사로11길 5, 1층 (삼도이동, 신영빌라)",126.520761430849,33.5058806599097
(주)코리아세븐제주이도남광점,"제주특별자치도 제주시 남광로 24, 1층 (이도이동)",126.538583757228,33.4929479778662
씨유 제주현사마을점,제주특별자치도 제주시 테우해안로 138 (이호일동),126.448722847851,33.4975156359175
세븐일레븐 제주평대점,제주특별자치도 제주시 구좌읍 일주동로 2973,126.839529025244,33.529319090258
백록마트,제주특별자치도 제주시 정존11길 54 (노형동),126.47441897873,33.4887359010105
제주킹스토어(주),제주특별자치도 제주시 동문로 82 (일도이동),126.535495555204,33.5134585737979
씨유제주삼무공원점,"제주특별자치도 제주시 삼무로3길 50, 1층 (연동)",126.49070576179,33.4904276724606
세븐일레븐 제주문송로점,제주특별자치도 제주시 신대로 119 (연동),126.496770436119,33.4865847978268
세븐일레븐 제주남성로점,제주특별자치도 제주시 남성로 119 (삼도일동),126.518147653971,33.5090377200824
씨유 제주탐라점,제주특별자치도 제주시 신설로 36 (아라이동),126.544045471015,33.4929399747579
세븐일레븐 월림점,제주특별자치도 제주시 한림읍 중산간서로 3877,126.255929675391,33.3498176788746
세븐 일레븐 제주연동중앙점,"제주특별자치도 제주시 선덕로3길 19, 102호 (연동)",126.498554637605,33.4874984912871
GS25제주과원점,제주특별자치도 제주시 과원로 51 (연동),126.488841581143,33.4765177085135
씨유 중흥S점,제주특별자치도 제주시 한라대학로 107 (노형동),126.481308803326,33.4773391411127
씨유 제주연산홍점,제주특별자치도 제주시 승천로 8 (이도이동),126.538298526217,33.4969152797554
세븐일래븐월랑점,"제주특별자치도 제주시 월랑로10길 26, 101호 (노형동, 대성빌리지)",126.478076136278,33.4903645747206
세븐일레븐 제주대원룸타운점,제주특별자치도 제주시 산천단동3길 10 (아라일동),126.559574777901,33.4488175628129
씨유 제주아라중점,"제주특별자치도 제주시 간월동로 33, 1층 (아라이동)",126.545770070416,33.4869030092438
GS25연동삼무정,제주특별자치도 제주시 삼무로 47 (연동),126.491762529504,33.490096348438
씨유케이티점,"제주특별자치도 제주시 전농로 115 (이도일동, 고우빌딩)",126.525449821966,33.5046704685539
GS25 제주함덕점,제주특별자치도 제주시 조천읍 함덕13길 2,126.667828386721,33.5415067809919
씨유 제주사라봉점,제주특별자치도 제주시 임항로 279 (건입동),126.538869903221,33.5157744744228
씨유제주오라점,"제주특별자치도 제주시 연사길 60, 상가동 103호 (오라이동, 회성푸르니3차)",126.512666023474,33.4892589784017
GS25한림뉴월드점,제주특별자치도 제주시 한림읍 한림북동길 26,126.2639453928,33.4173889944511
CU한림점,제주특별자치도 제주시 한림읍 한림로 698,126.265045142687,33.4168889131315
CU한림중앙점,제주특별자치도 제주시 한림읍 한림중앙로 23,126.265008854411,33.4127098405573
CU제주한림항점,제주특별자치도 제주시 한림읍 한림해안로 160,126.263432801303,33.4165078964073
GS25노형신도시점,"제주특별자치도 제주시 노형11길 12, 1층 (노형동)",126.477983842229,33.4839570257778
씨유제주도리로점,제주특별자치도 제주시 도리로 59 (이호일동),126.458447016692,33.4990425332361
GS25제주일고점,제주특별자치도 제주시 진군1길 13 (노형동),126.480760507556,33.4788416942321
세븐일레븐제주삼성제일점,제주특별자치도 제주시 신산로 36 (일도이동),126.532246193948,33.5101704168346
GS25 노형서광점,제주특별자치도 제주시 진군1길 4 (노형동),126.481483921526,33.4791145695245
세븐일레븐 제주연동풀하우스점,제주특별자치도 제주시 연동8길 29 (연동),126.49089268867,33.4831970392066
(주)코리아세븐 제주동서타워점,"제주특별자치도 제주시 연동1길 3, 101호 (연동)",126.486881065535,33.489561423239
세븐일레븐남광로점,제주특별자치도 제주시 중앙로 327 (이도이동),126.53643897361,33.4921553158774
지에스25제주구남점,"제주특별자치도 제주시 구남동8길 50, 1층 (아라일동)",126.535716481809,33.4858090833664
씨유 화북남문점,제주특별자치도 제주시 진남로6길 15 (화북일동),126.565596684032,33.520017321733
(주)코리아세븐 제주노형센터점,제주특별자치도 제주시 정존15길 5 (노형동),126.477832695126,33.4858716405939
세븐일레븐 제주웰컴점,"제주특별자치도 제주시 선덕로 26, 106호 (연동, 고정아파트)",126.499486772577,33.4854032612406
GS25 도남사거리점,"제주특별자치도 제주시 도남로 86, 1층 (도남동)",126.528076852578,33.4929087697033
세븐일레븐 제주이도동광양점,제주특별자치도 제주시 동광로 51 (이도일동),126.534015565466,33.5031874049848
CU하귀대성점,제주특별자치도 제주시 애월읍 하귀로 74,126.404851966739,33.4813466633644
씨유 제주열린점,제주특별자치도 제주시 삼무로 11 (연동),126.4879823138,33.4902110670701
(주)코리아세븐 제주이도뉴타워점,제주특별자치도 제주시 구남동6길 6 (이도이동),126.538336743869,33.4887206546627
씨유제주 부영 7차점,"제주특별자치도 제주시 화삼북로 90, 상가1동 101호 (도련일동)",126.582079479293,33.5170239432179
GS25제대후문점,제주특별자치도 제주시 산천단동2길 20 (아라일동),126.558417369983,33.4497382188114
씨유 제주제광점,제주특별자치도 제주시 광양14길 17 (이도이동),126.529180813791,33.4976550783368
(주)코리아세븐 제주화북중앙점,제주특별자치도 제주시 진남로6길 21 (화북일동),126.565595082545,33.5206606916378
(주)코리아세븐 제주노형백두점,제주특별자치도 제주시 원노형로 26 (노형동),126.484759413813,33.4864471773391
지에스25제주진군점,제주특별자치도 제주시 진군3길 16 (노형동),126.479194526643,33.477785669764
씨유 제주캠퍼스점,제주특별자치도 제주시 제주대학로 105-1 (아라이동),126.561128859922,33.4603133411739
씨유 제주문예회관점,제주특별자치도 제주시 동광로 79 (일도이동),126.536557897677,33.5045112818205
GS25제주인제점,제주특별자치도 제주시 고마로 67 (일도이동),126.540180928988,33.5083613256688
GS25제주천수점,"제주특별자치도 제주시 동광로 154, 101호 (일도이동, 일도 월드하우스)",126.542646992693,33.5089264657016
세븐일레븐제주이도탐라점,"제주특별자치도 제주시 오복4길 10, 101호 (이도이동, 성인빌라)",126.536456787494,33.4953146569876
GS25한림오일장점,제주특별자치도 제주시 한림읍 한수풀로 56,126.268705991591,33.418439279397
씨유 제주스카이점,제주특별자치도 제주시 노연로 117-1 (연동),126.492799908786,33.4860015997837
세븐일레븐아라영광점,제주특별자치도 제주시 인다15길 3 (아라일동),126.547594278754,33.4697273267609
세븐일레븐 제주협재돌집점,제주특별자치도 제주시 한림읍 한림로 318,126.239457615127,33.3921646361427
세븐일레븐 제주한림항점,제주특별자치도 제주시 한림읍 한림해안로 139 (한림항 선원복지회관),126.261271759123,33.4154270264793
GS25아라중앙점,"제주특별자치도 제주시 아란2길 79, 1층 (아라일동)",126.541531256408,33.470472039648
GS25 제주광양점,제주특별자치도 제주시 광양10길 2 (이도이동),126.529553300831,33.4993981898168
씨유 제주북성로점,"제주특별자치도 제주시 북성로 62-1, 1층 (삼도이동)",126.518174290124,33.5155914819135
주식회사해마,제주특별자치도 제주시 삼무로 28 (연동),126.48955576516,33.4897014871195
씨유제주대유대림점,"제주특별자치도 제주시 남광로 187, 1층 109호 (일도이동, 대유상가)",126.552888108102,33.5014871200151
세븐일레븐 제주연미마을점,제주특별자치도 제주시 연오로 95 (연동),126.501757869095,33.4846992524412
GS25 외도대박점,제주특별자치도 제주시 우정로16길 30 (외도일동),126.427554301148,33.4861157183281
(주)코리아세븐 제주신성로점,제주특별자치도 제주시 신성로10길 36 (도남동),126.530252680398,33.4936607614069
(주)코리아세븐 제주연동도호점,제주특별자치도 제주시 연동12길 13 (연동),126.493251591814,33.4845624320122
씨유 제주고마로점,제주특별자치도 제주시 고마로3길 33 (일도이동),126.541589052692,33.5122893688022
씨유 제주대학로점,제주특별자치도 제주시 광양10길 1 (이도이동),126.529779007655,33.4992515460391
씨유 이도에코빌점,"제주특별자치도 제주시 중앙로 274, 101호 (이도이동)",126.532325929594,33.4956859185829
지에스25연동달그네,제주특별자치도 제주시 노연로 61 (연동),126.486786853647,33.4861786208647
씨유제주일도점,"제주특별자치도 제주시 연수로3길 5, 1층 (일도이동)",126.543504526063,33.5027214442204
(주)코리아세븐제주에코블루점,"제주특별자치도 제주시 연북로 98, 1층 1호 (연동, 에코블루)",126.491671065607,33.4814584467423
GS25제주그랜드점,제주특별자치도 제주시 연동4길 28 (연동),126.487733955106,33.4835422260121
씨유제주장전점,제주특별자치도 제주시 애월읍 장전4길 2,126.388097722398,33.450798489007
씨유제주하귀일주점,제주특별자치도 제주시 애월읍 하귀1길 1 (기룡비치하임아파트),126.419186555111,33.488472122761
씨유제주신엄점,"제주특별자치도 제주시 애월읍 애월해안로 494, 1층",126.356906916051,33.478396810661
세븐일레븐 제주노형대로점,제주특별자치도 제주시 노형로 336 (노형동),126.473096407605,33.4810499867108
씨유 제주귀덕점,제주특별자치도 제주시 한림읍 한수풀로 339,126.296544713155,33.4191477146832
세븐일레븐 제주고산리점,제주특별자치도 제주시 한경면 고산로 16,126.179780740401,33.302409591532
GS25 옹포중앙점,제주특별자치도 제주시 한림읍 한림로 475,126.251007864334,33.4019818716554
주)코리아세븐 제주북초교점,제주특별자치도 제주시 탑동로15길 47 (삼도이동),126.521812139022,33.5163305465402
주)코리아세븐 제주연동문화점,제주특별자치도 제주시 귀아랑길 19 (연동),126.497576316081,33.4917515770019
씨유제주월평점,"제주특별자치도 제주시 아봉로 267, 102동 제비101호 (월평동)",126.570401984473,33.4754562605995
씨유 제주한라대점,제주특별자치도 제주시 한라대학로 66 (노형동),126.477256764852,33.4762999817383
씨유제주삼화부영점,"제주특별자치도 제주시 화삼로 167, 상가동 1층 101호 (삼양이동, 제주삼화사랑으로부영3차)",126.584978749045,33.5191707353613
씨유제주중엄점,제주특별자치도 제주시 애월읍 애월해안로 612,126.369021332226,33.4779673515814
세븐일레븐 제주한림한수풀점,제주특별자치도 제주시 한림읍 한림상로 229,126.267695972591,33.4187011825647
세븐일레븐 제주대학병원점,"제주특별자치도 제주시 중앙로 616, 1층 103호 (아라일동)",126.547021236972,33.4687713436155
씨유제주삼봉로점,제주특별자치도 제주시 삼봉로2길 64 (삼양이동),126.581104248636,33.5195342884367
GS25 외도우정점,제주특별자치도 제주시 일주서로 7326 (외도일동),126.42983670995,33.4926747468578
세븐일레븐 제주제원점,제주특별자치도 제주시 신광로 48 (연동),126.489823463848,33.4877773300237
씨유제주용두해안점,제주특별자치도 제주시 서해안로 658 (용담삼동),126.507216103175,33.5161695691718
씨유제주도련중앙점,제주특별자치도 제주시 도련길 1 (도련일동),126.589540792874,33.5092156674469
세븐일레븐제주사라봉점,제주특별자치도 제주시 임항로 266 (건입동),126.538193890075,33.5171241615261
GS25탑동공원점,제주특별자치도 제주시 탑동로 37 (삼도이동),126.520864984715,33.517573604671
씨유 신삼양점,제주특별자치도 제주시 일주동로 379 (삼양이동),126.585607445687,33.5214104116644
씨유 제주여상점,제주특별자치도 제주시 동문로 95 (건입동),126.536848006847,33.5140738342834
지에스(GS) 제주삼화점,제주특별자치도 제주시 화삼북로2길 32 (화북일동),126.576057629626,33.514490562214
(주)코리아세븐 제주이도아람점,제주특별자치도 제주시 중앙로 270-4 (이도이동),126.531861159194,33.4958065999095
지에스25제주서부관광점,제주특별자치도 제주시 노형로 39 (해안동),126.451347231188,33.4629962596026
씨유 제주신설동점,"제주특별자치도 제주시 남광로 128, 가동 지하1층 104호 (이도이동)",126.547768835053,33.498121014794
씨유 삼화주공점,제주특별자치도 제주시 화삼북로2길 12 (화북일동),126.576116224616,33.5165344023212
씨유 제주도련사거리점,제주특별자치도 제주시 연삼로 978 (도련이동),126.589575502439,33.5151313179465
GS25 제주신엄점,제주특별자치도 제주시 애월읍 일주서로 6733 (은창빌라),126.371295631982,33.4729739314962
GS25 제주아로마점,제주특별자치도 제주시 연동10길 5 (연동),126.492032569711,33.4851642133763
CU 제주세화중앙점,제주특별자치도 제주시 구좌읍 구좌로 49,126.856853264754,33.5232314474119
GS25 제주옹달샘점,제주특별자치도 제주시 아연로 295 (오등동),126.519268466474,33.4669543304519
(주)코리아세븐 제주마리나호텔점,제주특별자치도 제주시 귀아랑길 5 (연동),126.497629274263,33.4928108015258
(주)코리아세븐 제주신천지점,제주특별자치도 제주시 천수로 68 (일도이동),126.543545885823,33.5047856125358
(주)코리아세븐 제주펠리체점,제주특별자치도 제주시 도령로 73 (연동),126.485948322561,33.4901161837273
씨유 제주대점,제주특별자치도 제주시 산천단동3길 29 (아라일동),126.558351645191,33.4503343036976
씨유 제주도호점,"제주특별자치도 제주시 신대로20길 46, 104호 (연동)",126.491545669584,33.4839164861318
씨유 제주점,제주특별자치도 제주시 중앙로 238 (이도이동),126.530328047754,33.4984757342927
(주)코리아세븐 제주법원점,제주특별자치도 제주시 남광북5길 12 (이도이동),126.536935817388,33.4934839590138
GS25 제주삼무점,제주특별자치도 제주시 삼무로1길 3 (연동),126.489540169308,33.4911125040547
씨유 제주뉴시청점,제주특별자치도 제주시 광양13길 2-1 (이도이동),126.531083970536,33.4985068171793
GS25 이도희망점,제주특별자치도 제주시 승천로 51 (이도이동),126.541538194614,33.4939288785616
씨유 제주삼양대로점,제주특별자치도 제주시 일주동로 326 (삼양이동),126.579669282627,33.521096844955
씨유 제주용문점,제주특별자치도 제주시 과원북4길 11 (노형동),126.483115964661,33.4813565252594
씨유 제주삼다점,"제주특별자치도 제주시 신대로 72, 102호 (연동, 현일센츄럴파크뷰)",126.496199268312,33.4909579046617
GS25 제주베두리점,제주특별자치도 제주시 삼무로 77 (연동),126.494949092251,33.4900744848243
세븐일레븐 제주신라점,제주특별자치도 제주시 노연로 75 (연동),126.488216605542,33.486143150407
세븐일레븐 제주신산점,제주특별자치도 제주시 고마로 10 (일도이동),126.538176593197,33.5133096472263
씨유제주고내올레점,제주특별자치도 제주시 애월읍 애월해안로 246,126.338409807075,33.466759350858
GS25 연동국기점,제주특별자치도 제주시 국기로3길 11 (연동),126.491277366085,33.4793268173134
씨유 제주남녕점,제주특별자치도 제주시 월랑로4길 35 (노형동),126.480384217981,33.4897338740076
지에스25제주노형중점,제주특별자치도 제주시 노형5길 42 (노형동),126.474359856803,33.4796596867412
세븐일레븐 이도센터점,제주특별자치도 제주시 청귤로3길 54 (이도이동),126.542580076732,33.5018428586313
(주)코리아세븐 제주인화로점,제주특별자치도 제주시 동광로21길 6 (일도이동),126.542394005174,33.5099409040932
GS25 연동바다점,제주특별자치도 제주시 제원길 14 (연동),126.489221411602,33.4887358569535
씨유 연동대로점,"제주특별자치도 제주시 연삼로 12, 1층 102호 (연동, 성남빌라건물)",126.493613537618,33.4934559539996
씨유 제주아산점,제주특별자치도 제주시 신대로20길 17 (연동),126.494502060862,33.4835822780641
GS25외도해피점,"제주특별자치도 제주시 우정로5길 8, 1층 (외도일동)",126.431698378536,33.4902057344698
세븐일레븐구남센터,"제주특별자치도 제주시 구남동4길 38, 1층 (이도이동)",126.536613274949,33.487593179542
씨유제주삼성로점,"제주특별자치도 제주시 삼성로 100, 1층 (일도이동, 금영골든빌1차)",126.535454417342,33.5093138052962
세븐일레븐제주오라로점,"제주특별자치도 제주시 오라로 46, 1층 (오라삼동)",126.508217297746,33.4966327480373
세븐일레븐 제주송당마을점,제주특별자치도 제주시 구좌읍 중산간동로 2231,126.781380741786,33.4721924308435
씨유제주사리탑교차로점,"제주특별자치도 제주시 조천읍 조천우회로 223, 1층",126.633019090441,33.5278430683532
GS25제주용흥점,제주특별자치도 제주시 용담로 89 (용담이동),126.512229924766,33.5123006773813
씨유제주 애월한담점,제주특별자치도 제주시 애월읍 애월로 37 (제주하늘푸른바다),126.312270179629,33.4621761546953
세븐일레븐 제주애월로드점,제주특별자치도 제주시 애월읍 중산간서로 6617,126.436426585482,33.4640098865766
세븐일레븐 제주화북진남점,제주특별자치도 제주시 진남로10길 27 (화북일동),126.567310423244,33.5215951541458
씨유 제주거로길점,제주특별자치도 제주시 거로길 21 (화북이동),126.557957023766,33.5139041915036
GS25 연동제원점,제주특별자치도 제주시 연동3길 14 (연동),126.487944917985,33.4887582679263
씨유제주금능점,제주특별자치도 제주시 한림읍 금능길 64,126.229994942243,33.3881854563932
지에스25제주남녕점,"제주특별자치도 제주시 남녕로 28, 1층 (연동)",126.48147948955,33.4903493799942
씨유제주노형길점,"제주특별자치도 제주시 노형5길 15, 1층 (노형동)",126.476218222792,33.4808622543772
씨유제주아연로점,"제주특별자치도 제주시 아연로 114, 1층 (오라이동)",126.503712450655,33.4732849793404
씨유제주송우수자인점,"제주특별자치도 제주시 연사2길 72, 104동 B102호 (오라이동)",126.511791602755,33.4826899520846
지에스25노형조이점,"제주특별자치도 제주시 월랑로10길 2, 1층 102호 (노형동)",126.476574810767,33.4890316413141
GS25 애월모닝시티점,"제주특별자치도 제주시 애월읍 하귀9길 2, 1층 111호",126.414565502113,33.4864182898895
지에스25제주신대로점,제주특별자치도 제주시 선덕로4길 22 (연동),126.498370345317,33.4837425209407
세븐일레븐제주정든로점,"제주특별자치도 제주시 정든로6길 11, 1층 (이도이동)",126.543203225135,33.4984539954728
씨유제주성안점,"제주특별자치도 제주시 서사로 59, 1층 (삼도이동)",126.520169522723,33.5070286187338
씨유뉴메르헨점,"제주특별자치도 제주시 연북로 41, 메르헨하우스 1층 133호 (노형동)",126.485855264834,33.4823374921104
레몬비 한림귀덕점,"제주특별자치도 제주시 한림읍 한림해안로 592-1, 1층",126.277471940322,33.4406513664667
씨유제주황사평점,"제주특별자치도 제주시 황사평6길 58, 113동 101호 (화북이동, 황사평갤럭시타운)",126.559332354659,33.4937289979231
지에스25외도부영점,"제주특별자치도 제주시 우정로7길 30, 1층 (외도일동)",126.434108041587,33.4891113240119
지에스25제주사평점,"제주특별자치도 제주시 사평4길 24-10, 104동 지하1층 101호 (오라이동, 오라파인힐)",126.511123380117,33.4908408779182
세븐일레븐제주삼화부영2차점,"제주특별자치도 제주시 화삼로 12, 상가동 101호 (화북이동, 삼화사랑으로부영2차아파트)",126.573834568629,33.5138765232657
지에스25제주월랑점,"제주특별자치도 제주시 월랑로 93, 1층 (도두일동)",126.471852292839,33.4925251934299
씨유아라스위첸점,"제주특별자치도 제주시 아란9길 22, 상가동 105호 (아라일동, 제주아라 KCC스위첸)",126.54207845541,33.4741024495929
레몬비한라산리조트점,"제주특별자치도 제주시 선돌목동길 56-46, 1층 (오등동)",126.544710028678,33.4441227029338
세븐일레븐제주삼성센터점,"제주특별자치도 제주시 삼성로15길 26, 1층 (일도이동)",126.53390491842,33.5095342848001
지에스25이도중앙로점,"제주특별자치도 제주시 중앙로 376, 1층 (이도이동)",126.539212089711,33.4885155540315
CU제주대흘점,제주특별자치도 제주시 조천읍 중산간동로 782,126.666008317989,33.4933746990735
세븐일레븐제주연신로점,"제주특별자치도 제주시 신설로11길 57, 101호 (이도이동)",126.54821079432,33.4944345669903
씨유 제주서광점,제주특별자치도 제주시 서광로 238 (삼도일동),126.521727621399,33.4994703803459
세븐일레븐 제주가이아호텔점,제주특별자치도 제주시 연동7길 4 (연동),126.490654741647,33.4894379657281
세븐일레븐제주삼양서흘점,제주특별자치도 제주시 서흘2길 30 (삼양일동),126.591271222738,33.5289885359219
지에스 노형대림점,"제주특별자치도 제주시 수덕로 75, 102호 (노형동, 성림미래안아파트)",126.470195382458,33.4840612877512
씨유제주디오션시티점,"제주특별자치도 제주시 신대로18길 47, 101호 (연동)",126.491189200294,33.4844697731343
GS25화북동중점,제주특별자치도 제주시 일주동로 250 (화북일동),126.571981190343,33.5197231790278
GS25 제주동광점,제주특별자치도 제주시 연신로 15 (일도이동),126.544886142424,33.4996144982559
씨유 제주크라운점,제주특별자치도 제주시 신광로 94 (연동),126.489632600056,33.4837017071922
GS25 월산마을점,제주특별자치도 제주시 월산남길 19 (노형동),126.464828950753,33.471746734937
씨유 연오로점,제주특별자치도 제주시 연오로 108 (연동),126.501321682988,33.4833460097639
세븐일레븐청귤로점,"제주특별자치도 제주시 청귤로 17, 1층 (이도이동)",126.538377376501,33.4996781450513
GS25 동광양점,제주특별자치도 제주시 동광로 21-1 (이도일동),126.531228660744,33.5019500054375
GS25 이도사랑점,제주특별자치도 제주시 연삼로 417 (이도이동),126.535492010489,33.4963131651218
씨유 제주삼무점,제주특별자치도 제주시 삼무로 28 (연동),126.48955576516,33.4897014871195
씨유제주공설로점,제주특별자치도 제주시 공설로 33-1 (오라일동),126.517641259637,33.497321823631
씨유 제주아라행복점,"제주특별자치도 제주시 인다14길 22, 1층 (아라일동)",126.547873820954,33.4713532960607
씨유제주영평점,제주특별자치도 제주시 연신로 264 (영평동),126.560514348451,33.4817717249959
씨유 제주노형중점,제주특별자치도 제주시 한라대학로 38 (노형동),126.474151903132,33.4767897566467
GS25건입현대점,"제주특별자치도 제주시 만덕로3길 19, 102호 (건입동, 우일아파트)",126.533055483381,33.5159139881495
씨유제주함와로점,"제주특별자치도 제주시 조천읍 함와로 63, 1층",126.676192012055,33.534567552267
씨유제주한동교차로점,제주특별자치도 제주시 구좌읍 일주동로 2806,126.825944532966,33.5391611588689
GS25삼화LH점,"제주특별자치도 제주시 화삼로 110, 상가동 104-105호 (도련이동, 제주삼화엘에이치3단지)",126.584951748992,33.513915351231
씨유제주신산점,"제주특별자치도 제주시 신산로 50, 1층 (일도이동)",126.532921922179,33.5091209897006
GS25연동누리안,제주특별자치도 제주시 신대로 144 (연동),126.496070704876,33.4844701537448
세븐일레븐 제주전농로점,"제주특별자치도 제주시 전농로 79, 1층 (삼도이동)",126.521687613853,33.5046116429763
씨유 제주동광점,"제주특별자치도 제주시 태성로2길 25, 1층 (일도이동)",126.546921015747,33.5006911552837
지에스25 이호해수욕장점,제주특별자치도 제주시 서해안로 24 (이호일동),126.456850045358,33.4998504889239
지에스25 아라나래점,"제주특별자치도 제주시 인다2길 75-1, 101호 (아라일동)",126.55038814075,33.4713391802001
씨유 제주외도부영점,"제주특별자치도 제주시 우정로15길 12, 104호 (외도일동, 외도부영2차 A상가)",126.432422740132,33.4857383462855
GS25 외도수피아점,"제주특별자치도 제주시 우정로4길 4, 105호 (외도일동)",126.430683122809,33.4915583252106
씨유 도남중앙점,제주특별자치도 제주시 도남로 63 (도남동),126.527796109196,33.4947124194115
씨유제주중앙여중점,제주특별자치도 제주시 중앙로24길 27 (삼도이동),126.522510435422,33.5056784241296
GS25이도프라임점,"제주특별자치도 제주시 중앙로 262, 상가동 102호 (이도이동)",126.531526392567,33.4964644894256
씨유제주정한점,"제주특별자치도 제주시 원노형8길 22, 1층 (노형동)",126.484112242513,33.4841007962109
GS25 제주간드락점,제주특별자치도 제주시 간월동로 10 (아라이동),126.543764870426,33.4854842863823
씨유 노형해오름점,제주특별자치도 제주시 과원북4길 39 (노형동),126.486763244138,33.4812606965474
씨유 제주아름점,제주특별자치도 제주시 우정로18길 25 (외도일동),126.428465691231,33.4842255062859
씨유 제주서해점,제주특별자치도 제주시 고마로 101 (일도이동),126.541426347689,33.5054070069096
(주)코리아세븐 제주도남대로점,제주특별자치도 제주시 연삼로 317 (도남동),126.526484125412,33.4924033012076
(주)코리아세븐 제주해안도로점,제주특별자치도 제주시 서해안로 228 (도두일동),126.470489626128,33.5083889705363
(주)코리아세븐 제주용담현대점,제주특별자치도 제주시 용담로 50-1 (용담이동),126.508134033965,33.5127614234084
씨유 제주서반점,제주특별자치도 제주시 고마로 21 (일도이동),126.538672478498,33.512351480746
씨유 도남대림점,제주특별자치도 제주시 신성로 35 (도남동),126.523463980762,33.496425811263
씨유 제주은남점,제주특별자치도 제주시 연동11길 21 (연동),126.493393598046,33.4879848266523
씨유제주정실점,"제주특별자치도 제주시 아연로 171, 1층 (오라이동)",126.509240849384,33.4710556170193
CU제주애월점,제주특별자치도 제주시 애월읍 애월로 121,126.320467543038,33.4646129024515
(주)코리아세븐 제주연동북타운점,제주특별자치도 제주시 노연로 131 (연동),126.494292332049,33.4859567587906
GS25제주애월점,제주특별자치도 제주시 애월읍 애월로 113,126.319430043988,33.4647353260902
(주)코리아세븐 제주제광점,제주특별자치도 제주시 서광로28길 15 (이도이동),126.526772959183,33.4990850277425
(주)코리아세븐 제주고산로점,제주특별자치도 제주시 광양13길 2 (이도이동),126.530948086295,33.4985409240224
씨유노형아이파크점,제주특별자치도 제주시 노형10길 23 (노형동),126.479657071391,33.4833777569121
세븐일레븐제주노형부영점,"제주특별자치도 제주시 과원북2길 18, 상가동 101호 (노형동, 부영아파트)",126.48401916808,33.4787844379025
세븐일레븐이도중앙점,"제주특별자치도 제주시 구남로7길 36, 상가동 109,110호 (이도이동, 주공1아파트)",126.534245491099,33.4923462530444
씨유제주월랑점,"제주특별자치도 제주시 남녕로 43-1, 1층 (노형동)",126.479994141511,33.4912492550586
(주)코리아세븐제주연중로점,제주특별자치도 제주시 연동11길 25 (연동),126.493374491358,33.4874964461528
씨유 제주제일점,"제주특별자치도 제주시 신산로 16, 1층 (일도일동)",126.531440916526,33.5119089769575
GS 제주탑동점,제주특별자치도 제주시 중앙로 21 (건입동),126.524994396772,33.5163660510356
GS25 제주성신점,제주특별자치도 제주시 도령로13길 13 (연동),126.488011966826,33.4925591141143
씨유 제주연동점,제주특별자치도 제주시 신대로20길 56 (연동),126.49040694261,33.4839249723536
씨유제주전농로점,제주특별자치도 제주시 전농로 31 (삼도일동),126.516504183338,33.5046091043985
GS25노형한빛점,제주특별자치도 제주시 원노형남1길 8 (노형동),126.481378971195,33.4839437812946
GS25도남방선문점,"제주특별자치도 제주시 복지로 72, 지하1층 4호 (도남동, 방선문4차빌리지)",126.525322072826,33.4872001758837
씨유 제주연동중앙점,제주특별자치도 제주시 은남4길 37 (연동),126.491651593692,33.4861916387725
GS25화북공단점,제주특별자치도 제주시 화남로 37 (화북일동),126.563589726298,33.5145957587421
(주)지에스리테일GS25제주노형점,제주특별자치도 제주시 도령로 31 (노형동),126.482150160136,33.4878756929729
세븐일레븐제주일주서로점,제주특별자치도 제주시 일주서로 7735 (도두일동),126.473113198561,33.4941976918502
씨유제주부영점,"제주특별자치도 제주시 원노형로 93, 상가동 지층 101,102호 (노형동, 부영아파트)",126.485543753064,33.4804132823224
지에스25노형현대점,"제주특별자치도 제주시 원노형로 84, 1층 (노형동)",126.484563201138,33.4812986296071
씨유제주삼성점,"제주특별자치도 제주시 중앙로 185, 1층 (이도일동)",126.527833419481,33.5027459314084
지에스25 아라타운점,"제주특별자치도 제주시 인다8길 8, 1층 (아라일동)",126.54573074226,33.4760711817349
지에스25 제주관덕정점,제주특별자치도 제주시 관덕로 17 (삼도이동),126.521098763253,33.5133165706908
GS25 제주수덕점,제주특별자치도 제주시 수덕5길 40 (노형동),126.474628707638,33.4851693736041
씨유 제주용담점,제주특별자치도 제주시 용문로 125 (용담이동),126.508399840053,33.5061072117852
씨유 제주삼성혈점,제주특별자치도 제주시 삼성로 21 (이도일동),126.528362660667,33.5058262519034
씨유 제주이호점,제주특별자치도 제주시 일주서로 7519 (이호일동),126.449903225872,33.4949653290625
씨유 노형대화점,제주특별자치도 제주시 노형로 349 (노형동),126.473696661491,33.4821348984456
씨유 제주대림점,제주특별자치도 제주시 과원북2길 48 (연동),126.487607825885,33.4787226001942
GS25하귀로점,제주특별자치도 제주시 애월읍 하귀로23길 1,126.402807729934,33.480187125123
씨유 서부관광점,제주특별자치도 제주시 노형로 41 (해안동),126.451514164878,33.4631179019668
씨유 제주탑동점,"제주특별자치도 제주시 중앙로 24, 1층 (일도일동, 원진빌딩)",126.524555522215,33.5162366120825
GS25노형런던점,제주특별자치도 제주시 다랑곶6길 51 (노형동),126.47855830607,33.4911362928287
씨유 제주외도점,제주특별자치도 제주시 우정로 58 (외도일동),126.430704422139,33.4876949365494
(주)코리아세븐 제주노형메르헨점,제주특별자치도 제주시 연북로 45 (노형동),126.486404886231,33.4823312960096
GS25제주노형정원점,"제주특별자치도 제주시 노형4길 17, 1층 (노형동)",126.476371179042,33.4816375487936
씨유제주청귤로점,"제주특별자치도 제주시 청귤로1길 50, 1층 (이도이동)",126.539288993093,33.501422874467
씨유제주무근성,제주특별자치도 제주시 무근성7길 18 (삼도이동),126.520349188483,33.5142190473311
세븐일레븐제주아인피플호텔점,"제주특별자치도 제주시 논세길 51, 1층 (내도동)",126.442299293618,33.489410640647
세븐일레븐제주화북남문점,제주특별자치도 제주시 일주동로 181 (화북일동),126.564818561283,33.5190270774341
세븐일레븐제주노형에코점,"제주특별자치도 제주시 원노형6길 28, 1층 (노형동)",126.482636154967,33.4836828858052
씨유제주신창점,제주특별자치도 제주시 한경면 두신로 80,126.183185298714,33.349935695917
씨유제주탑동로점,"제주특별자치도 제주시 중앙로2길 15, 1층 (삼도이동)",126.523266203227,33.5167390715249
레몬비추자도점,"제주특별자치도 제주시 추자면 신양2길 28-1, 1층",126.329972721323,33.9452742327188
씨유제주논스톱점,"제주특별자치도 제주시 애월읍 일주서로 6707, 1층",126.368630286254,33.4721188425881
씨유제주복지로점,"제주특별자치도 제주시 복지로북길 37, 1층 (도남동)",126.524200644308,33.4891338514615
씨유제주일중사거리점,제주특별자치도 제주시 신설로2길 5-9 (이도이동),126.541614368016,33.4950135974438
지에스25연동베스트점,"제주특별자치도 제주시 성신로1길 30, 1층 (연동)",126.488489697417,33.4920166159982
레몬비아라스위첸점,"제주특별자치도 제주시 아란9길 25, 소랑빌 101호 (아라일동)",126.542578139793,33.472553818312
씨유제주용화점,제주특별자치도 제주시 용화로 37-2 (용담이동),126.507771639003,33.5099486471077
씨유연동세일점,"제주특별자치도 제주시 선덕로 17, 1층 103호 (연동, 연동세일빌라)",126.498356370605,33.4858307340832
A.B.C.쇼핑,"제주특별자치도 제주시 신광로10길 2, 1층 (연동)",126.489357625328,33.4839337263789
씨유제주일도중앙점,"제주특별자치도 제주시 동광로17길 36, 1층 (일도이동)",126.538576650156,33.5097833016895
씨유제주이도노브힐점,"제주특별자치도 제주시 남광로2길 48, 1층 (이도이동)",126.539965117897,33.4889155942871
씨유제주아라방선문점,"제주특별자치도 제주시 아연로 531, 1층 (아라일동)",126.535968930444,33.4777127103689
씨유제주삼화부영8차점,"제주특별자치도 제주시 화삼로 89, 상가동 1층 101호 (도련일동, 제주삼화사랑으로부영8차)",126.581602884108,33.5155219040047
씨유제주서사라점,"제주특별자치도 제주시 서사로18길 2, 1층 (삼도일동)",126.519359259051,33.5020963883808
씨유제주인화점,"제주특별자치도 제주시 동광로 138, 1층 (일도이동)",126.541429289168,33.5079509499826
지에스25노형라자점,"제주특별자치도 제주시 월랑로 13, 라자아일랜드빌딩 1층 (노형동)",126.477578042735,33.4870314567262
세븐일레븐제주와산리점,제주특별자치도 제주시 조천읍 함와로 562,126.680012895299,33.4938766088336
씨유제주연동아랑점,"제주특별자치도 제주시 신대로18길 16, 1층 (연동, 삼다연동맨션)",126.494715824047,33.484809947213
씨유제주인화중앙점,"제주특별자치도 제주시 동광로15길 8, 1층 (일도이동)",126.537603946606,33.5062360590056
씨유제주월광점,"제주특별자치도 제주시 광평중길 1, 1동 1층 (노형동)",126.465761078924,33.4847435096821
씨유제주아라아이파크점,"제주특별자치도 제주시 인다1길 20, 상가동 1층 105호,106호 (아라일동, 아라아이파크)",126.550124839409,33.4775741216697
씨유제주거로마을점,"제주특별자치도 제주시 연삼로 702, 1층 (화북이동)",126.561450979415,33.509895237779
지에스25제주인화점,"제주특별자치도 제주시 동광로 113, 1층 (일도이동)",126.539063500051,33.5066473043385
씨유제주삼양원당점,"제주특별자치도 제주시 원당로 39, 1층 (삼양일동)",126.590213148892,33.5246227795842
씨유제주동부휴게소점,제주특별자치도 제주시 조천읍 번영로 1619,126.703732728863,33.4573182376316
지에스25제주도련중앙점,제주특별자치도 제주시 삼봉로 120 (도련일동),126.589005140636,33.5107168485115
(주)비지에프리테일 제주탑동광장점,"제주특별자치도 제주시 임항로 17, 1층 (건입동)",126.526738718894,33.5167445431627
지에스25일도대림점,제주특별자치도 제주시 태성로 20 (일도이동),126.548405178855,33.5011827126381
씨유제주다들스테이점,제주특별자치도 제주시 도령로15길 8 (연동),126.4898214087,33.4931921912058
세븐일레븐 제주가령로점,제주특별자치도 제주시 가령로4길 1 (이도이동),126.533013355573,33.4966051609663
세븐일레븐 제주칠성로점,제주특별자치도 제주시 관덕로15길 22 (일도일동),126.526883933044,33.5152195174471
GS25제주유정점,제주특별자치도 제주시 서광로20길 12 (삼도일동),126.521765201922,33.49864421617
씨유 제주정든점,"제주특별자치도 제주시 월랑로 47, 주립빌딩 1층 (노형동)",126.475048177158,33.4894755284887
GS제주바오젠점,제주특별자치도 제주시 신광로 21 (연동),126.490334640812,33.4901334899759
지에스25뉴제주하귀점,"제주특별자치도 제주시 애월읍 하귀9길 50, 1층",126.415476160692,33.4829013458557
레몬비 신제주입구점,"제주특별자치도 제주시 서광로 23, 1층 (용담이동)",126.499086796328,33.4985849938938
씨유제주새길1호점,"제주특별자치도 제주시 수덕9길 65, 1층 (노형동)",126.471923460386,33.4840444103227
씨유제주삼도중앙점,제주특별자치도 제주시 서사로13길 7 (삼도일동),126.520690797367,33.5036414650025
레몬비 애월고내점,"제주특별자치도 제주시 애월읍 애월해안로 232, 1층",126.336703229135,33.4670761541595
지에스25동광로점,"제주특별자치도 제주시 동광로 12, 1층 (이도이동)",126.5304860175,33.5011081716993
씨유제주아란마을점,"제주특별자치도 제주시 아란15길 26, 1층 (아라일동)",126.543173669232,33.4702036570964
지에스25제주동여중점,"제주특별자치도 제주시 천수로 23, 1층 (이도이동)",126.539610976231,33.5028470549574
씨유제주서해안로점,"제주특별자치도 제주시 서해안로 456-2, 1층 (용담삼동)",126.488450586146,33.5180744655487
세븐일레븐 제주하귀점,"제주특별자치도 제주시 애월읍 하귀로 24, 1층",126.39994518923,33.4799076011275
씨유제주용인아파트점,"제주특별자치도 제주시 고마로14길 16, 1층 104호 (일도이동, 용인아파트)",126.539409361675,33.5058624925291
세븐일레븐제주연동청원점,"제주특별자치도 제주시 도령로 131, 청원빌딩 1층 (연동)",126.490899865474,33.4931327038277
씨유협재제천점,"제주특별자치도 제주시 한림읍 한림로 329-8, 1층",126.239795456244,33.3937287983491
씨유제주애월해안점,제주특별자치도 제주시 애월읍 애월해안로 956,126.396791727696,33.4826578227122
씨유제주아라센터점,"제주특별자치도 제주시 아란8길 5, 1층 (아라일동)",126.545058264744,33.4733256067733
지에스25구남중앙점,"제주특별자치도 제주시 구남동2길 47, 1층 102호 (이도이동)",126.533441580913,33.4881304405261
씨유제주연미길점,"제주특별자치도 제주시 연미길 101, 1층 (연동)",126.502564643638,33.485693344177
세븐일레븐제주삼화센터점,"제주특별자치도 제주시 건주로4길 10-3, 1층 (도련일동)",126.579533737932,33.5163407568821
세븐일레븐제주영평휴안점,"제주특별자치도 제주시 아봉로 234, 101동 근생101호 (영평동, 영평 휴안2차)",126.567342346438,33.4772154547183
레몬비 곽지해변점,제주특별자치도 제주시 애월읍 곽지9길 23,126.307070671091,33.4512175608168
씨유제주함덕해수욕장점,제주특별자치도 제주시 조천읍 함덕로 40,126.671132773258,33.5423954649322
지에스25제주대동점,"제주특별자치도 제주시 대동길 2, 1층 (이호이동)",126.463222902079,33.4942646962615
세븐일레븐제주스위트캐슬점,제주특별자치도 제주시 조천읍 신북로 443,126.656903706367,33.5442077351881
세븐일레븐제주노형대박점,"제주특별자치도 제주시 다랑곶길 36, 1층 (노형동, 솔누리주택)",126.481485785552,33.4888235530966
씨유제주메르블루점,"제주특별자치도 제주시 서해안로 368, 1층 (도두이동)",126.484171080594,33.511302562975
씨유제주프로빌아파트점,"제주특별자치도 제주시 금월길 46, 프로빌빌딩 1층 101호 (아라이동)",126.551556593761,33.4845729924377
세븐일레븐제주봉개LH점,"제주특별자치도 제주시 봉개대동6길 48-7, 1층 103호 (봉개동)",126.594090344187,33.4889817209726
지에스25제주삼양초교점,"제주특별자치도 제주시 지석14길 15, 1층 (삼양이동)",126.585565903454,33.5197611705003
지에스25삼도동양점,"제주특별자치도 제주시 홍랑길 20, 1층 (삼도일동, 동양맨션)",126.523344661465,33.501546847213
씨유제주이호오광점,"제주특별자치도 제주시 오광로 109, 1층 (이호이동)",126.46035156107,33.4865530965608
GS25함덕코업시티점,"제주특별자치도 제주시 조천읍 조함해안로 474, 제주비치",126.663413383771,33.5432847899896
세븐일레븐제주신촌점,"제주특별자치도 제주시 조천읍 신북로 88, 101호",126.622992781037,33.5351839212508
씨유제주국기점,"제주특별자치도 제주시 국기로2길 27, 1층 (연동)",126.492430598122,33.4807319002461
씨유제주삼주점,"제주특별자치도 제주시 동고산로 29, 동광주택 1층 (이도이동)",126.53399566078,33.4990493811657
씨유제주제원어반점,"제주특별자치도 제주시 삼무로 18, 제주연동 하우스디어반 107, 108호 (연동)",126.488660583969,33.4895983510098
씨유제주해모루점,"제주특별자치도 제주시 연삼로 295-1, 1층 (도남동)",126.524226237204,33.4926391648803
씨유제주일주서로점,"제주특별자치도 제주시 일주서로 7312, 1층 (외도일동)",126.428364711319,33.4924717796507
씨유제주봉개점,"제주특별자치도 제주시 번영로 468, 1층 (봉개동)",126.591947226287,33.4915768715075
씨유제주애월항점,"제주특별자치도 제주시 애월읍 애월해안로 99, 1층",126.324468026446,33.4663371392012
씨유제주연동사거리점,"제주특별자치도 제주시 노연로 145, 1층 (연동)",126.495819568287,33.4859014928143
씨유제주삼양해수욕장점,제주특별자치도 제주시 선사로8길 10 (삼양일동),126.586922915866,33.5253095919714
씨유제주월랑중앙점,"제주특별자치도 제주시 월랑로4길 3, 1층 (노형동)",126.477968923914,33.4878426428862
세븐일레븐제주정다운점,"제주특별자치도 제주시 남중서1길 28, 1층 (삼도이동)",126.523749447075,33.506432595774
씨유제주진군행복점,제주특별자치도 제주시 진군중길 27(노형동),126.479575722411,33.4767576516796
씨유한림상로점,"제주특별자치도 제주시 한림읍 한림상로 186, 1층",126.269426821461,33.4149777343112
씨유제주이호행운점,제주특별자치도 제주시 일주서로 7525(이호일동),126.450396291001,33.4951520722198
GS25제주하귀점,"제주특별자치도 제주시 애월읍 일주서로 7143, 1층",126.411878030293,33.4860376271712
씨유제주탑동중앙점,제주특별자치도 제주시 중앙로8길 5(일도일동),126.524133295165,33.5147181559226
씨유한림고림동점,"제주특별자치도 제주시 한림읍 중산간서로 4512, 1층",126.285203352488,33.3743903560407
세븐일레븐제주일도하나점,제주특별자치도 제주시 동광로19길 55(일도이동),126.540386143314,33.5131708151919
한화호텔앤드리조트(주)제주,"제주특별자치도 제주시 명림로 575-107, 한화리조트 고객센터동 1층 (회천동)",126.637358132958,33.4490025432113
지에스25제주연문점,"제주특별자치도 제주시 일주서로 7778(노형동, 다복빌라)",126.477405306954,33.4933615205062
씨유 한림오거리점,"제주특별자치도 제주시 한림읍 한림로 626, 1층",126.260806688669,33.4123548026032
씨유제주봉개중앙점,"제주특별자치도 제주시 번영로 470, 1층 (봉개동)",126.592206538088,33.4914655664921
세븐일레븐제주일도삼성점,제주특별자치도 제주시 삼성로 59(일도이동),126.531586608749,33.5078012476781
세븐일레븐제주탑동광장점,제주특별자치도 제주시 서부두길 10(건입동),126.528039262563,33.5171644167567
세븐일레븐제주오라점,제주특별자치도 제주시 서사로 173(오라일동),126.51994665152,33.4967321193852
지에스25노형드림점,제주특별자치도 제주시 원노형남2길 39(노형동),126.485286577596,33.482729398069
씨유제주도두중앙점,"제주특별자치도 제주시 서해안로 146(도두일동, 도두골든빌리지)",126.464971565348,33.5026723649785
씨유 제주남조로점,제주특별자치도 제주시 조천읍 남조로 2115,126.661810697273,33.4545645849141
세븐일레븐제주이도광양점,제주특별자치도 제주시 광양7길 38(이도이동),126.532852036396,33.5017360580624
지에스25삼도서광로점,제주특별자치도 제주시 서광로 219(삼도일동),126.520195486861,33.5001192831124
씨유제주도평에코그린점,"제주특별자치도 제주시 우평로 64, 109동 101호 (도평동, 에코그린빌6차)",126.459228036832,33.4796423723486
씨유외도절물점,제주특별자치도 제주시 우정로5길 22(외도일동),126.433229792173,33.4900048417802
세븐일레븐제주더호텔점,제주특별자치도 제주시 삼무로 74(연동),126.494465524794,33.4895747440976
씨유제주월랑초교점,제주특별자치도 제주시 남녕로 66 (노형동),126.479392845885,33.4930301673071
세븐일레븐제주노형벽강점,"제주특별자치도 제주시 원노형로 35-2, 지하1층 B01호 (노형동, 노형벽강하이본타워7차)",126.485653675602,33.4851341167223
씨유제주외도한라점,제주특별자치도 제주시 우령서로 47 (외도일동),126.426918686855,33.4880491223303
지에스25 애월한담누리,"제주특별자치도 제주시 애월읍 일주서로 6156, 1층",126.31212735138,33.459245393094
씨유제주외도월대점,제주특별자치도 제주시 절물2길 8-2 (외도일동),126.432432257799,33.4920811557444
씨유제주오라로점,제주특별자치도 제주시 동성길 58 (오라삼동),126.508583911673,33.4955879952818
씨유제주광령로드점,"제주특별자치도 제주시 애월읍 광령중길 133-3, 1층",126.43676720616,33.449445380243
씨유제주세화해변점,제주특별자치도 제주시 구좌읍 해맞이해안로 1426,126.857707404066,33.5252186559086
씨유제주동복점,제주특별자치도 제주시 구좌읍 동복로 34,126.709840723994,33.5532598503665
씨유제주세화리점,제주특별자치도 제주시 구좌읍 일주동로 3151,126.855875705432,33.5213696818098
씨유제주청수점,제주특별자치도 제주시 한경면 중산간서로 3501,126.244575552311,33.3216825895997
씨유제주516교차로점,제주특별자치도 제주시 516로 3157 (아라일동),126.550827049651,33.4556582719944
씨유제주무수천점,"제주특별자치도 제주시 애월읍 중산간서로 6703, 1층",126.444297972458,33.4614885027496
세븐일레븐 제주원남점,"제주특별자치도 제주시 원남6길 49, 106동 101호 (도남동)",126.530584512178,33.4849109667801
씨유오등동점,"제주특별자치도 제주시 아연로 429, 1층 (오등동)",126.526282416409,33.474980656522
씨유제주동부관광점,"제주특별자치도 제주시 조천읍 일주동로 952-3, 1층",126.642895536,33.5346314514591
씨유제주연북로점,제주특별자치도 제주시 연북로 260 (오라이동),126.50891938515,33.4810324742219
지에스25한라체육관점,제주특별자치도 제주시 서광로4길 10 (오라일동),126.514057327735,33.4991188477435
레몬비내도점,제주특별자치도 제주시 일주서로 7483 (내도동),126.446093227638,33.4941063627776
세븐일레븐제주정실점,제주특별자치도 제주시 아연로 145 (오라이동),126.50703713011,33.4725495616187
세븐일레븐 제주곽지점,제주특별자치도 제주시 애월읍 일주서로 5989,126.305265907943,33.4463911910496
씨유제주정원로점,"제주특별자치도 제주시 정원로 35, 엘림빌딩 1층 (노형동)",126.478120117986,33.4786719242219
씨유제주광장점,"제주특별자치도 제주시 연삼로 404, 1층 (이도이동)",126.534713907997,33.4951408792517
씨유제주노형행운점,"제주특별자치도 제주시 수덕7길 14, 1층 102호 (노형동, 대왕아파트)",126.475620330802,33.4868095112535
씨유제주동광양점,"제주특별자치도 제주시 동광로 24, 1층 (이도이동)",126.531774317831,33.5017034095455
세븐일레븐제주인제사거리점,제주특별자치도 제주시 고마로 87 (일도이동),126.540934751719,33.5065649945159
씨유제주삼화지구점,"제주특별자치도 제주시 화삼로 7, 티엠빌딩 1층 103, 104호 (화북일동)",126.573809769992,33.514456071792
레몬비교래사거리점,제주특별자치도 제주시 조천읍 남조로 1845-1,126.672958939708,33.4323212863034
지에스25크라운점,제주특별자치도 제주시 삼무로3길 26 (연동),126.493173653568,33.4904986479374
씨유제주용담해안도로점,제주특별자치도 제주시 서해안로 516 (용담삼동),126.494121158229,33.5197893126032
세븐일레븐제주일도센터점,"제주특별자치도 제주시 고마로 37-1, 1층 (일도이동)",126.539074923548,33.5107653667442
씨유제주화북진동점,"제주특별자치도 제주시 진동로 7, 1층 (화북일동)",126.568497320778,33.5197669003136
씨유제주하귀주공점,"제주특별자치도 제주시 애월읍 하광로 50, 1층",126.414130164529,33.4817994702153
씨유제주삼도점,제주특별자치도 제주시 서광로 197-1 (삼도일동),126.517688673525,33.5001821285295
세븐일레븐제주연동길점,제주특별자치도 제주시 연동13길 33 (연동),126.494582471957,33.4865952781929
씨유제주용화사거리점,제주특별자치도 제주시 용화로4길 2 (용담이동),126.504767778208,33.5097758320202
씨유외도일주점,제주특별자치도 제주시 일주서로 7269 (외도이동),126.423801749933,33.4922558133351
씨유제주월성로점,제주특별자치도 제주시 월성로 31 (용담이동),126.505443965924,33.5016454669407
세븐일레븐오라사거리점,제주특별자치도 제주시 오라남로 14-14 (오라이동),126.512351479175,33.4607439825
씨유제주금능길점,"제주특별자치도 제주시 한림읍 한림로 203, 1층",126.229607371235,33.3865060064974
씨유제주이도남광점,제주특별자치도 제주시 오복4길 30 (이도이동),126.537553262283,33.494173008764
세븐일레븐제주더테라스점,"제주특별자치도 제주시 연동6길 5, 제주1번가 더테라스 1층 103호 (연동)",126.489446068654,33.4855107957617
지에스25제주중앙여고점,제주특별자치도 제주시 남광로2길 39 (이도이동),126.539731462227,33.489617158967
지에스25도련희망점,제주특별자치도 제주시 도련길 22 (도련일동),126.587660024687,33.5090318980768
씨유제주혜성대유아파트점,"제주특별자치도 제주시 천수로 82, 혜성대유아파트 105동 107호 (일도이동)",126.544582311703,33.5056625286968
세븐일레븐제주이도명주점,"제주특별자치도 제주시 독짓골8길 57, 지하층 1호 (이도이동, 명주2차)",126.531365920813,33.4896775880757
씨유제주연문로점,제주특별자치도 제주시 연문2길 3 (연동),126.498929888271,33.4929636580964
씨유제주이도광양점,제주특별자치도 제주시 동광로5길 16 (이도일동),126.53087774534,33.5031023545773
세븐일레븐제주드림타워점,"제주특별자치도 제주시 노연로 12, 제주 드림타워 복합리조트 4층 (노형동)",126.481459449471,33.4852623358443
씨유 제주봉성점,"제주특별자치도 제주시 애월읍 녹근로 3, 1층",126.312634141035,33.4177522701585
씨유제주제원중앙점,제주특별자치도 제주시 제원3길 25 (연동),126.486728287034,33.4873699223999
씨유 제주하광로점,제주특별자치도 제주시 애월읍 하광로 246,126.419343608752,33.4662063944605
레몬비 연북로점,"제주특별자치도 제주시 연북로 724, 1층 (화북이동)",126.553015385782,33.4954002881777
씨유제주한라마을점,"제주특별자치도 제주시 진군남4길 9, 1층 (노형동)",126.480399073041,33.4756771204693
레몬비 아라점,"제주특별자치도 제주시 월두2길 39, 1층 (아라이동)",126.548334543422,33.4844234377706
마레보스토어,"제주특별자치도 제주시 애월읍 신엄안3길 135, 1동",126.354447319405,33.4706419288473
씨유외도우정점,"제주특별자치도 제주시 우정로 37, 1층 103호 (외도일동, 가온체리티아파트)",126.431090500044,33.4895032225113
GS25이도구남점,"제주특별자치도 제주시 구남동2길 11-1, 1층 (이도이동)",126.536476604789,33.4898991272756
지에스25삼도관덕점,"제주특별자치도 제주시 관덕로2길 15, 1층 (삼도이동)",126.520667658333,33.5116453386619
GS25노형중앙점,제주특별자치도 제주시 다랑곶길 19 (노형동),126.480030678688,33.4880165725019
씨유제주건입만덕점,"제주특별자치도 제주시 만덕로 27, 1층 (건입동)",126.532190918709,33.5140819402059
캠퍼트리 스토어,"제주특별자치도 제주시 해안마을서4길 100, 1층 (해안동)",126.450780304655,33.450548591865
세븐일레븐삼양중앙점,제주특별자치도 제주시 설촌로 16-1 (삼양이동),126.581626073263,33.5230022219303
씨유제주협재점,제주특별자치도 제주시 한림읍 한림로 387-1,126.244014569732,33.3971266941111
지에스25 제주이도점,"제주특별자치도 제주시 오복4길 4, 장원빌딩 (이도이동)",126.536080077602,33.4957326684467
씨유제주이도성지점,제주특별자치도 제주시 중앙로19길 15 (이도일동),126.525311070047,33.5091504847673
씨유제주중학교점,제주특별자치도 제주시 서문로 49 (용담일동),126.516588925608,33.5113757824779
레몬비노형점,"제주특별자치도 제주시 노연로 34, 2층 (노형동)",126.483771289469,33.4857485688839
씨유제주이도한마음점,제주특별자치도 제주시 신설로7길 57 (이도이동),126.54722579155,33.4956872529164
(주)코리아세븐 제주그랜드호텔점,제주특별자치도 제주시 연동4길 8 (연동),126.487767651953,33.4852204993675
세븐일레븐제주현대오피스텔점,"제주특별자치도 제주시 도령로 87, 현대오피스텔 103호 (연동)",126.487275468846,33.4908688308155
씨유제주수선화점,"제주특별자치도 제주시 독짓골2길 9, 1층 (도남동)",126.529590050909,33.4913693722153
씨유제주첨단꿈에그린점,"제주특별자치도 제주시 첨단로동길 74, A2블럭상가동 101.102호 (월평동, 제주첨단 꿈에그린 2단지 아파트)",126.575732960607,33.4541642300698
씨유제주신광점,제주특별자치도 제주시 성신로 20 (연동),126.485404678287,33.4916867535947
씨유제주도남점,제주특별자치도 제주시 연삼로 366 (도남동),126.531424945314,33.4929631288914
씨유제주천백도로점,제주특별자치도 제주시 주르레길 1 (노형동),126.486076228066,33.4500807816909
씨유제주신광새길점,제주특별자치도 제주시 성신북길 19 (연동),126.483334660165,33.4924890312322
씨유제주명도암점,제주특별자치도 제주시 명림로 236 (봉개동),126.610903743423,33.4660290869504
씨유제주서부휴게소점,"제주특별자치도 제주시 노형로 89, 제주매직월드 (해안동)",126.455168486651,33.4649423421818
씨유제주용천점,제주특별자치도 제주시 신광로10길 30 (연동),126.486832309126,33.4839991194962
지에스25일도연수중길점,제주특별자치도 제주시 연수중길 16 (일도이동),126.545393456904,33.5033370546988
세븐일레븐 서귀포이중섭거리점,"제주특별자치도 서귀포시 이중섭로 11, 118호 (서귀동)",126.564458845032,33.2470807983266
세븐일레븐 서귀포오션팰리스점,"제주특별자치도 서귀포시 중앙로 14, 유동오션펠리스 102호 (서귀동)",126.562336279883,33.2459572185083
씨유 서귀포가온점,"제주특별자치도 서귀포시 태평로512번길 1-4 (동홍동, 덕산가온누리빌)",126.572713173379,33.2503993913203
씨유 서귀포주공점,제주특별자치도 서귀포시 중앙로 198-9 (동홍동),126.559730666884,33.2624501859098
씨유 서귀포항점,제주특별자치도 서귀포시 칠십리로91번길 12 (서귀동),126.564274864436,33.241037692362
CU제주표선로얄점,제주특별자치도 서귀포시 표선면 표선관정로 97 (서울약국),126.830856774379,33.3243350949031
봄그리고 가을 편의점,제주특별자치도 서귀포시 성산읍 해맞이해안로 2660 (봄그리고가을리조트),126.911017164766,33.4741447731614
GS25 신시가지,제주특별자치도 서귀포시 신서로48번길 52-11 (법환동),126.510440263694,33.252139272806
(주)코리아세븐 서귀포중앙점,제주특별자치도 서귀포시 태평로431번길 32 (서귀동),126.566172376606,33.2482991198432
GS25동홍중앙점,"제주특별자치도 서귀포시 태평로 509, 101호 (동홍동, 제이원타워)",126.571765222503,33.2506831198289
세븐일레븐서귀포서강파인힐점,"제주특별자치도 서귀포시 중앙로 199 (서홍동, 서강파인힐5차A 1호)",126.558536378334,33.2622577816772
씨유서귀강정한내들점,"제주특별자치도 서귀포시 대청로 34, 상가동 101,102호 (강정동, 유승한내들퍼스트오션)",126.503064822764,33.2523511151879
씨유서귀포현대점,제주특별자치도 서귀포시 동홍남로 59 (동홍동),126.574646427537,33.2570244353258
씨유 서귀포동홍점,제주특별자치도 서귀포시 중산간동로 8004 (동홍동),126.561592305546,33.2646817115229
씨유 서귀포올레시장점,제주특별자치도 서귀포시 중정로61번길 22 (서귀동),126.562833696324,33.2498447250039
씨유 서귀포광장점,제주특별자치도 서귀포시 중앙로 85 (서귀동),126.560917881946,33.2521723861285
세븐일레븐 서귀포동문점,제주특별자치도 서귀포시 동문로 70 (서귀동),126.567291367642,33.2488203737472
세븐일레븐 서귀포색달점,제주특별자치도 서귀포시 색달중앙로 25 (색달동),126.413471540457,33.2577866615471
세븐일레븐 서귀포서귀점,제주특별자치도 서귀포시 중앙로62번길 64 (서귀동),126.564342849278,33.2536118917986
세븐일레븐 서귀포동홍현대점,제주특별자치도 서귀포시 동홍남로 70 (동홍동),126.575761684932,33.2567528873221
세븐일레븐 서귀포동홍센터점,제주특별자치도 서귀포시 동홍로 45 (동홍동),126.567472525356,33.2527362435067
지에스25서귀서홍점,제주특별자치도 서귀포시 홍중로 82 (서홍동),126.555839960815,33.2598270367432
씨유서귀대정시계탑점,"제주특별자치도 서귀포시 대정읍 하모상가로 45-1, 왕미용실",126.253548862058,33.2218473512573
CU제주당케점,제주특별자치도 서귀포시 표선면 민속해안로 587,126.843011797468,33.3250926392237
대정상모점 GS,제주특별자치도 서귀포시 대정읍 상모로 290,126.258361546493,33.2234146474816
씨유서귀법환점,제주특별자치도 서귀포시 이어도로 916 (법환동),126.512634042062,33.2373416178584
씨유 서홍대로점,제주특별자치도 서귀포시 중앙로 159-1 (서홍동),126.559418917655,33.2586399715771
(주)코리아세븐 서귀포동홍점,"제주특별자치도 서귀포시 동홍중앙로 70 (동홍동, 세븐일레븐)",126.572254825252,33.2567714393565
세븐일레븐 서귀포중문롯데점,제주특별자치도 서귀포시 중문관광로72번길 29-5 (색달동),126.410827485706,33.2498552242221
GS25 서귀동변점,제주특별자치도 서귀포시 중앙로48번길 42 (서귀동),126.565745573883,33.2500879078357
씨유 서귀동홍로점,제주특별자치도 서귀포시 동홍로 108 (동홍동),126.568638637618,33.2582037190509
CU 제주화순점,제주특별자치도 서귀포시 안덕면 화순로 103,126.335335018166,33.2464831049012
씨유 서귀서홍로점,"제주특별자치도 서귀포시 중산간동로 8048-2, 1층 (서홍동)",126.556922263883,33.2643369651777
씨유제주성산중앙점,제주특별자치도 서귀포시 성산읍 성산중앙로 44 (바다사냥),126.933801477977,33.4635844273446
Cu제주표선해변길점,제주특별자치도 서귀포시 표선면 표선백사로 123 (표선명운공인중개사무소),126.83647805853,33.3264771362665
씨유 제주중문로점,제주특별자치도 서귀포시 천제연로 172 (중문동),126.422968302012,33.2517440642232
GS25 성산중앙점,제주특별자치도 서귀포시 성산읍 성산중앙로 43-1 (태양분식),126.933489725744,33.4635976944666
CU제주삼정G 에듀점,제주특별자치도 서귀포시 대정읍 에듀시티로 148 (삼정G.edu),126.274215315419,33.28404249778
GS25서귀솔동산점,제주특별자치도 서귀포시 솔동산로 20 (서귀동),126.563721018229,33.2431504372879
CU서귀정방점,제주특별자치도 서귀포시 태평로 463 (서귀동),126.568665064458,33.2476488780737
씨유서귀김정문화로점,"제주특별자치도 서귀포시 신서로 69, 101동 101호 (강정동, 강정지예타운)",126.505299797753,33.2564793775915
씨유 서귀포효돈중앙점,"제주특별자치도 서귀포시 과원동로 3, 1층 1호 (하효동)",126.620224676052,33.2611835224327
지에스25서귀오일장점,제주특별자치도 서귀포시 토평서로11번길 155 (동홍동),126.573571218769,33.2657501455346
씨유 서귀서홍중앙점,"제주특별자치도 서귀포시 홍중로 97 (서홍동, 지산 오차드힐)",126.554887220746,33.2611089913504
씨유서귀문부로점,제주특별자치도 서귀포시 동홍서로 37 (동홍동),126.569470651599,33.2521908382441
GS 제주보목점,제주특별자치도 서귀포시 칠십리로 458-1 (보목동),126.599891449381,33.2422625825406
세븐일레븐서귀포천지점,제주특별자치도 서귀포시 천지로 13 (서귀동),126.560740485253,33.248828876067
세븐일레븐 서귀포노블휘닉스점,"제주특별자치도 서귀포시 태평로 505 (동홍동, 가나노블휘닉스)",126.571403032281,33.2503361869915
GS25 대포중앙점,제주특별자치도 서귀포시 천제연로 278 (중문동),126.434305056111,33.2509475419602
씨유 서귀중흥S점,"제주특별자치도 서귀포시 대청로 12 (강정동, 서귀포시강정지구3블럭중흥에스-클래스)",126.500488347444,33.2523242934188
지에스(GS)25 대정중앙점,제주특별자치도 서귀포시 대정읍 하모중앙로 76,126.251812065618,33.2213903495082
(주)코리아 세븐 서귀포 고성점,"제주특별자치도 서귀포시 성산읍 고성동서로 66, 태양약국",126.91436884487,33.4505197355515
씨유 서귀포부두점,제주특별자치도 서귀포시 칠십리로 61 (서귀동),126.562759604456,33.2400489654788
씨유 서귀포강정점,제주특별자치도 서귀포시 신서귀로97번길 84 (강정동),126.505012610223,33.2514950342691
씨유 제주서호점,제주특별자치도 서귀포시 김정문화로 63 (서호동),126.511482728731,33.2509723385248
씨유 제주중문점,제주특별자치도 서귀포시 중문상로 38 (중문동),126.425657885705,33.2518275625101
씨유 서귀포송산점,제주특별자치도 서귀포시 태평로 414 (서귀동),126.564543328426,33.2446502070502
씨유 서귀포월드컵점,제주특별자치도 서귀포시 명동로 19-1 (서귀동),126.564072811246,33.24748202397
GS25제주강정점,제주특별자치도 서귀포시 이어도로 752 (강정동),126.495752339788,33.235613618981
CU성산고성점,제주특별자치도 서귀포시 성산읍 서성일로1222번길 2,126.908745893594,33.4464757842571
씨유제주성산점,제주특별자치도 서귀포시 성산읍 일출로 18,126.914730842639,33.4472565121515
씨유 서귀위미동백점,제주특별자치도 서귀포시 남원읍 위미중앙로 309,126.673720584398,33.2741118915935
세븐일레븐 태평로점,제주특별자치도 서귀포시 태평로 440 (서귀동),126.567090341924,33.2458468170224
씨유 신서귀로점,제주특별자치도 서귀포시 김정문화로27번길 9-6 (강정동),126.507326720858,33.2529508839257
씨유제주표선은하점,제주특별자치도 서귀포시 표선면 표선백사로 93,126.835576939946,33.3240240586499
GS25 성산신양점,제주특별자치도 서귀포시 성산읍 섭지코지로26번길 6,126.919404758385,33.4385856761468
씨유 서귀덕수점,제주특별자치도 서귀포시 안덕면 덕수서로 7,126.303665017884,33.2510836869223
지에스(GS)25제주화순,제주특별자치도 서귀포시 안덕면 화순로 98 (GS25제주화순점),126.335990332842,33.2468633008891
씨유 모슬포점,제주특별자치도 서귀포시 대정읍 상모대서로 25,126.256721932375,33.2254123962868
세븐일레븐 서귀포강정상록점,제주특별자치도 서귀포시 신서로 55 (강정동),126.504755997537,33.2549064896847
GS25 이중섭거리점,제주특별자치도 서귀포시 이중섭로 16 (서귀동),126.563921503621,33.2467273696181
GS25신서귀포점,제주특별자치도 서귀포시 신서귀로97번길 45 (강정동),126.507172781488,33.2545664400745
씨유제주516도로점,"제주특별자치도 서귀포시 516로 176, 1층 (토평동, 오일육코사마트)",126.585705048552,33.2687597806592
씨유서귀포시청점,제주특별자치도 서귀포시 신북로 39 (강정동),126.510059913047,33.2584344658187
씨유 서귀포자구리점,제주특별자치도 서귀포시 솔동산로21번길 31 (서귀동),126.567170947307,33.2426204297204
(주) 예가지에스25서귀포혁신점,"제주특별자치도 서귀포시 대청로 33 (강정동, 오름강정웨스트상가 101호)",126.503325155946,33.2527687067577
(주)코리아세븐 서귀포서문로점,제주특별자치도 서귀포시 서문로41번길 2 (서귀동),126.558054047325,33.2492811737553
씨유 서귀강정천점,제주특별자치도 서귀포시 이어도로 638 (강정동),126.484296701233,33.2338750190867
세븐일레븐 서귀포라마다점,제주특별자치도 서귀포시 서호중로 55 (서호동),126.519264988937,33.2544769965552
씨유 서귀동홍대림점,제주특별자치도 서귀포시 동홍중앙로 58-1 (동홍동),126.572204648655,33.2559689965915
(주)GS25 중문단지점,"제주특별자치도 서귀포시 중문관광로110번길 32 (색달동, 믿거나말거나 박물관)",126.412639076353,33.2511965704814
GS25서귀글램블루점,"제주특별자치도 서귀포시 명동로 46, 1층 101호 (서귀동)",126.566847661689,33.2472529671466
GS25 서귀동홍점,"제주특별자치도 서귀포시 동홍중앙로 50 (동홍동, 교촌치킨)",126.572234449614,33.255072788838
지에스25 서귀서문로점,제주특별자치도 서귀포시 서문로 8 (서귀동),126.560054685338,33.2519779194726
GS25 서귀중문점,제주특별자치도 서귀포시 천제연로 210 (중문동),126.426940127526,33.2514815744829
GS 서귀고점,제주특별자치도 서귀포시 중앙로 148 (동홍동),126.560457104568,33.2578492203528
씨유제주신화빌라스정,"제주특별자치도 서귀포시 안덕면 신화역사로304번길 139, 1층 (신화빌라스제일본테라스호)",126.317525210778,33.3013855011924
씨유 서귀포동문점,"제주특별자치도 서귀포시 중동로48번길 11, CU (서귀동)",126.56659379275,33.2495981256608
GS 서귀오션점,제주특별자치도 서귀포시 중앙로 19-1 (서귀동),126.561784105999,33.2462354108969
씨유서귀대정태화점,"제주특별자치도 서귀포시 대정읍 하모중앙로 54, 1층 (동명세탁)",126.252078620035,33.2233961495855
세븐일레븐 대정중앙점,제주특별자치도 서귀포시 대정읍 신영로 104,126.25390407642,33.2211981558899
(주)준인베스트먼트지점,제주특별자치도 서귀포시 안덕면 신화역사로304번길 38,126.31635202613,33.3049726791712
GS25 제주신화월드 2호점,제주특별자치도 서귀포시 안덕면 신화역사로304번길 38,126.31635202613,33.3049726791712
세븐일레븐 밸류호텔점,제주특별자치도 서귀포시 김정문화로 51 (법환동),126.510294984645,33.2514240710323
세븐일레븐 동홍중앙점,제주특별자치도 서귀포시 동홍중앙로 17 (동홍동),126.571743579317,33.2523262667809
씨유 서귀혁신도시점,"제주특별자치도 서귀포시 신동로67번길 11, 101호 (서호동)",126.512175585037,33.2548605305785
GS25서귀에덴점,제주특별자치도 서귀포시 남원읍 태위로 623,126.713222776921,33.2777543262217
CU성산신산점,제주특별자치도 서귀포시 성산읍 일주동로 5115,126.87625639491,33.3801850493684
CU제주위미점,제주특별자치도 서귀포시 남원읍 태위로 200,126.668730542969,33.2749109748288
지에스25(GS25) 서귀엘지,제주특별자치도 서귀포시 중앙로 45 (서귀동),126.561502881852,33.248702993958
씨유서귀남고사거리점,제주특별자치도 서귀포시 중산간동로 7936 (동홍동),126.568579570733,33.2662026742135
GS25 서귀포점,제주특별자치도 서귀포시 중앙로62번길 2 (서귀동),126.561656250971,33.250029922894
세븐일레븐 서귀포중앙오거리점,제주특별자치도 서귀포시 동문동로 35 (서귀동),126.564525150053,33.2511718179745
CU 서귀포점,제주특별자치도 서귀포시 중정로 52 (서귀동),126.562027819341,33.2474346266503
씨유 서귀아랑조을거리,제주특별자치도 서귀포시 서문로29번길 15 (서귀동),126.559380887266,33.2488982708273
GS25 서귀중정점,"제주특별자치도 서귀포시 중정로 17-1, 1층 (서귀동)",126.558371123814,33.2476627918622
지에스25서귀법환점,제주특별자치도 서귀포시 이어도로 900 (법환동),126.510884816125,33.2366365301525
GS25강정LH점,"제주특별자치도 서귀포시 대청로25번길 9, 상가동 101호 (강정동)",126.502240035434,33.2532596317763
씨유제주중문오네뜨점,제주특별자치도 서귀포시 천제연로213번길 44 (중문동),126.428057761276,33.2549549898599
gs25서귀포부두점,"제주특별자치도 서귀포시 칠십리로 78 (서귀동, 호림식당)",126.564329422753,33.2397077963962
GS25동홍그린점,제주특별자치도 서귀포시 동홍동로32번길 12 (동홍동),126.576169041032,33.2575785463554
CU제주동남점,제주특별자치도 서귀포시 성산읍 동류암로 48,126.915592072103,33.4490756519283
씨유 서귀포부영점,"제주특별자치도 서귀포시 서호남로 91, 101호 (서호동)",126.52228132127,33.2531401460418
지에스25 성산오일장점,제주특별자치도 서귀포시 성산읍 고성오조로 106,126.914009644205,33.4529917946096
서귀포 세븐일레븐 JS라메르점,"제주특별자치도 서귀포시 김정문화로 47, 101호 (법환동)",126.509666677143,33.2515799211155
지에스25이중섭거리점,제주특별자치도 서귀포시 이중섭로 16 (서귀동),126.563921503621,33.2467273696181
세븐일레븐 서귀포 엠스테이점,제주특별자치도 서귀포시 태평로353번길 14 (서귀동),126.560676256278,33.2468462343501
레몬비 제주성산점,"제주특별자치도 서귀포시 성산읍 성산등용로17번길 55, 1층 98호",126.929448034221,33.4602975523449
지에스25동홍중앙점,"제주특별자치도 서귀포시 태평로 509 (동홍동, 제이원타워)",126.571765222503,33.2506831198289
씨유 신효점,제주특별자치도 서귀포시 효돈로123번길 1 (신효동),126.611944450493,33.2641511007333
지에스25 서귀동홍반석점,제주특별자치도 서귀포시 동홍로162번길 3 (동홍동),126.567816064224,33.2629947338331
씨유 서귀CL호텔점,제주특별자치도 서귀포시 태평로 347 (서귀동),126.557857908504,33.2468268701551
씨유 서귀월드컵로점,제주특별자치도 서귀포시 월드컵로 8 (강정동),126.507323170982,33.2489939885441
CU남제주점,제주특별자치도 서귀포시 남원읍 태위로 673,126.718279968797,33.279101838033
GS25성산고성점,제주특별자치도 서귀포시 성산읍 고성오조로 73,126.914404089767,33.4502251133307
세븐일레븐 서귀포더웰테라스점,제주특별자치도 서귀포시 천제연로 144 (중문동),126.420437992999,33.2527624911765
레몬비 토계촌점,"제주특별자치도 서귀포시 일주동로 8884, 토계촌식당 (호근동)",126.539884086907,33.2549553182505
세븐일레븐 성산일출로점,제주특별자치도 서귀포시 성산읍 일출로 234,126.9309724885,33.4601503661268
씨유 서귀홍중로점,제주특별자치도 서귀포시 홍중로27번길 1 (서홍동),126.558013966237,33.2551539765574
씨유 서귀포보목길점,제주특별자치도 서귀포시 칠십리로 306 (토평동),126.585258150899,33.2474497956792
씨유 대정하모리점,"제주특별자치도 서귀포시 대정읍 최남단해안로 2, 송어낚시",126.251792238796,33.2202918840534
GS25 대정한신점,"제주특별자치도 서귀포시 대정읍 에듀시티로 102, 129동 110호",126.280345411281,33.2869163095017
지에스25 서귀홍중점,제주특별자치도 서귀포시 홍중로 57 (서홍동),126.556650658161,33.2576804470891
세븐일레븐 서귀포토평사거리점,제주특별자치도 서귀포시 516로 143 (토평동),126.58507346236,33.265910871808
씨유서귀걸매점,"제주특별자치도 서귀포시 일주동로 8709, GS25 (서귀동)",126.558025786986,33.2524863675222
지에스25 효돈사거리점,제주특별자치도 서귀포시 일주동로 8139 (하효동),126.617759269523,33.2603480904801
지에스25 제주남원점,"제주특별자치도 서귀포시 남원읍 태위로 680-1, GS25",126.719062102593,33.2789936990793
씨유 서귀호근중앙점,"제주특별자치도 서귀포시 호근서호로 125, 호근코사마트 (호근동)",126.527561903563,33.2571676933421
씨유 서귀에코지오빌점,제주특별자치도 서귀포시 중앙로195번길 12 (서홍동),126.55767948517,33.2620504274976
GS25 서귀광장점,제주특별자치도 서귀포시 일주동로 8678 (동홍동),126.561226028431,33.2534275505275
씨유 서귀포돈내코점,"제주특별자치도 서귀포시 516로 466, 돈내코휴게소 (상효동)",126.594882807417,33.2927410310947
CU 제주대정주공점,제주특별자치도 서귀포시 대정읍 하모중앙로 6 (서귀포대정휴먼시아),126.252299233841,33.2277263019356
CU 영어교육도시점,제주특별자치도 서귀포시 대정읍 에듀시티로 48,126.283756637607,33.2908658475568
GS25폴에이리조트점,"제주특별자치도 서귀포시 월드컵로45번길 40, 폴에이리조트제주 (법환동)",126.512020842924,33.2446268100107
지에스25 서귀오거리점,"제주특별자치도 서귀포시 중정로91번길 46, GS25 (서귀동)",126.562534823281,33.2512919625548
GS 25표선중앙점,제주특별자치도 서귀포시 표선면 표선동서로 239,126.832241854409,33.3252614125835
씨유 서귀포동문중앙점,제주특별자치도 서귀포시 동홍로 13 (서귀동),126.567639863496,33.2498299693764
지에스25 서귀유포리아점,"제주특별자치도 서귀포시 서호중앙로 55, D동 101-1호 (서호동)",126.518614403836,33.2525493248565
씨유 서귀여고점,"제주특별자치도 서귀포시 태평로 95, 1층 101호 (호근동, 서귀포의 아침)",126.533813243698,33.2449915294949
씨유 성산시흥점,제주특별자치도 서귀포시 성산읍 일주동로 3954,126.901143063534,33.4728161657324
지에스25 중문마을점,제주특별자치도 서귀포시 천제연로207번길 18 (중문동),126.427097783634,33.2532052109649
레몬비 서귀포시청점,제주특별자치도 서귀포시 중앙로 113 (서홍동),126.560488355674,33.25480137328
씨유 성산수산점,제주특별자치도 서귀포시 성산읍 서성일로 908,126.876930590795,33.4390806782396
씨유서귀정방연로점,제주특별자치도 서귀포시 정방연로 47-1 (동홍동),126.57659130078,33.2518006253491
씨유 서귀선반네점,제주특별자치도 서귀포시 일주동로 8738 (서홍동),126.554672538666,33.2524017337565
씨유 서귀송악도서관점,제주특별자치도 서귀포시 대정읍 동일하모로149번길 5 (동성더유),126.247346183737,33.2262002978715
씨유 서귀무릉점,"제주특별자치도 서귀포시 대정읍 무릉송당로 1, 슈퍼",126.203152540845,33.2706193095857
씨유 서귀서광동리점,제주특별자치도 서귀포시 안덕면 중산간서로 1817,126.328213898256,33.2868453327711
CU 제주안덕큰길점,제주특별자치도 서귀포시 안덕면 일주서로 1723,126.333654177454,33.251284775339
씨유 서귀포세기점,"제주특별자치도 서귀포시 태평로 549 (동홍동, 세기아파트)",126.574649689691,33.2529183329482
씨유 서귀포법환길점,제주특별자치도 서귀포시 이어도로 1041-1 (서호동),126.522406240582,33.2450303889178
씨유 서귀포효돈점,제주특별자치도 서귀포시 일주동로 8092 (하효동),126.621478835003,33.2631252222846
GS25 서귀중앙점,제주특별자치도 서귀포시 중앙로42번길 9 (서귀동),126.562749694594,33.2485477950997
씨유성산신양점,제주특별자치도 서귀포시 성산읍 신양로 81,126.918325405075,33.4364858342809
씨유제주 표선 중앙점,"제주특별자치도 서귀포시 표선면 표선중앙로 34, 한성토건",126.830134259482,33.3296674190999
씨유제주그랜드조선호텔점,제주특별자치도 서귀포시 중문관광로72번길 60(색달동),126.411434347695,33.254218609132
씨유서귀호근점,"제주특별자치도 서귀포시 호근서호로 153, 호서마트 (호근동)",126.524527448694,33.2572626100776
씨유 서귀구억점,"제주특별자치도 서귀포시 대정읍 중산간서로 2397, 1층 1호",126.278805998181,33.2711874921399
GS25신서귀LH점,"제주특별자치도 서귀포시 서호남로 92-16, 103동 104호 (서호동, 제주서귀포혁신도시엘에이치2단지)",126.519833819732,33.2480085715942
씨유서귀표선세화점,제주특별자치도 서귀포시 표선면 세화로 1,126.799509769567,33.3068332822281
세븐일레븐 서귀포대정주공점,제주특별자치도 서귀포시 대정읍 하모중앙로 5,126.252900039956,33.2277206248777
씨유 제주하천점,제주특별자치도 서귀포시 표선면 일주동로5645번길 1,126.845668332338,33.3408230550514
세븐일레븐 서귀포롯데호텔점,"제주특별자치도 서귀포시 중문관광로72번길 35, 호텔롯데제주 (색달동)",126.410330074977,33.2485996126094
씨유동홍센터점,"제주특별자치도 서귀포시 동홍로90번길 9, 승진식품 (동홍동)",126.569122155301,33.2566193389909
씨유 서귀신흥점,"제주특별자치도 서귀포시 남원읍 일주동로 6621, 1층",126.767217795335,33.3004415916607
씨유 제주이노에듀타운점,"제주특별자치도 서귀포시 대정읍 글로벌에듀로 382, B동 1층 102, 103호",126.277016607967,33.2803239147106
씨유 제주중문로드점,제주특별자치도 서귀포시 일주서로 712(중문동),126.433896438998,33.2562541658257
씨유서귀일주대로점,"제주특별자치도 서귀포시 남원읍 일주동로 7131, 대한종합상사",126.71834732064,33.2828641399776
씨유 제주 빛의벙커점,제주특별자치도 서귀포시 성산읍 서성일로 1181,126.904664145706,33.4461794190556
씨유 서귀하원점,제주특별자치도 서귀포시 일주서로 443 (월평동),126.461385079738,33.2536518288705
씨유 서귀천지점,제주특별자치도 서귀포시 태평로371번길 21 (서귀동),126.562809882947,33.2457696318692
씨유 서귀예래해안로점,제주특별자치도 서귀포시 예래해안로 550 (상예동),126.401753142854,33.2556446681375
씨유 서귀태신로점,"제주특별자치도 서귀포시 남원읍 태신로 1, 태흥낚시·편의점",126.745292819497,33.2865650466241
씨유 서귀 신례점,제주특별자치도 서귀포시 남원읍 중산간동로 7137,126.629958541133,33.2831459221352
씨유 서귀포 남원길점,"제주특별자치도 서귀포시 남원읍 태위로 481, 영화마을농수산물편의점",126.698631359533,33.2751406916874
씨유제주표선리점,제주특별자치도 서귀포시 표선면 표선중앙로80번길 1,126.832438324988,33.3260292338741
씨유 서귀고근산점,제주특별자치도 서귀포시 중산간동로 8442 (서호동),126.514625103063,33.2606860581036
씨유 제주토산점,제주특별자치도 서귀포시 표선면 중산간동로 5564-1,126.766709884405,33.3265057295061
씨유 제주중문마을점,제주특별자치도 서귀포시 중문로 29-1 (중문동),126.424342746462,33.2544232925339
씨유 서귀사계포구점,제주특별자치도 서귀포시 안덕면 형제해안로 24,126.304029243403,33.227926017485
씨유 서귀상창교차로점,"제주특별자치도 서귀포시 안덕면 한창로 266, 천지명품관",126.354618092589,33.2838024543248
씨유 제주성읍교차로점,제주특별자치도 서귀포시 표선면 성읍민속로 304,126.788202043065,33.3990344550976
씨유서귀대정점,제주특별자치도 서귀포시 대정읍 영서중로 20,126.255843773613,33.2211684787685
씨유제주회수사거리점,제주특별자치도 서귀포시 1100로 178 (회수동),126.444086315746,33.2630439108919
씨유서귀위미항점,제주특별자치도 서귀포시 남원읍 태위로 88,126.656853765307,33.2741587180181
씨유서귀호근사거리점,제주특별자치도 서귀포시 서호호근로 75 (서호동),126.524138564224,33.2538916504897
씨유서귀천지점,제주특별자치도 서귀포시 태평로371번길 21 (서귀동),126.562809882947,33.2457696318692
CU 제주 성읍점,"제주특별자치도 서귀포시 표선면 서성일로 10, 일번지슈퍼",126.80098593381,33.3927533102684
세븐일레븐 모슬포항점,제주특별자치도 서귀포시 대정읍 최남단해안로 44,126.252112247297,33.2166705804319
씨유 서귀우리들점,제주특별자치도 서귀포시 서홍로 161 (서홍동),126.551204220322,33.2621898785614
씨유 서귀대포마을점,제주특별자치도 서귀포시 대포중앙로 92 (대포동),126.431699942324,33.2430713449084
씨유 중문대림점,제주특별자치도 서귀포시 중문상로82번길 16 (중문동),126.429069837254,33.2545578777171
세븐일레븐 서귀포 동홍로점,제주특별자치도 서귀포시 동홍로99번길 7 (동홍동),126.567801189265,33.2572542807172
CU 서귀호근로점,"제주특별자치도 서귀포시 중산간동로 8351, 한솔조경 (호근동)",126.524572265066,33.2610743193354
세븐일레븐 서귀포이든호텔점,제주특별자치도 서귀포시 서문로 42-1 (서귀동),126.557526058418,33.2494805402382
세븐일레븐 서귀포아랑조을거리점,제주특별자치도 서귀포시 중앙로71번길 15-2 (서귀동),126.55968423101,33.2504412228386
세븐일레븐 서귀포선경점,"제주특별자치도 서귀포시 중정로 123, 선경오피스텔 (서귀동)",126.569481401603,33.2488167938825
세븐일레븐 서귀포사계포구점,제주특별자치도 서귀포시 안덕면 사계남로153번길 2,126.306521263622,33.228872747222
레몬비 남원점,"제주특별자치도 서귀포시 남원읍 일주동로 7224, 1층",126.708610964694,33.2822303019004
지에스25 법환포구,제주특별자치도 서귀포시 막숙포로 66 (법환동),126.514695910815,33.2357034837303
세븐일레븐 서귀포케니스토리호텔점,"제주특별자치도 서귀포시 동문로 42, 101호 (서귀동)",126.564970559352,33.2500952975393
세븐일레븐 서귀포본점,제주특별자치도 서귀포시 중정로 32 (서귀동),126.559590180712,33.2473487489278
레몬비 효돈점,제주특별자치도 서귀포시 효돈북로 9 (신효동),126.617848933063,33.2677054020385
씨유 성산고성LH점,제주특별자치도 서귀포시 성산읍 고성동서로 33,126.910806376663,33.4503303201743
씨유 서귀라메르점,제주특별자치도 서귀포시 중정로5번길 15 (서귀동),126.557804649534,33.2486665476275
지에스25 서귀비석거리점,제주특별자치도 서귀포시 일주동로 8541 (동홍동),126.575645886127,33.2545339413721
씨유서귀포비석거리점,제주특별자치도 서귀포시 일주동로 8493 (토평동),126.580785664943,33.2556572234934
지에스25 서귀파인힐점,"제주특별자치도 서귀포시 홍중로 119-2, 602동 (서홍동, 서강파인힐6차)",126.55520907415,33.26312131472
세븐일레븐 신영로점,제주특별자치도 서귀포시 대정읍 신영로 26,126.247492798751,33.2233601116961
