,EMD_KOR_NM,사업장명,도로명전체주소,X,Y,geometry
0,연동,낙산약국,"제주특별자치도 제주시 도령로 87, 현대오피스텔 1층 106,107호 (연동)",126.487275468846,33.4908688308155,POINT (126.487275468846 33.4908688308155)
1,법환동,월드컵약국,"제주특별자치도 서귀포시 일주동로 9213, GS25 1층 6호 (법환동)",126.508491059708,33.248712252659,POINT (126.508491059708 33.248712252659)
2,삼양이동,삼양약국,"제주특별자치도 제주시 일주동로 366, 1층 (삼양이동)",126.584080157623,33.5208841725461,POINT (126.584080157623 33.5208841725461)
3,노형동,천지약국,"제주특별자치도 제주시 1100로 3347, 1층 (노형동)",126.479605628771,33.4848372184625,POINT (126.479605628771 33.4848372184625)
4,도남동,해모로약국,"제주특별자치도 제주시 연삼로 305, 101호 (도남동)",126.525167130007,33.4923853689194,POINT (126.525167130007 33.4923853689194)
5,삼양이동,푸른약국,"제주특별자치도 제주시 화삼북로 63, 삼화빌딩 1층 102호 (삼양이동)",126.579866759828,33.5174991708227,POINT (126.579866759828 33.5174991708227)
6,애월읍,곰온누리약국,"제주특별자치도 제주시 애월읍 하귀9길 2, 1층 106호",126.414565502113,33.4864182898895,POINT (126.414565502113 33.4864182898895)
7,이도이동,시온온누리약국,"제주특별자치도 제주시 중앙로 319-1, 1층 (이도이동)",126.535990432468,33.4927078468873,POINT (126.535990432468 33.4927078468873)
8,구좌읍,월정온누리약국,"제주특별자치도 제주시 구좌읍 해맞이해안로 486, 월정애비뉴 101호",126.798870946339,33.5547235169193,POINT (126.798870946339 33.5547235169193)
9,서홍동,광장약국,제주특별자치도 서귀포시 중앙로 113 (서홍동),126.560488355674,33.25480137328,POINT (126.560488355674 33.25480137328)
10,이도일동,365건강온누리약국,"제주특별자치도 제주시 서광로 297, 1층 (이도일동)",126.528208185944,33.500735275902,POINT (126.528208185944 33.500735275902)
11,애월읍,대동약국,"제주특별자치도 제주시 애월읍 곽지7길 1, 2층",126.308399811765,33.4500523794457,POINT (126.308399811765 33.4500523794457)
12,노형동,더건강한약국,"제주특별자치도 제주시 한라대학로 77-1, 1층 (노형동)",126.478643431417,33.476515893416,POINT (126.478643431417 33.476515893416)
13,서호동,연이수온누리약국,"제주특별자치도 서귀포시 서호남로 91, 1층 105호 (서호동, 서귀포혁신 사랑으로 부영아파트)",126.52228132127,33.2531401460418,POINT (126.52228132127 33.2531401460418)
14,노형동,건강드림약국,"제주특별자치도 제주시 도령로 1, 1층 (노형동)",126.479321267482,33.486812673941,POINT (126.479321267482 33.486812673941)
15,구좌읍,구좌약국,"제주특별자치도 제주시 구좌읍 구좌로 40, 1층",126.855667474488,33.5232790282259,POINT (126.855667474488 33.5232790282259)
16,이도이동,둘셋약국,"제주특별자치도 제주시 연삼로 395, 1층 (이도이동)",126.533757635336,33.4951718158437,POINT (126.533757635336 33.4951718158437)
17,애월읍,핑크약국,"제주특별자치도 제주시 애월읍 애월로 109, 1층",126.319188072199,33.4648651779604,POINT (126.319188072199 33.4648651779604)
18,서귀동,다나약국,제주특별자치도 서귀포시 일주동로 8675 (서귀동),126.561689408622,33.2530177709473,POINT (126.561689408622 33.2530177709473)
19,이도이동,더한빛약국,"제주특별자치도 제주시 중앙로 380, 1층 (이도이동)",126.539386069529,33.4882533859825,POINT (126.539386069529 33.4882533859825)
20,노형동,정존약국,"제주특별자치도 제주시 고사마루길 2, 1층 (노형동)",126.472234040441,33.4802908734374,POINT (126.472234040441 33.4802908734374)
21,노형동,두리약국,"제주특별자치도 제주시 수덕로 41, 1층 (노형동)",126.472784599759,33.4861483341127,POINT (126.472784599759 33.4861483341127)
22,연동,한라프라자약국,"제주특별자치도 제주시 삼무로 46, 1층 (연동)",126.491545207446,33.4896484476898,POINT (126.491545207446 33.4896484476898)
23,외도일동,큰곰약국,"제주특별자치도 제주시 우평로 338, 1층 (외도일동)",126.430534621471,33.4841944587667,POINT (126.430534621471 33.4841944587667)
24,노형동,진약국,"제주특별자치도 제주시 연북로 28, 1층 (노형동)",126.484364060661,33.4816780028989,POINT (126.484364060661 33.4816780028989)
25,노형동,으뜸약국,"제주특별자치도 제주시 노형로 376, 1층 (노형동)",126.476126253122,33.483414723833,POINT (126.476126253122 33.483414723833)
26,연동,오름아래약국,"제주특별자치도 제주시 삼무로 18, 제주연동 하우스디어반 105호 (연동)",126.488660583969,33.4895983510098,POINT (126.488660583969 33.4895983510098)
27,화북일동,우리아빠약국,"제주특별자치도 제주시 일주동로 255, 1층 (화북일동)",126.572210822067,33.5206342191569,POINT (126.572210822067 33.5206342191569)
28,서귀동,김 약 국,제주특별자치도 서귀포시 중정로 54-1 (서귀동),126.562227565513,33.247510255393,POINT (126.562227565513 33.247510255393)
29,이호이동,지아약국,"제주특별자치도 제주시 억삼길 35-57, 가동 1층 4호 (이호이동)",126.471259738003,33.4917415285373,POINT (126.471259738003 33.4917415285373)
30,일도일동,유진약국,제주특별자치도 제주시 관덕로 60 (일도일동),126.525711640813,33.5129407733201,POINT (126.525711640813 33.5129407733201)
31,삼도이동,관덕정약국,제주특별자치도 제주시 관덕로 18 (삼도이동),126.52127964585,33.5128949650123,POINT (126.52127964585 33.5128949650123)
32,삼도일동,서사라튼튼약국,제주특별자치도 제주시 서사로 137 (삼도일동),126.520055246037,33.5001420911967,POINT (126.520055246037 33.5001420911967)
33,이도일동,연세익약국,"제주특별자치도 제주시 중앙로 175, 1층 (이도일동)",126.527366850279,33.503565682999,POINT (126.527366850279 33.503565682999)
34,아라일동,민성약국,"제주특별자치도 제주시 중앙로 543, 1층 (아라일동)",126.545746368652,33.4750146577237,POINT (126.545746368652 33.4750146577237)
35,한경면,신창약국,제주특별자치도 제주시 한경면 두신로 75,126.182806606152,33.34985647903,POINT (126.182806606152 33.34985647903)
36,아라일동,아라동대한약국,제주특별자치도 제주시 아란13길 10 (아라일동),126.546426257734,33.4691172749235,POINT (126.546426257734 33.4691172749235)
37,도련일동,다정온누리약국,"제주특별자치도 제주시 건주로 33, 1층 (도련일동)",126.580996759829,33.5164443483682,POINT (126.580996759829 33.5164443483682)
38,노형동,노형한마음약국,"제주특별자치도 제주시 도령로 7, 1층 (노형동, 금성빌딩)",126.48011049475,33.4866698393292,POINT (126.48011049475 33.4866698393292)
39,삼도일동,우리약국,제주특별자치도 제주시 서광로 195 (삼도일동),126.517434116968,33.5001905139285,POINT (126.517434116968 33.5001905139285)
40,외도일동,착한약국,"제주특별자치도 제주시 우정로15길 5, 1층 (외도일동)",126.431727067918,33.4860933595521,POINT (126.431727067918 33.4860933595521)
41,아라일동,아라종합약국,"제주특별자치도 제주시 아란13길 20, 101호 (아라일동)",126.545543717565,33.4690719379462,POINT (126.545543717565 33.4690719379462)
42,노형동,은우약국,"제주특별자치도 제주시 1100로 3283, 1층 (노형동, 영화빌딩)",126.481797861927,33.4794043922342,POINT (126.481797861927 33.4794043922342)
43,한림읍,현재약국,제주특별자치도 제주시 한림읍 한림로 650,126.262828036388,33.4136857622942,POINT (126.262828036388 33.4136857622942)
44,아라일동,킴스약국,"제주특별자치도 제주시 중앙로 552, 1층 (아라일동)",126.54535367091,33.4742347791693,POINT (126.54535367091 33.4742347791693)
45,노형동,노형온누리약국,제주특별자치도 제주시 월랑로 3 (노형동),126.478475118898,33.4864706584836,POINT (126.478475118898 33.4864706584836)
46,조천읍,대한약국,제주특별자치도 제주시 조천읍 조함해안로 488-6,126.664635344258,33.542303837388,POINT (126.664635344258 33.542303837388)
47,연동,신한온누리약국,제주특별자치도 제주시 도령로 74 (연동),126.486332954052,33.4897415444847,POINT (126.486332954052 33.4897415444847)
48,일도이동,해오름약국,제주특별자치도 제주시 동광로 107 (일도이동),126.538755973917,33.5063922715212,POINT (126.538755973917 33.5063922715212)
49,구좌읍,세화약국,제주특별자치도 제주시 구좌읍 세화10길 1,126.858782714682,33.5208355861818,POINT (126.858782714682 33.5208355861818)
50,애월읍,하귀약국,제주특별자치도 제주시 애월읍 하귀로 35,126.40098470745,33.4803467441823,POINT (126.40098470745 33.4803467441823)
51,도남동,만년약국,제주특별자치도 제주시  서광로  268 (도남동),126.525191367395,33.4997533682016,POINT (126.525191367395 33.4997533682016)
52,구좌읍,김녕약국,제주특별자치도 제주시 구좌읍 김녕로 114,126.75021550171,33.5545534998695,POINT (126.75021550171 33.5545534998695)
53,용담이동,용담온누리약국,제주특별자치도 제주시 용담로 46 (용담이동),126.507652346153,33.5127685258347,POINT (126.507652346153 33.5127685258347)
54,외도일동,드림약국,제주특별자치도 제주시 우정로 63 (외도일동),126.431118350237,33.4871363196766,POINT (126.431118350237 33.4871363196766)
55,이도이동,늘좋은약국,제주특별자치도 제주시 중앙로 284 (이도이동),126.533002564798,33.4950673629048,POINT (126.533002564798 33.4950673629048)
56,아라일동,제주누리약국,제주특별자치도 제주시 중앙로 616 (아라일동),126.547021236972,33.4687713436155,POINT (126.547021236972 33.4687713436155)
57,연동,홍익한약국,"제주특별자치도 제주시 노연로 87, 102호 (연동, 연동ABC주상복합)",126.489456041918,33.486048276059,POINT (126.489456041918 33.486048276059)
58,일도이동,최약국,"제주특별자치도 제주시 연삼로 548, 1층 (일도이동)",126.547453553136,33.5023973829354,POINT (126.547453553136 33.5023973829354)
59,도련일동,별약국,"제주특별자치도 제주시 건주로 27, 1층 102호 (도련일동)",126.5811410102,33.5170882126091,POINT (126.5811410102 33.5170882126091)
60,이도이동,우리동네약국,제주특별자치도 제주시 중앙로 355 (이도이동),126.538529182466,33.4901723073159,POINT (126.538529182466 33.4901723073159)
61,화북일동,동화약국,제주특별자치도 제주시 일주동로 241 (화북일동),126.570960870211,33.5198327989352,POINT (126.570960870211 33.5198327989352)
62,건입동,이화약국,"제주특별자치도 제주시 임항로 191, 1층 (건입동, 제주항국제여객터미널)",126.543440319692,33.5219764039135,POINT (126.543440319692 33.5219764039135)
63,화북일동,옵티마힐링약국,"제주특별자치도 제주시 동화로 28, 1층 (화북일동)",126.572794072486,33.5178427402212,POINT (126.572794072486 33.5178427402212)
64,연동,하나약국,"제주특별자치도 제주시 연북로 99, 1층 (연동, 365빌딩)",126.492005938839,33.4821139255537,POINT (126.492005938839 33.4821139255537)
65,외도일동,밝은약국,"제주특별자치도 제주시 우정로 69, 1층 (외도일동)",126.4311189103,33.48665568526,POINT (126.4311189103 33.48665568526)
66,용담이동,제주공항약국,"제주특별자치도 제주시 공항로 2, 3층 (용담이동, 국제공항)",126.495951277797,33.5059364682672,POINT (126.495951277797 33.5059364682672)
67,아라일동,명인약국,"제주특별자치도 제주시 연북로 511, 에이플렉스 1층 (아라일동)",126.534540530554,33.4844445262988,POINT (126.534540530554 33.4844445262988)
68,화북일동,온누리한솔약국,제주특별자치도 제주시 일주동로 181 (화북일동),126.564818561283,33.5190270774341,POINT (126.564818561283 33.5190270774341)
69,조천읍,한사랑약국,제주특별자치도 제주시 조천읍 신북로 217,126.636033867269,33.5357738080624,POINT (126.636033867269 33.5357738080624)
70,일도이동,수약국,"제주특별자치도 제주시 동광로 124, 1층 (일도이동)",126.540293885402,33.5069867270985,POINT (126.540293885402 33.5069867270985)
71,구좌읍,메디팜감초당약국,제주특별자치도 제주시 구좌읍 구좌로 42,126.855869740474,33.5232786326305,POINT (126.855869740474 33.5232786326305)
72,아라이동,오케이약국,"제주특별자치도 제주시 승천로 74, 1층 (아라이동)",126.542579496739,33.4921926501796,POINT (126.542579496739 33.4921926501796)
73,연동,자연약국,"제주특별자치도 제주시 노연로 90, 1층 (연동)",126.489715841975,33.4857262153656,POINT (126.489715841975 33.4857262153656)
74,이도일동,정민당약국,제주특별자치도 제주시 중앙로 127 (이도일동),126.524800210254,33.5073114444632,POINT (126.524800210254 33.5073114444632)
75,화북일동,화북약국,"제주특별자치도 제주시 일주동로 199 (화북일동,2층)",126.566846605617,33.5190229158855,POINT (126.566846605617 33.5190229158855)
76,한경면,차귀도 약국,제주특별자치도 제주시 한경면 고산로 8,126.179829663884,33.3016564504699,POINT (126.179829663884 33.3016564504699)
77,구좌읍,제일약국,제주특별자치도 제주시 구좌읍 구좌로 47,126.856614176205,33.5233019464664,POINT (126.856614176205 33.5233019464664)
78,이도일동,동보약국,제주특별자치도 제주시 오현길 78 (이도일동),126.525549123259,33.5117368883857,POINT (126.525549123259 33.5117368883857)
79,성산읍,제일약국,제주특별자치도 서귀포시 성산읍 동류암로36번길  23,126.915076362584,33.4496175289055,POINT (126.915076362584 33.4496175289055)
80,아라일동,다정약국,"제주특별자치도 제주시 아란7길 18, 1층 101호 (아라일동)",126.543512177609,33.4745816172885,POINT (126.543512177609 33.4745816172885)
81,노형동,연동팜약국,"제주특별자치도 제주시 연북로 38, 1층 (노형동)",126.485403352408,33.4816497749802,POINT (126.485403352408 33.4816497749802)
82,삼도일동,새우리약국,제주특별자치도 제주시 서사로 36 (삼도일동),126.519651446053,33.509244975192,POINT (126.519651446053 33.509244975192)
83,대정읍,건강약국,제주특별자치도 서귀포시 대정읍 하모상가로 51-1,126.254101053428,33.2221554085645,POINT (126.254101053428 33.2221554085645)
84,아라일동,건강일등약국,"제주특별자치도 제주시 중앙로 616, 1층 (아라일동)",126.547021236972,33.4687713436155,POINT (126.547021236972 33.4687713436155)
85,노형동,한라약국,"제주특별자치도 제주시 월랑로 33, 1층 (노형동, 한라빌딩)",126.47608257237,33.4885609141354,POINT (126.47608257237 33.4885609141354)
86,도련일동,삼화사랑약국,"제주특별자치도 제주시 건주로 43, 1층 (도련일동)",126.580987069057,33.515618997731,POINT (126.580987069057 33.515618997731)
87,화북일동,바로약국,"제주특별자치도 제주시 일주동로 197, 1층 (화북일동)",126.566579766919,33.518980148661,POINT (126.566579766919 33.518980148661)
88,조천읍,조천약국,제주특별자치도 제주시 조천읍 신북로 226,126.637179387123,33.5360014855524,POINT (126.637179387123 33.5360014855524)
89,외도일동,바다약국,"제주특별자치도 제주시 절물1길 39, 1층 (외도일동)",126.431700812432,33.4893883655753,POINT (126.431700812432 33.4893883655753)
90,서귀동,동산프라자약국,제주특별자치도 서귀포시 중앙로 86 (서귀동),126.561317325862,33.252272884907,POINT (126.561317325862 33.252272884907)
91,추자면,추자약국,제주특별자치도 제주시 추자면 추자로 20,126.296964800114,33.9637380321474,POINT (126.296964800114 33.9637380321474)
92,이도일동,인수당건재약국,제주특별자치도 제주시 관덕로 54-2 (이도일동),126.525174274985,33.5129538615179,POINT (126.525174274985 33.5129538615179)
93,조천읍,신한당약국,제주특별자치도 제주시 조천읍 신북로 530,126.666361762931,33.5415018463703,POINT (126.666361762931 33.5415018463703)
94,일도일동,보림약국,제주특별자치도 제주시 동문로 35 (일도일동),126.530409934429,33.5131036478419,POINT (126.530409934429 33.5131036478419)
95,연동,새한온누리약국,"제주특별자치도 제주시 신대로 128 (연동,신대로128)",126.496059583157,33.4858517995196,POINT (126.496059583157 33.4858517995196)
96,한림읍,은솔약국,제주특별자치도 제주시 한림읍 한림중앙로 46,126.265107178745,33.4105960192047,POINT (126.265107178745 33.4105960192047)
97,연동,동인한약국,"제주특별자치도 제주시 신광로 105, 1층 (연동, 연동하늘그린)",126.490067205745,33.4826131098595,POINT (126.490067205745 33.4826131098595)
98,이도이동,베스트약국,제주특별자치도 제주시 중앙로 354 (이도이동),126.537715735683,33.4900853370456,POINT (126.537715735683 33.4900853370456)
99,노형동,싱싱약국,제주특별자치도 제주시 노형로 386 (노형동),126.4769251227,33.4841515431711,POINT (126.4769251227 33.4841515431711)
100,한림읍,녹십자약국,제주특별자치도 제주시 한림읍 한림중앙로 4,126.264581121556,33.4144663931644,POINT (126.264581121556 33.4144663931644)
101,조천읍,함덕하나로약국,제주특별자치도 제주시 조천읍 함와로 40,126.674912222026,33.5365660075389,POINT (126.674912222026 33.5365660075389)
102,연동,보건약국,"제주특별자치도 제주시 연동3길 37, 1층 (연동)",126.488105206806,33.4865880768705,POINT (126.488105206806 33.4865880768705)
103,화북일동,그린약국,"제주특별자치도 제주시 동화로 30, 1층 (화북일동)",126.5727900733,33.5176052471037,POINT (126.5727900733 33.5176052471037)
104,용담이동,예약국,"제주특별자치도 제주시 서광로 83, 1층 (용담이동, 예나빌딩)",126.504956663437,33.5006079534785,POINT (126.504956663437 33.5006079534785)
105,일도이동,메디칼약국,"제주특별자치도 제주시 고마로 149 (일도이동, 회광빌딩)",126.543570318192,33.5015046264362,POINT (126.543570318192 33.5015046264362)
106,이도이동,센타약국,"제주특별자치도 제주시 중앙로 266, 1층 102호 (이도이동, 영도 갤럭시타운)",126.531799909918,33.4961300404314,POINT (126.531799909918 33.4961300404314)
107,화북일동,비타민약국,"제주특별자치도 제주시 일주동로 250, 1층 (화북일동)",126.571981190343,33.5197231790278,POINT (126.571981190343 33.5197231790278)
108,도련일동,진영약국,"제주특별자치도 제주시 건주로4길 6-8, SH 빌딩 103호 (도련일동)",126.58029352618,33.5167666311552,POINT (126.58029352618 33.5167666311552)
109,이도이동,청사약국,"제주특별자치도 제주시 중앙로 234, 1층 (이도이동)",126.530145502453,33.498840457724,POINT (126.530145502453 33.498840457724)
110,일도이동,명원약국,"제주특별자치도 제주시 동광로 100 (일도이동,1층)",126.538443642564,33.5055019582814,POINT (126.538443642564 33.5055019582814)
111,건입동,동의당온누리약국,제주특별자치도 제주시 만덕로 21 (건입동),126.532171968381,33.5147231699557,POINT (126.532171968381 33.5147231699557)
112,이도이동,남광약국,제주특별자치도 제주시 남광로2길 43 (이도이동),126.540041851833,33.4892589358421,POINT (126.540041851833 33.4892589358421)
113,연동,광주약국,제주특별자치도 제주시 국기로 7 (연동),126.490041814131,33.4811441301246,POINT (126.490041814131 33.4811441301246)
114,노형동,생생약국,제주특별자치도 제주시 원노형남1길 1 (노형동),126.480730767311,33.484006612815,POINT (126.480730767311 33.484006612815)
115,삼도일동,해약국,제주특별자치도 제주시 서광로 263 (삼도일동),126.524595836648,33.5002241500889,POINT (126.524595836648 33.5002241500889)
116,일도이동,고승아약국,제주특별자치도 제주시 동광로 131 (일도이동),126.540471800294,33.5079413615319,POINT (126.540471800294 33.5079413615319)
117,이도이동,백세약국,제주특별자치도 제주시 서광로 300-1 (이도이동),126.528633948144,33.500391586513,POINT (126.528633948144 33.500391586513)
118,용담이동,우주약국,"제주특별자치도 제주시 용담로 92 (용담이동,1층)",126.512347253755,33.5119148080676,POINT (126.512347253755 33.5119148080676)
119,노형동,미소약국,"제주특별자치도 제주시 월랑로8길 1 (노형동,아란야플라자 1층 105호)",126.476679743326,33.4888313001214,POINT (126.476679743326 33.4888313001214)
120,화북일동,365매일약국,제주특별자치도 제주시 일주동로 227 (화북일동),126.569766497722,33.5194197845023,POINT (126.569766497722 33.5194197845023)
121,일도이동,소망약국,"제주특별자치도 제주시 동문로 76, 1층 (일도이동)",126.534809712342,33.5135012600925,POINT (126.534809712342 33.5135012600925)
122,노형동,그린온누리약국,제주특별자치도 제주시 노형12길 27 (노형동),126.480475567709,33.4823639241295,POINT (126.480475567709 33.4823639241295)
123,노형동,예은온누리약국,"제주특별자치도 제주시 노형8길 8, 1층 (노형동)",126.477847039423,33.4840011684389,POINT (126.477847039423 33.4840011684389)
124,연동,제주약국,"제주특별자치도 제주시 성신로 13-8 (연동,이화아파트상가 102호, 103호)",126.484844218554,33.490914736412,POINT (126.484844218554 33.490914736412)
125,용담일동,온누리대우약국,제주특별자치도 제주시 서광로 171 (용담일동),126.514721990879,33.5002496144059,POINT (126.514721990879 33.5002496144059)
126,일도이동,강약국,제주특별자치도 제주시 고마로 147 (일도이동),126.543469074284,33.5016641058548,POINT (126.543469074284 33.5016641058548)
127,삼양이동,대원온누리약국,"제주특별자치도 제주시 화삼북로 139, 1층 (삼양이동)",126.587988242861,33.5172612012089,POINT (126.587988242861 33.5172612012089)
128,노형동,굿모닝약국,"제주특별자치도 제주시 연북로 40 (노형동,1층)",126.485625199268,33.4816329345296,POINT (126.485625199268 33.4816329345296)
129,애월읍,아라약국,제주특별자치도 제주시 애월읍 애월로 120,126.319970894671,33.4643785619656,POINT (126.319970894671 33.4643785619656)
130,화북일동,월마트약국,"제주특별자치도 제주시 일주동로 229, 1층 B호 (화북일동, 동인빌딩)",126.569947757174,33.5194425930885,POINT (126.569947757174 33.5194425930885)
131,용담일동,보은약국,제주특별자치도 제주시  서광로  175 (용담일동),126.515202972713,33.5003180347391,POINT (126.515202972713 33.5003180347391)
132,이도이동,주원약국,제주특별자치도 제주시 중앙로 318 (이도이동),126.535272367644,33.4926491670383,POINT (126.535272367644 33.4926491670383)
133,오라삼동,맘꽃약국,"제주특별자치도 제주시 연오로 59, 이룸프라자 101호 (오라삼동)",126.502057860304,33.4879308657759,POINT (126.502057860304 33.4879308657759)
134,한림읍,세창약국,제주특별자치도 제주시 한림읍 한림중앙로 1,126.264869014765,33.4145826010875,POINT (126.264869014765 33.4145826010875)
135,서귀동,유선약국,제주특별자치도 서귀포시 중정로73번길 3-1 (서귀동),126.563947208878,33.2484656232787,POINT (126.563947208878 33.2484656232787)
136,한림읍,중앙약국,제주특별자치도 제주시 한림읍 한림로 664,126.264059203941,33.4143607876119,POINT (126.264059203941 33.4143607876119)
137,노형동,유성약국,"제주특별자치도 제주시 도령로 5 (노형동,1층)",126.479932791957,33.486787562871,POINT (126.479932791957 33.486787562871)
138,삼도이동,탑동보룡약국,"제주특별자치도 제주시 탑동로 24 (삼도이동, 형화빌딩)",126.522460881414,33.517560202795,POINT (126.522460881414 33.517560202795)
139,연동,신세계약국,"제주특별자치도 제주시 연동8길 7 (연동,1층)",126.490807609442,33.4851414250848,POINT (126.490807609442 33.4851414250848)
140,한림읍,동서약국,제주특별자치도 제주시 한림읍 한림로 682,126.265313622355,33.4155325327961,POINT (126.265313622355 33.4155325327961)
141,노형동,열린약국,제주특별자치도 제주시 월랑로10길 34 (노형동),126.478761417262,33.490928248696,POINT (126.478761417262 33.490928248696)
142,연동,신제주대웅약국,제주특별자치도 제주시 성신로 13-8 (연동),126.484844218554,33.490914736412,POINT (126.484844218554 33.490914736412)
143,이도이동,세브란스약국,제주특별자치도 제주시 동광로 90 (이도이동),126.537739354044,33.5048156552258,POINT (126.537739354044 33.5048156552258)
144,이도이동,정다운약국,제주특별자치도 제주시 서광로 302 (이도이동),126.528859722904,33.5003324893306,POINT (126.528859722904 33.5003324893306)
145,한림읍,한림약국,제주특별자치도 제주시 한림읍 한림로 679,126.264925102571,33.415492274444,POINT (126.264925102571 33.415492274444)
146,도련일동,시원한약국,"제주특별자치도 제주시 화삼북로 68, 삼화지구 신형빌딩 1층 102호 (도련일동)",126.580288525295,33.5170666641725,POINT (126.580288525295 33.5170666641725)
147,한경면,장수약국,제주특별자치도 제주시 한경면 고산로 16,126.179780740401,33.302409591532,POINT (126.179780740401 33.302409591532)
148,일도이동,신산약국,"제주특별자치도 제주시 성지로 76-1 (일도이동,1층)",126.531362263895,33.5115250525451,POINT (126.531362263895 33.5115250525451)
149,용담일동,영신온누리약국,제주특별자치도 제주시 서문로 68 (용담일동),126.518385714275,33.5117397203378,POINT (126.518385714275 33.5117397203378)
150,도두일동,365약국,제주특별자치도 제주시 서해안로 161 (도두일동),126.466051763303,33.5040159739566,POINT (126.466051763303 33.5040159739566)
151,연동,태평양약국,"제주특별자치도 제주시 연동7길 30, 1층 (연동)",126.490528109697,33.4872302576653,POINT (126.490528109697 33.4872302576653)
152,조천읍,영재약국,제주특별자치도 제주시 조천읍 신북로 510-1,126.66441730071,33.5421128303994,POINT (126.66441730071 33.5421128303994)
153,이호이동,제주예스약국,"제주특별자치도 제주시 억삼길 35-57, 가동 1층 3호 (이호이동)",126.471259738003,33.4917415285373,POINT (126.471259738003 33.4917415285373)
154,이도이동,제주튼튼한약국,"제주특별자치도 제주시 중앙로 371, 1층 (이도이동)",126.539431766652,33.4891743543604,POINT (126.539431766652 33.4891743543604)
155,조천읍,봄날온누리약국,"제주특별자치도 제주시 조천읍 신북로 46, 1층",126.619214304059,33.532867261547,POINT (126.619214304059 33.532867261547)
156,봉개동,번영약국,"제주특별자치도 제주시 번영로 500, 1층 (봉개동)",126.594819609272,33.490149872474,POINT (126.594819609272 33.490149872474)
157,도련일동,설약국,"제주특별자치도 제주시 건주로 31, 한라신협 삼화지점 1층 (도련일동)",126.580982878284,33.5167785217559,POINT (126.580982878284 33.5167785217559)
158,노형동,세원약국,"제주특별자치도 제주시 월랑로 5, 1층 (노형동)",126.478263449417,33.4866900263728,POINT (126.478263449417 33.4866900263728)
159,연동,에이스팜플러스약국,제주특별자치도 제주시 신대로14길 56 (연동),126.490481235438,33.487995336379,POINT (126.490481235438 33.487995336379)
160,서귀동,수정약국,제주특별자치도 서귀포시 태평로 424 (서귀동),126.565565546697,33.2451357035715,POINT (126.565565546697 33.2451357035715)
161,서귀동,서울약국,제주특별자치도 서귀포시 중정로 71 (서귀동),126.564015682772,33.2481821202082,POINT (126.564015682772 33.2481821202082)
162,동홍동,우리약국,제주특별자치도 서귀포시 일주동로 8538(동홍동),126.576054688698,33.2550355600957,POINT (126.576054688698 33.2550355600957)
163,서귀동,서귀포약국,제주특별자치도 서귀포시 중앙로 89 (서귀동),126.56042567209,33.2525963969071,POINT (126.56042567209 33.2525963969071)
164,용담이동,상아약국,제주특별자치도 제주시 흥운길 6 (용담이동),126.511053843623,33.5096992819115,POINT (126.511053843623 33.5096992819115)
165,노형동,대정약국,제주특별자치도 제주시 과원북4길 35 (노형동),126.486371601557,33.4812622296803,POINT (126.486371601557 33.4812622296803)
166,노형동,새봄약국,"제주특별자치도 제주시 1100로 3333, B호 (노형동)",126.480144305382,33.4836219692901,POINT (126.480144305382 33.4836219692901)
167,노형동,신행복약국,"제주특별자치도 제주시 노형8길 2 (노형동, 지하1층)",126.477346169156,33.4843262448719,POINT (126.477346169156 33.4843262448719)
168,용담일동,수성약국,제주특별자치도 제주시 서광로 173 (용담일동),126.514947797042,33.5002443677642,POINT (126.514947797042 33.5002443677642)
169,삼도일동,오즈약국,제주특별자치도 제주시 서광로 220 (삼도일동),126.52008091726,33.4995658930419,POINT (126.52008091726 33.4995658930419)
170,삼도일동,미래약국,제주특별자치도 제주시 서광로 215 (삼도일동),126.519524370686,33.5001243460011,POINT (126.519524370686 33.5001243460011)
171,연동,한라산약국,제주특별자치도 제주시 성신로 13-4 (연동),126.485210416351,33.4909836070888,POINT (126.485210416351 33.4909836070888)
172,일도이동,보람약국,제주특별자치도 제주시 고마로 53 (일도이동),126.53970403748,33.509500248517,POINT (126.53970403748 33.509500248517)
173,이도이동,더블유스토어 이도약국,제주특별자치도 제주시 중앙로 366 (이도이동),126.538473449487,33.4892179424257,POINT (126.538473449487 33.4892179424257)
174,애월읍,송약국,제주특별자치도 제주시 애월읍 하귀로 77,126.405012921092,33.4817561259736,POINT (126.405012921092 33.4817561259736)
175,한림읍,태안약국,제주특별자치도 제주시 한림읍 한림중앙로 29,126.265191013939,33.4121682539585,POINT (126.265191013939 33.4121682539585)
176,아라일동,대학약국,제주특별자치도 제주시  중앙로  611 (아라일동),126.547362090731,33.4696720226435,POINT (126.547362090731 33.4696720226435)
177,이도일동,동우약국,"제주특별자치도 제주시 중앙로15길 2 (이도일동,1층)",126.524281501044,33.5105300265808,POINT (126.524281501044 33.5105300265808)
178,조천읍,나라약국,제주특별자치도 제주시 조천읍 신북로  523,126.665971016422,33.5420394042026,POINT (126.665971016422 33.5420394042026)
179,연동,제주토마토약국,"제주특별자치도 제주시 도령로 73, 1층 101호 (연동, 연동 펠리체)",126.485948322561,33.4901161837273,POINT (126.485948322561 33.4901161837273)
180,노형동,신진팜약국,"제주특별자치도 제주시 연북로 34, 1층 (노형동)",126.484952001108,33.4816683662675,POINT (126.484952001108 33.4816683662675)
181,노형동,영제약국,"제주특별자치도 제주시 노형8길 3, 1층 (노형동)",126.477797252714,33.4844444517438,POINT (126.477797252714 33.4844444517438)
182,일도일동,정성약국,제주특별자치도 제주시 관덕로 66 (일도일동),126.526286786596,33.5128681419798,POINT (126.526286786596 33.5128681419798)
183,노형동,삼성약국,"제주특별자치도 제주시 월랑로 1 (노형동,1층)",126.478567739143,33.4863844954209,POINT (126.478567739143 33.4863844954209)
184,삼도일동,건강한약국,제주특별자치도 제주시 서사로 155 (삼도일동),126.520043633981,33.4984631916553,POINT (126.520043633981 33.4984631916553)
185,이도일동,현대약국,제주특별자치도 제주시 중앙로 77 (이도일동),126.524560673505,33.5112411910527,POINT (126.524560673505 33.5112411910527)
186,화북일동,무지개약국,"제주특별자치도 제주시 화삼로1길 14, 1층 (화북일동)",126.575260663273,33.5147429829224,POINT (126.575260663273 33.5147429829224)
187,외도일동,외도약국,"제주특별자치도 제주시 우정로 70, 1층 (외도일동)",126.430634004825,33.4866169440338,POINT (126.430634004825 33.4866169440338)
188,외도일동,부원약국,"제주특별자치도 제주시 우정로8길 2, 1층 (외도일동)",126.430679405636,33.4893639324779,POINT (126.430679405636 33.4893639324779)
189,서귀동,열방약국,제주특별자치도 서귀포시 일주동로 8673 (서귀동),126.561825917453,33.2530375468745,POINT (126.561825917453 33.2530375468745)
190,강정동,탐라약국,제주특별자치도 서귀포시 신서로48번길 31 (강정동),126.508636272298,33.2535774663368,POINT (126.508636272298 33.2535774663368)
191,서귀동,동의당약국,제주특별자치도 서귀포시 이중섭로 1 (서귀동),126.564291924136,33.2479152138296,POINT (126.564291924136 33.2479152138296)
192,중문동,율약국,제주특별자치도 서귀포시 중문로 1 (중문동),126.422993539855,33.2520022255776,POINT (126.422993539855 33.2520022255776)
193,성산읍,태양약국,제주특별자치도 서귀포시 성산읍 고성오조로  67,126.914591544548,33.4495805003363,POINT (126.914591544548 33.4495805003363)
194,중문동,다온약국,"제주특별자치도 서귀포시 중문로 7 (중문동, 다온아파트)",126.423027950794,33.2526933883842,POINT (126.423027950794 33.2526933883842)
195,강정동,신세계온누리약국,"제주특별자치도 서귀포시 월드컵로 8, 104호 (강정동, 홍은프라자)",126.507323170982,33.2489939885441,POINT (126.507323170982 33.2489939885441)
196,서귀동,늘푸른약국,"제주특별자치도 서귀포시 중정로 50 (서귀동, 늘푸른약국)",126.561678459094,33.2473868717569,POINT (126.561678459094 33.2473868717569)
197,표선면,소아약국,제주특별자치도 서귀포시 표선면 표선중앙로 84 (소아약국),126.832863900483,33.3258348751557,POINT (126.832863900483 33.3258348751557)
198,서귀동,동문약국,"제주특별자치도 서귀포시 중정로 109, 102호 (서귀동)",126.568157487976,33.2488319496571,POINT (126.568157487976 33.2488319496571)
199,남원읍,동원약국,제주특별자치도 서귀포시 남원읍 태위로 634 ((남원읍)),126.714340155089,33.2776729568467,POINT (126.714340155089 33.2776729568467)
200,표선면,표선한사랑약국,제주특별자치도 서귀포시 표선면 표선중앙로80번길 1,126.832438324988,33.3260292338741,POINT (126.832438324988 33.3260292338741)
201,서귀동,현강약국,제주특별자치도 서귀포시 동문로 5 (서귀동),126.562068685543,33.2523432454262,POINT (126.562068685543 33.2523432454262)
202,표선면,온세상건강약국,제주특별자치도 서귀포시 표선면 표선동서로 225 (표선의원),126.831621729203,33.3242518318003,POINT (126.831621729203 33.3242518318003)
203,표선면,은혜약국,제주특별자치도 서귀포시 표선면 표선관정로 97 (서울약국),126.830856774379,33.3243350949031,POINT (126.830856774379 33.3243350949031)
204,대정읍,대정온누리약국,"제주특별자치도 서귀포시 대정읍 하모중앙로 76, 1층 3호",126.251812065618,33.2213903495082,POINT (126.251812065618 33.2213903495082)
205,대정읍,대정송약국,"제주특별자치도 서귀포시 대정읍 하모상가로 46, 1층 (경원빌딩)",126.253697691239,33.2216021034565,POINT (126.253697691239 33.2216021034565)
206,강정동,봄봄약국,제주특별자치도 서귀포시 대청로25번길 4 (강정동),126.502693911398,33.252832994618,POINT (126.502693911398 33.252832994618)
207,중문동,천제연약국,제주특별자치도 서귀포시 천제연로 174 (중문동),126.423226092273,33.2517062198499,POINT (126.423226092273 33.2517062198499)
208,동홍동,동홍약국,제주특별자치도 서귀포시 동홍중앙로 49 (동홍동),126.57183575331,33.2550558185613,POINT (126.57183575331 33.2550558185613)
209,동홍동,정문약국,"제주특별자치도 서귀포시 일주동로 8648-12 (동홍동, 정문약국)",126.564426732747,33.2545705278586,POINT (126.564426732747 33.2545705278586)
210,안덕면,한양약국,제주특별자치도 서귀포시 안덕면 화순로 110,126.334628962566,33.246597621688,POINT (126.334628962566 33.246597621688)
211,동홍동,부부약국,제주특별자치도 서귀포시 일주동로 8640 (동홍동),126.56530278005,33.2542791209266,POINT (126.56530278005 33.2542791209266)
212,서귀동,중앙약국,제주특별자치도 서귀포시 중정로 65 (서귀동),126.563296311524,33.2480515648089,POINT (126.563296311524 33.2480515648089)
213,중문동,한마음약국,제주특별자치도 서귀포시 천제연로 210-1 (중문동),126.427035601764,33.2514862520162,POINT (126.427035601764 33.2514862520162)
214,중문동,중문약국,제주특별자치도 서귀포시 천제연로 200 (중문동),126.426068071833,33.2515079376742,POINT (126.426068071833 33.2515079376742)
215,서귀동,삼일약국,제주특별자치도 서귀포시 중앙로 37 (서귀동),126.561587313729,33.2479974051684,POINT (126.561587313729 33.2479974051684)
216,서귀동,종로약국,"제주특별자치도 서귀포시 중앙로42번길 8, 강원청과 (서귀동)",126.562702400565,33.2482836314201,POINT (126.562702400565 33.2482836314201)
217,서귀동,은성약국,제주특별자치도 서귀포시 중앙로42번길 46 (서귀동),126.566332353578,33.2493234792876,POINT (126.566332353578 33.2493234792876)
218,중문동,국민약국,제주특별자치도 서귀포시 천제연로208번길 2 (중문동),126.426777003161,33.2514838882164,POINT (126.426777003161 33.2514838882164)
219,동홍동,신세계약국,제주특별자치도 서귀포시 태평로 505 (동홍동),126.571403032281,33.2503361869915,POINT (126.571403032281 33.2503361869915)
220,대정읍,삼성약국,제주특별자치도 서귀포시 대정읍 상모로 321 (모슬포약국),126.25515412926,33.2223208524863,POINT (126.25515412926 33.2223208524863)
221,성산읍,동남온누리약국,"제주특별자치도 서귀포시 성산읍 일출로 4, 케이빌딩",126.913295187203,33.4471015213541,POINT (126.913295187203 33.4471015213541)
222,남원읍,고은약국,제주특별자치도 서귀포시 남원읍 태위로 691,126.720287003432,33.2796337348585,POINT (126.720287003432 33.2796337348585)
223,동홍동,한빛약국,제주특별자치도 서귀포시 장수로 36 (동홍동),126.564245533587,33.2564622330675,POINT (126.564245533587 33.2564622330675)
224,대정읍,시계탑약국,제주특별자치도 서귀포시 대정읍 하모이삼로 34-4 (시계탑약국),126.251209467497,33.2233238414519,POINT (126.251209467497 33.2233238414519)
225,서귀동,민제약국,제주특별자치도 서귀포시 중정로 66-2 (서귀동),126.563535837662,33.2477884082003,POINT (126.563535837662 33.2477884082003)
226,서귀동,광진당약국,제주특별자치도 서귀포시 중정로 68 (서귀동),126.563616322029,33.2478088871494,POINT (126.563616322029 33.2478088871494)
227,중문동,정화약국,제주특별자치도 서귀포시 중문상로 36 (중문동),126.425454724505,33.2514378445328,POINT (126.425454724505 33.2514378445328)
228,안덕면,화순약국,제주특별자치도 서귀포시 안덕면 화순로 113,126.334180284077,33.2463068834185,POINT (126.334180284077 33.2463068834185)
229,대정읍,흙 한약국,"제주특별자치도 서귀포시 대정읍 상모대서로20번길 17, 2층",126.25851816023,33.2253224046196,POINT (126.25851816023 33.2253224046196)
230,대정읍,프라자약국,제주특별자치도 서귀포시 대정읍 신영로 109,126.253935920973,33.2218064855758,POINT (126.253935920973 33.2218064855758)
231,하효동,정약국,제주특별자치도 서귀포시 하신상로 32 (하효동),126.617710314541,33.2634809273589,POINT (126.617710314541 33.2634809273589)
232,남원읍,위미약국,제주특별자치도 서귀포시 남원읍 태위로 127 (위미약국),126.661077147004,33.2750026890019,POINT (126.661077147004 33.2750026890019)
233,남원읍,조광약국,제주특별자치도 서귀포시 남원읍 태위로 633,126.71437155289,33.2781178943366,POINT (126.71437155289 33.2781178943366)
234,대정읍,메디팜현대약국,제주특별자치도 서귀포시 대정읍 하모상가로 27,126.251706686481,33.2216721913996,POINT (126.251706686481 33.2216721913996)
235,노형동,스마트약국,"제주특별자치도 제주시 연북로 1, 롯데마트 1층 (노형동)",126.481834000763,33.4824421892687,POINT (126.481834000763 33.4824421892687)
236,,봄날약국,"서울특별시 노원구 마들로 31, 제주상가동 110호 (월계동, 그랑빌아파트)",127.067083001547,37.6187241122945,POINT (127.067083001547 37.6187241122945)
237,구좌읍,건강약국,제주특별자치도 제주시 구좌읍 세화12길 1,126.85927280891,33.5208359636264,POINT (126.85927280891 33.5208359636264)
238,아라일동,도담약국,"제주특별자치도 제주시 아란9길 6, 1층 (아라일동)",126.5450357982,33.4726016319767,POINT (126.5450357982 33.4726016319767)
239,삼도일동,한일온누리약국,"제주특별자치도 제주시 평전1길 20, 1층 (삼도일동)",126.517136710182,33.5005900226372,POINT (126.517136710182 33.5005900226372)
240,연동,마음약국,"제주특별자치도 제주시 도령로 73, 103호 (연동, 연동 펠리체)",126.485948322561,33.4901161837273,POINT (126.485948322561 33.4901161837273)
241,연동,희망약국,"제주특별자치도 제주시 연북로 76, 한성빌딩 1층 (연동)",126.489399163279,33.4815487337564,POINT (126.489399163279 33.4815487337564)
242,아라일동,힘찬약국,"제주특별자치도 제주시 인다10길 35, 1층 (아라일동)",126.549398263308,33.4746302028058,POINT (126.549398263308 33.4746302028058)
243,이도일동,새중앙약국,"제주특별자치도 제주시 중앙로 61, 1층 (이도일동)",126.52480539172,33.5126642987908,POINT (126.52480539172 33.5126642987908)
244,노형동,행복나눔약국,제주특별자치도 제주시 월랑로 59 (노형동),126.474199468505,33.4902322419752,POINT (126.474199468505 33.4902322419752)
245,일도이동,인제약국,제주특별자치도 제주시 동광로 108-1 (일도이동),126.539148588153,33.5060460786907,POINT (126.539148588153 33.5060460786907)
246,일도이동,화신온누리약국,제주특별자치도 제주시 동광로 129 (일도이동),126.540376062933,33.5078710428623,POINT (126.540376062933 33.5078710428623)
247,이도이동,힐링약국,"제주특별자치도 제주시 서광로 278, 1층 101호 (이도이동, 줌타워)",126.526212033291,33.4999816815601,POINT (126.526212033291 33.4999816815601)
248,아라일동,햇님온누리약국,"제주특별자치도 제주시 중앙로 560, 1층 (아라일동)",126.545316121542,33.4736791675227,POINT (126.545316121542 33.4736791675227)
249,이도이동,사랑약국,제주특별자치도 제주시 중앙로 286 (이도이동),126.532961293435,33.4947573297223,POINT (126.532961293435 33.4947573297223)
250,노형동,매일약국,제주특별자치도 제주시 노연로 29 (노형동),126.483241294872,33.4862509810967,POINT (126.483241294872 33.4862509810967)
251,이도이동,영주약국,제주특별자치도 제주시  연신로  46 (이도이동),126.546270581436,33.4969993645896,POINT (126.546270581436 33.4969993645896)
252,삼도일동,성종약국,제주특별자치도 제주시 서광로 267 (삼도일동),126.524944772172,33.5002353157767,POINT (126.524944772172 33.5002353157767)
253,연동,New제주약국,제주특별자치도 제주시 연동8길 8 (연동),126.490514238975,33.4851337279057,POINT (126.490514238975 33.4851337279057)
254,일도이동,올리브약국,제주특별자치도 제주시 동광로 133 (일도이동),126.540781688451,33.5080772083926,POINT (126.540781688451 33.5080772083926)
255,일도일동,조일약국,제주특별자치도 제주시 관덕로 63 (일도일동),126.526081549986,33.5132798345909,POINT (126.526081549986 33.5132798345909)
256,봉개동,동현약국,"제주특별자치도 제주시 삼봉로 327, A동 102호 (봉개동, 봉개 미소담)",126.594219147406,33.4940793199306,POINT (126.594219147406 33.4940793199306)
257,애월읍,하귀하나로약국,제주특별자치도 제주시 애월읍 일주서로 7136,126.412159214346,33.4850611892862,POINT (126.412159214346 33.4850611892862)
258,일도이동,인화온누리약국,제주특별자치도 제주시 동광로 110 (일도이동),126.539246511365,33.5061298401656,POINT (126.539246511365 33.5061298401656)
259,노형동,숲약국,"제주특별자치도 제주시 1100로 3213-27, 지하2층 202호 (노형동, 천마에코피아2차)",126.481505787404,33.4760038041208,POINT (126.481505787404 33.4760038041208)
260,남원읍,민생약국,제주특별자치도 서귀포시 남원읍 태위로 687,126.719861711025,33.2794969012231,POINT (126.719861711025 33.2794969012231)
261,성산읍,새한약국,제주특별자치도 서귀포시 성산읍 성산중앙로 39,126.933308138528,33.4633253108461,POINT (126.933308138528 33.4633253108461)
262,남원읍,남원약국,제주특별자치도 서귀포시 남원읍 태위로 667,126.717898903729,33.2789329096386,POINT (126.717898903729 33.2789329096386)
263,성산읍,제주사랑약국,제주특별자치도 서귀포시 성산읍 고성오조로 74,126.914951841146,33.4502517271223,POINT (126.914951841146 33.4502517271223)
264,서홍동,최고약국,제주특별자치도 서귀포시 일주동로 8696 (서홍동),126.559359771186,33.2531057421979,POINT (126.559359771186 33.2531057421979)
265,삼양이동,삼양온누리약국,"제주특별자치도 제주시 일주동로 393, 1층 (삼양이동)",126.58696097496,33.521537909651,POINT (126.58696097496 33.521537909651)
266,동홍동,조약국,제주특별자치도 서귀포시 중앙로 108 (동홍동),126.561131164925,33.2542217317913,POINT (126.561131164925 33.2542217317913)
267,이도이동,참약국,"제주특별자치도 제주시 서광로 294, 1층 (이도이동)",126.527884346517,33.5002042667494,POINT (126.527884346517 33.5002042667494)
268,애월읍,동백약국,"제주특별자치도 제주시 애월읍 하귀9길 1, 1층 103호",126.414969308735,33.4867393589107,POINT (126.414969308735 33.4867393589107)
269,서귀동,오름약국,"제주특별자치도 서귀포시 중정로 70, 1층 (서귀동)",126.563831943749,33.24777808645,POINT (126.563831943749 33.24777808645)
270,노형동,가까운약국,"제주특별자치도 제주시 원노형남1길 11, 1층 106호 (노형동)",126.481741909052,33.4842475132455,POINT (126.481741909052 33.4842475132455)
271,이도이동,봄여울약국,"제주특별자치도 제주시 신설로7길 57, 제이힐링센터 지하 1층 (이도이동)",126.54722579155,33.4956872529164,POINT (126.54722579155 33.4956872529164)
272,한림읍,달래약국,"제주특별자치도 제주시 한림읍 한림중앙로 71, 1층",126.266712248867,33.4087215576125,POINT (126.266712248867 33.4087215576125)
273,한림읍,한그루약국,"제주특별자치도 제주시 한림읍 한림상로 116, 103호",126.265486208907,33.4099219825896,POINT (126.265486208907 33.4099219825896)
274,노형동,마트존약국,제주특별자치도 제주시 1100로 3324(노형동),126.481205117721,33.4830200035135,POINT (126.481205117721 33.4830200035135)
275,삼도일동,새힘약국,"제주특별자치도 제주시 서광로 262, 1층 (삼도일동)",126.524506360365,33.4996621148119,POINT (126.524506360365 33.4996621148119)
276,노형동,예사랑약국,"제주특별자치도 제주시 노형11길 25, 1층 (노형동)",126.477721185489,33.4827946685932,POINT (126.477721185489 33.4827946685932)
277,노형동,초록약국,"제주특별자치도 제주시 수덕로 6, 1층 (노형동)",126.475307220929,33.4886649230919,POINT (126.475307220929 33.4886649230919)
278,아라이동,더나은약국,"제주특별자치도 제주시 승천로 75, 1층 (아라이동)",126.543176897454,33.4922384009257,POINT (126.543176897454 33.4922384009257)
279,동홍동,밝은 온누리약국,제주특별자치도 서귀포시 일주동로 8648-3 (동홍동),126.564126630085,33.2542140539533,POINT (126.564126630085 33.2542140539533)
280,외도일동,우리들약국,제주특별자치도 제주시 우정로 56 (외도일동),126.430731090549,33.4879769858243,POINT (126.430731090549 33.4879769858243)
281,도남동,한결약국,제주특별자치도 제주시 신성로 78 (도남동),126.527805588365,33.4954440983053,POINT (126.527805588365 33.4954440983053)
282,서귀동,새현대약국,"제주특별자치도 서귀포시 중앙로 35-1, 현대약국 (서귀동)",126.56161861637,33.2477455999516,POINT (126.56161861637 33.2477455999516)
283,외도일동,알로하약국,"제주특별자치도 제주시 우정로15길 1, 1층 106호 (외도일동, 대원상록수11차아파트)",126.431233598343,33.4861306755197,POINT (126.431233598343 33.4861306755197)
284,일도이동,참사랑약국,"제주특별자치도 제주시 동문로 70 (일도이동, 화인퍼스트빌 9차)",126.534032832603,33.5132590581554,POINT (126.534032832603 33.5132590581554)
285,강정동,금강한약국,"제주특별자치도 서귀포시 신서로 69 (강정동, 강정지예타운)",126.505299797753,33.2564793775915,POINT (126.505299797753 33.2564793775915)
286,일도이동,조은약국,제주특별자치도 제주시 동문로20길 1 (일도이동),126.53663219695,33.5136308871107,POINT (126.53663219695 33.5136308871107)
287,영평동,써니약국,"제주특별자치도 제주시 첨단로 217, 1층 (영평동)",126.571666714166,33.4529590538781,POINT (126.571666714166 33.4529590538781)
288,도남동,단단약국,"제주특별자치도 제주시 서광로 272, 1층 (도남동)",126.525426431214,33.4997867260762,POINT (126.525426431214 33.4997867260762)
289,건입동,터미널약국,"제주특별자치도 제주시 임항로 111, 제주항연안여객터미널 1층 (건입동)",126.534226176207,33.5200407358063,POINT (126.534226176207 33.5200407358063)
290,노형동,밝은사랑약국,"제주특별자치도 제주시 노형로 407, 노형타워 1층 106호 (노형동)",126.478301044424,33.485821410903,POINT (126.478301044424 33.485821410903)
