user_count,설치장소,행정시,읍면동,주소,X,Y
194255,7코스,서귀포시,강정동,서귀포시 강정동 2639-11,126.487886006079,33.2341331968954
59875,엉또폭포,서귀포시,강정동,서귀포시 염돈로 121-6,126.491986025125,33.2589298749555
209629,전기차충전소_강창학경기장,서귀포시,강정동,서귀포시 중산간서로 95(강정동),126.501775286788,33.2598740836071
34221,한국야구명예전당,서귀포시,강정동,서귀포시 강정동 1479-1,126.498477172172,33.2599818234053
292668,문화공원,서귀포시,강정동,서귀포시 강정동 176(김정문화로 32),126.507973699329,33.2507297622999
210118,중앙도서관,서귀포시,강정동,서귀포시 강정동 176(김정문화로 32),126.507973699329,33.2507297622999
2350,서귀포올림픽기념국민생활관,서귀포시,강정동,서귀포시 강정동 1480,126.499286566609,33.2609429721183
2814,문화2공원,서귀포시,강정동,서귀포시 강정동 138,126.508200533696,33.2577242181249
22377,바다어린이공원,서귀포시,강정동,서귀포시 강정동 199-1,126.502464334962,33.2523095836527
14624,대청공원,서귀포시,강정동,서귀포시 강정동 169-8,126.505284384619,33.2533302953336
1310,문화1공원,서귀포시,강정동,서귀포시 강정동 123,126.508800346904,33.2597535347542
3362,돌고래하우스 캠핑장,서귀포시,강정동,서귀포시 강정동 798,126.499619146881,33.2328114619549
5613,강창학종합경기장,서귀포시,강정동,서귀포시 강정동 1461,126.501288803593,33.2595914573918
6927,강정제1호공원,서귀포시,강정동,서귀포시 강정동 201,126.504256743808,33.2537148943038
1389,서귀포인라인롤러장,서귀포시,강정동,서귀포시 강정동 1460,126.500552844889,33.2583403830867
825,서귀포궁도장,서귀포시,강정동,서귀포시 강정동 1475,126.497619447835,33.2595176304323
1741,서귀포야구장,서귀포시,강정동,서귀포시 강정동 1450,126.502996366187,33.2598933961384
1148,강창학파크 골프장,서귀포시,강정동,서귀포시 강정동 1353,126.499704470955,33.2573285944037
931056,서부두 명품회집거리,제주시,건입동,제주시 서부두길 18-2,126.528402024971,33.5179328710011
20145,전기차충전소_건입동주민센터,제주시,건입동,제주시 만덕로 18,126.531503419813,33.5150497238423
145210,전기차충전소_제주시 평생학습센터,제주시,건입동,제주시 사라봉동길 15,126.547108966215,33.5140901343291
255537,제주항국제여객터미널,제주시,건입동,제주시 건입동 908-18(제주시 임항로 191),126.54357955828,33.5265558203126
130642,제주항연안여객터미널,제주시,건입동,제주시 건입동 918-30(임항로111),126.534894057168,33.5196230143805
2723400,탑동 테마거리,제주시,건입동,제주시 중앙로 1,126.525124799154,33.5181484529192
414973,흑돼지 거리,제주시,건입동,제주시 관덕로15길 31,126.526804310707,33.516064724459
22111,전기차충전소_제주소방서 항만119센터,제주시,건입동,제주시 건입동 902-2,126.53931550165,33.5201622791693
236340,사라봉공원,제주시,건입동,제주시 건입동 387-1(사라봉동길 74) 정상 화장실 외벽,126.545583532529,33.5180757107282
19293,전기차충전소_제주항여객터미널,제주시,건입동,제주시 건입동 918-25(임항로 111),126.53560686607,33.5196997093394
6632,1-12호공원,제주시,건입동,제주시 건입동 671,126.540021607309,33.5167888984347
31630,산지천거리,제주시,건입동,제주시 건입동 1136(산지로 25),126.529218824552,33.5147446196608
306664,20코스,제주시,구좌읍,제주시 구좌읍 김녕항1길 30,126.744624661546,33.5577041599356
102068,21코스,제주시,구좌읍,제주시 구좌읍 종달리 478-14,126.910861195051,33.4971210100645
9825,구좌체육관,제주시,구좌읍,제주시 구좌읍 김녕리 497-1,126.762179075482,33.5562753899747
325840,김녕 성세기 해변,제주시,구좌읍,제주시 구좌읍 김녕리 497-4번지,126.759880601197,33.5570245950247
64603,김녕미로공원,제주시,구좌읍,제주시 구좌읍 만장굴길 122,126.772020633232,33.5362520811345
186579,만장굴,제주시,구좌읍,제주시 구좌읍 만장굴길 182,126.771615754394,33.5283774190149
67100,메이즈랜드,제주시,구좌읍,제주시 구좌읍 비자림로 2134-47,126.801223039785,33.4891471622224
203717,비자림,제주시,구좌읍,제주시 구좌읍 비자숲길 62,126.810247747417,33.4912423912894
291750,세화 해변,제주시,구좌읍,제주시 구좌읍 해맞이해안로 1391,126.856639903597,33.5275425597994
110192,세화공원,제주시,구좌읍,제주시 구좌읍 상도리 471-32,126.863796050704,33.5215852909511
20621,신재생에너지관,제주시,구좌읍,제주시 구좌읍 해맞이해안로 712-3,126.818649374173,33.5593171269025
522155,월정리 해변,제주시,구좌읍,제주시 구좌읍 월정리 33-3번지,126.798640676717,33.555112541169
106724,전기차충전소_구좌읍사무소,제주시,구좌읍,제주시 구좌읍 세화리 1561-7,126.852077241988,33.5223598491043
9825,전기차충전소_구좌체육관,제주시,구좌읍,제주시 구좌읍 김녕리 497-1,126.762179075482,33.5562753899747
81849,전기차충전소_세화오일장,제주시,구좌읍,제주시 구좌읍 세화리 1500-41,126.856419773395,33.5250581277971
49791,전기차충전소_해녀박물관,제주시,구좌읍,제주시 구좌읍 하도리 3204-1,126.864316096804,33.5226740931334
14244,전기차충전소_환경성질환예방관리센터,제주시,구좌읍,제주시 구좌읍 평대리 2981,126.810477107812,33.485981701864
60611,제주레일바이크,제주시,구좌읍,제주시 구좌읍 용눈이오름로 641,126.836601057516,33.464318039397
150788,제주아트랜드,제주시,구좌읍,제주시 구좌읍 번영로 2172-80,126.743049831145,33.4241050089803
49791,해녀박물관,제주시,구좌읍,제주시 구좌읍 하도리 3204-1,126.864316096804,33.5226740931334
67377,하도 해변,제주시,구좌읍,제주시 구좌읍 해맞이해안로 1973,126.898776994834,33.5135069291318
33300,종달리해변,제주시,구좌읍,제주시 구좌읍 종달리 622-5,126.90559007394,33.4885187698592
46494,동녁도서관,제주시,구좌읍,제주시 구좌읍 세화리 1198-1(일주동로 3132),126.854745426549,33.520678727536
56468,세화어린이공원,제주시,구좌읍,제주시 구좌읍 세화리 3645-1,126.854599903316,33.525948588389
37609,전기차충전소_동부농업기술센터,제주시,구좌읍,제주시 구좌읍 김녕리 1892(김녕남6길 8),126.750397666464,33.5502224321506
655,전기차충전소_구좌농공단지(제주이야기),제주시,구좌읍,제주시 구좌읍 행원로13길 67,126.816853444529,33.5530345172983
113293,서귀포시 동부보건소,서귀포시,남원읍,서귀포시 남원읍 남원리 2359-1,126.703397545441,33.2755844867881
406368,전기차충전소_남원 동부보건소,서귀포시,남원읍,서귀포시 남원읍 남원리 2359-1,126.703397545441,33.2755844867881
77222,전기차충전소_남원생활체육관,서귀포시,남원읍,서귀포시 남원읍 태위로 551-28,126.705244008222,33.2781067761571
111936,전기차충전소_남원읍 공영주차장,서귀포시,남원읍,서귀포시 남원읍 남원리 84-2,126.721376588033,33.2788118193528
171748,전기차충전소_남원읍사무소,서귀포시,남원읍,서귀포시 남원읍 태위로 695,126.72067701087,33.2798959047941
250504,전기차충전소_서귀포농업기술센터,서귀포시,남원읍,서귀포시 남원읍 하례리 1558,126.607590525889,33.2881329265268
30379,큰엉(남원관광지구),서귀포시,남원읍,서귀포시 남원읍 태위로 522-17,126.703711977934,33.2733498193692
113735,휴애리생활공원,서귀포시,남원읍,서귀포시 남원읍 신례리 2081,126.633720245851,33.3088651460315
42218,서귀포농업기술센터,서귀포시,남원읍,서귀포시 남원읍 하례리 1558,126.607590525889,33.2881329265268
382562,5코스,서귀포시,남원읍,서귀포시 남원읍 남원리 91-6,126.719663259418,33.277808778528
115458,제남도서관,서귀포시,남원읍,서귀포시 남원읍 남원체육관로 183,126.70495818819,33.2795644875784
2919,전기차충전소_(재)테크노파크 생물종다양성연구소,서귀포시,남원읍,서귀포시 남원읍 신례리 2162-43,126.635043283202,33.3156422219602
6753,망장포구,서귀포시,남원읍,서귀포시 남원읍 하례리 64-10,126.639455011176,33.2593078492533
7989,전기차충전소_위미3리사무소,서귀포시,남원읍,서귀포시 남원읍 태위로 381-5(위미리 165-2),126.687981768536,33.2757553896759
1496,전기차충전소_의귀교회,서귀포시,남원읍,서귀포시 남원읍 남조로381번길 7(의귀리 1482-14),126.713613549417,33.3118815528967
4025,공천포 포구,서귀포시,남원읍,서귀포시 남원읍 신례리 72-19,126.641410220915,33.262681279085
8367,전기차충전소_머체왓숲길영농조합,서귀포시,남원읍,서귀포시 남원읍 서성로 755(한남리 1622-3),126.673899820322,33.3305225860707
523,전기차충전소_위미2리 다목적회관,서귀포시,남원읍,서귀포시 남원읍 위미중앙로 78(위미리 2654-2),126.66145575824,33.2831158682831
3682,전기차충전소_위미2리사무소,서귀포시,남원읍,서귀포시 남원읍 태위로 197(위미리 1572-7),126.668603152467,33.2753884997879
7383,태흥2리체육공원,서귀포시,남원읍,서귀포시 남원읍 태흥리 364-5,126.74985548841,33.2864747722259
587,전기차충전소_수망리사무소(다목적 건물),서귀포시,남원읍,서귀포시 남원읍 태수로 599-36(수망리 311-2),126.713311918974,33.3287057405567
446,삼다정궁도장,서귀포시,남원읍,서귀포시 남원읍 한남리 485-2,126.683422052304,33.2992797363619
27862,석굴암(천왕사 숲길),제주시,노형동,제주시 노형동 산 20,126.503542399748,33.404925175444
216944,전기차충전소_노형동주민센터,제주시,노형동,제주시 노형동 3793-1,126.477164712224,33.4830274575084
18167,전기차충전소_축산진흥원,제주시,노형동,제주시 노형동 315-7(신비마을길 13),126.486445264276,33.4430509292381
726290,노형근린공원,제주시,노형동,제주시 노형동 731-3,126.482967426378,33.479175493651
392711,노형제1근린공원,제주시,노형동,제주시 노형동 2584-1,126.470014466127,33.4862246039655
143012,노형제2근린공원,제주시,노형동,제주시 노형동 2582-1,126.47209296901,33.4897827688994
401954,방일리공원,제주시,노형동,제주시 노형동 755(정원로 49),126.477717263219,33.4775855209634
117894,신제주외국문화학습관,제주시,노형동,제주시 노형동 607(1100로 3213),126.482879958659,33.4730177867618
104574,전기차충전소_노형삼다아파트 앞 공영주차장,제주시,노형동,제주시 노형동 1282-1,126.477713568978,33.4863941519297
14910,1-11호어린이공원,제주시,노형동,제주시 노형동 921,126.482246555503,33.4829051681232
10135,1-49호어린이공원,제주시,노형동,제주시 노형동 1274-8,126.481358056388,33.4892037606646
7248,1-10호어린이공원,제주시,노형동,제주시 노형동 910-7,126.483996143243,33.4868594552056
7995,1-13호공원,제주시,노형동,제주시 일도이동 154,126.541823569606,33.5113518601108
10535,1-47호어린이공원,제주시,노형동,제주시 노형동 1031-1,126.475251722718,33.4922110959023
18169,1-48호어린이공원,제주시,노형동,제주시 노형동 1041-10,126.47613709093,33.4899427428457
13416,1-50호공원,제주시,노형동,제주시 노형동 1066-1,126.477796447892,33.4884690631787
17838,1-52호어린이공원,제주시,노형동,제주시 노형동 1285-2,126.476632178173,33.4854870965563
2016,1-65호어린이공원,제주시,노형동,제주시 노형동 751-1,126.480204649923,33.4778420221978
15571,1-89호공원,제주시,노형동,제주시 노형동 2511-1,126.471024742509,33.4845539438553
10312,1-90호어린이공원,제주시,노형동,제주시 노형동 2514-2,126.471940552278,33.4835150685201
14455,1-92호공원,제주시,노형동,제주시 노형동 2531-5,126.473052961794,33.4847957358585
28370,1-93호공원,제주시,노형동,제주시 노형동 2596-3,126.4722156231,33.4813763119151
4188,다랑쉬오름(월랑봉),제주시,노형동,제주시 구좌읍 세화리 2703,126.827699067742,33.4754416469705
922,종달리수국길,제주시,노형동,제주시 구좌읍 종달리 24-1,126.912478000158,33.5065023577076
120061,11코스,서귀포시,대정읍,서귀포시 대정읍 하모리 2140,126.252821118007,33.2187829944557
40720,노리매(매화테마공원),서귀포시,대정읍,서귀포시 대정읍 구억리 676,126.28668424094,33.2819841792114
126916,송악산,서귀포시,대정읍,서귀포시 대정읍 상모리 238,126.29350293965,33.1990931536649
729820,운진항,서귀포시,대정읍,서귀포시 대정읍 하모리 646-20,126.257605181651,33.2105460728876
191656,전기차충전소_대정 영어교육도시,서귀포시,대정읍,서귀포시 대정읍 에듀시티로 238,126.273274761791,33.2789362501311
199640,전기차충전소_대정감협 인근 공영주차장,서귀포시,대정읍,서귀포시 대정읍 하모리 964-2,126.251978516562,33.2230327383986
11075,전기차충전소_무릉문화의집,서귀포시,대정읍,서귀포시 대정읍 서삼중로 128,126.198956286656,33.2734604296115
126594,전기차충전소_영어교육도시119센터,서귀포시,대정읍,서귀포시 대정읍 에듀시티로 238,126.273274761791,33.2789362501311
16024,제주옹기박물관,서귀포시,대정읍,서귀포시 대정읍 무릉리 887-2,126.223303890349,33.283128920288
27197,황금륭골든힐허브팜,서귀포시,대정읍,서귀포시 대정읍 신도리 10,126.222840386416,33.2866637309323
363882,모슬포중앙시장,서귀포시,대정읍,서귀포시 대정읍 하모리 822-7,126.254876540046,33.2218491788575
126380,추사적거지,서귀포시,대정읍,서귀포시 대정읍 안성리 1646-1(추사로 44),126.278567060291,33.2498572461005
146177,송악도서관,서귀포시,대정읍,서귀포시 대정읍 하모리 1252-1,126.248669661873,33.2265503697787
5533,전기차충전소_대정 문화체육센터,서귀포시,대정읍,서귀포시 대정읍 동일리 3171(후문 우측),126.235393179994,33.2631169208212
31082,모슬공원,서귀포시,대정읍,서귀포시 대정읍 하모리 1242-10,126.247732685409,33.2264401204308
17226,산이물공원,서귀포시,대정읍,서귀포시 대정읍 하모리 1093,126.247242148971,33.2211753383969
79006,하모어린이공원,서귀포시,대정읍,서귀포시 대정읍 하모리 2140,126.252821118007,33.2187829944557
15541,12코스,서귀포시,대정읍,서귀포시 대정읍 신도리 1382-1,126.191383683474,33.2790964492648
88488,10코스,서귀포시,대정읍,서귀포시 대정읍 상모리 626-1,126.293073108156,33.2173981802236
2754,송악카트체험장,서귀포시,대정읍,서귀포시 대정읍 송악관광로 404,126.289403106405,33.2085334820073
1303,전기차충전소_대정농공단지,서귀포시,대정읍,서귀포시 대정읍 일과리 551-12,126.228972986912,33.2575980313392
5418,제주 곶자왈 도립공원,서귀포시,대정읍,서귀포시 대정읍 에듀시티로 178,126.273571694591,33.2832221526695
68200,형제해안도로,서귀포시,대정읍,서귀포시 대정읍 상모리 4165-125,126.28861298819,33.2048172725722
1415,전기차충전소_신도보건진료소(서부보건소),서귀포시,대정읍,서귀포시 대정읍 도원로 37(신도리 2979-3),126.174263155463,33.2774856232667
1758,전기차충전소_무릉1리마을회(다목적),서귀포시,대정읍,서귀포시 대정읍 무릉중앙로 8(무릉리 3284-1),126.200883659767,33.270999648362
23,제주국제예술센터,서귀포시,대정읍,서귀포시 대정읍 서삼중로 117,126.199583938384,33.2720409326611
922,전기차충전소_보성리사무소,서귀포시,대정읍,서귀포시 대정읍 추사로 93-7(보성리 1568-5),126.273103269902,33.2511676595287
2372,제주도예촌,서귀포시,대정읍,서귀포시 대정읍 영락리 1,126.235017475297,33.2655390295701
60478,아프리카박물관,서귀포시,대포동,서귀포시 대포동 1833,126.429035030853,33.2398600878529
134064,조안베어박물관,서귀포시,대포동,서귀포시 대포동 1959,126.43413360002,33.240270364774
24898,논짓물,서귀포시,대포동,서귀포시 하예동 568,126.388763363278,33.237147682843
11244,제주제트,서귀포시,대포동,서귀포시 대포로 172-5,126.439453588153,33.2384248440952
6802,중문단지 축구장,서귀포시,대포동,서귀포시 대포동 2492,126.433483521577,33.2351263408199
3789,새마을 소공원,서귀포시,대포동,서귀포시 대포동2238 옆,126.443940693101,33.2422535387845
5591,중문승마공원,서귀포시,대포동,서귀포시 이어도로 244(대포동 2270),126.445208032625,33.2422799355432
57850,도남공원,제주시,도남동,제주시 도남동 79-8(독짓골6길 15),126.531710521637,33.4919656934716
76961,시민복지타운근린공원,제주시,도남동,제주시 도남동 749,126.526019872988,33.4894286116811
544111,전기차충전소_제주보건소,제주시,도남동,제주시 연삼로 264,126.52023785153,33.4915999384117
3773,1-35호어린이공원,제주시,도남동,제주시 도남동 88-11,126.52921476176,33.4945840209806
7902,1-37호어린이공원,제주시,도남동,제주시 도남동 46,126.522568860464,33.4959972646482
10811,1-38호어린이공원,제주시,도남동,제주시 도남동 67-20,126.529896001186,33.4905471978209
9567,1-4호어린이공원,제주시,도남동,제주시 도남동 914-13,126.525724981047,33.4994069464601
30672,시민복지타운광장,제주시,도남동,제주시 도남동 582,126.522942279664,33.4916979239795
6640,전기차충전소_시민복지타운근린공원,제주시,도남동,제주시 도남동 755-1,126.525910862373,33.488897246089
102402,전기차충전소_아모렉스리조트,제주시,도두일동,제주시 도두일동 1742,126.470244885172,33.5074884098159
92192,전기차충전소_제주민속오일시장,제주시,도두일동,제주시 오일장서길 26(도두일동),126.474888392629,33.4972470120444
17397,전기차충전소_도두동주민센터,제주시,도두일동,제주시 도두일동 1987-1(도두1길 9-1),126.468193929019,33.5029255197811
148659,제주민속오일장,제주시,도두일동,제주시 도두일동 1212(오일장서길 26),126.474310588115,33.4966125474966
7539,1-53호어린이공원,제주시,도련이동,제주시 도련이동 578-5,126.589909381247,33.5149493101221
83847,삼화제6근린공원,제주시,도련일동,제주시 도련일동 1912,126.583738129256,33.5130292506351
3075,1-56호어린이공원,제주시,도련일동,제주시 도련일동 2264-9,126.585049401577,33.508925989778
54337,전기차충전소_대천동주민센터,서귀포시,도순동,서귀포시 도순동 272-1,126.477811451492,33.2506821490315
107982,서귀포시 자기주도학습지원센터,서귀포시,동홍동,서귀포시 동홍동 402-3,126.570471822883,33.2512111624184
171605,전기차충전소_동홍동주민센터,서귀포시,동홍동,서귀포시 동홍동 577,126.568909428813,33.2578265147447
101747,전기차충전소_서귀포 자기주도학습지원센,서귀포시,동홍동,서귀포시 동홍동 402-3,126.570471822883,33.2512111624184
109436,전기차충전소_정방폭포,서귀포시,동홍동,서귀포시 동홍동 278,126.573159008869,33.2447325480342
587016,전기차충전소_퐁낭 작은 도서관 앞 공영주차장,서귀포시,동홍동,서귀포시 동홍동 470-1,126.572290396103,33.2555940331981
155778,정방폭포,서귀포시,동홍동,서귀포시 동홍동 279-7,126.573833242666,33.2448309739887
34231,양지공원,서귀포시,동홍동,서귀포시 동홍동 420-1,126.575634638411,33.2563500564116
183130,서귀포외국문화학습관,서귀포시,동홍동,서귀포시 중앙로150번길 4-1,126.561952268777,33.2586197088058
52267,제주유아교육진흥원,서귀포시,동홍동,서귀포시 중앙로150번길 4-1,126.561952268777,33.2586197088058
80037,굴왓공원,서귀포시,동홍동,서귀포시 동홍동 1383-2,126.56216156517,33.2602926067522
39768,여명공원,서귀포시,동홍동,서귀포시 동홍동 435-4,126.573149964678,33.2558855081834
23627,태양공원,서귀포시,동홍동,서귀포시 동홍동 82-2,126.573161995753,33.2578693152163
32667,희망공원,서귀포시,동홍동,서귀포시 동홍동 87-4,126.571005192286,33.2578783029491
19340,태평공원,서귀포시,동홍동,서귀포시 동홍동 402-4,126.570288554814,33.2506816328914
19372,서귀포시 테니스공원,서귀포시,동홍동,서귀포시 동홍동 1447,126.564282855014,33.2579588880892
8340,동광어린이공원,서귀포시,동홍동,서귀포시 동홍동 100-3,126.576599992569,33.2575188839199
5824,솔오름 전망대,서귀포시,동홍동,서귀포시 동홍동 2150-1,126.555744044254,33.2917385801195
1079,전기차충전소_서귀포시 중앙교회,서귀포시,동홍동,서귀포시 동홍로 278(동홍동 942),126.56887182662,33.2730605664956
903,왈종미술관,서귀포시,동홍동,서귀포시 동홍동 281-2,126.573696696287,33.2451967487512
74507,세계성문화박물관,서귀포시,법환동,서귀포시 법환동 914,126.509007198211,33.2464675250179
361759,세리월드_동화속미로공원,서귀포시,법환동,서귀포시 법환동 877-3,126.51202818993,33.2470700710303
133901,워터월드,서귀포시,법환동,서귀포시 법환동 914,126.509007198211,33.2464675250179
658974,서귀포시외버스터미널,서귀포시,법환동,서귀포시 법환동 843,126.508211390554,33.2488517108253
511813,전기차충전소_월드컵경기장,서귀포시,법환동,서귀포시 법환동 914(월드컵로 33),126.509007198211,33.2464675250179
126581,제주환상자전거길,서귀포시,법환동,서귀포시 법환동 1541- 앞 CCTV POLE,126.506022564062,33.2315093141655
3391,서귀포 시민공원,서귀포시,법환동,서귀포시 법환동 731-2,126.510083628325,33.2564544072238
59121,전기차충전소_보목하수처리장,서귀포시,보목동,서귀포시 보목동 1411-1,126.59141726771,33.2433374604556
141059,6코스,서귀포시,보목동,서귀포시 보목동 274-5,126.609605877768,33.2404906359689
682,열린쉼터,서귀포시,보목동,서귀포시 보목동 891 보목초등학교옆,126.600024783722,33.2445797571188
3220,햇살정원 제주캠핑장,서귀포시,보목동,서귀포시 보목동 526,126.608309579974,33.2405257817268
20218,전기차충전소_노루생태공원,제주시,봉개동,제주시 봉개동 산51-2,126.626308502394,33.4447384151233
30280,전기차충전소_봉개동주민센터,제주시,봉개동,제주시 봉개동 1824-1,126.594901179693,33.4916273154421
28251,전기차충전소_절물자연휴양림,제주시,봉개동,제주시 명림로 584,126.625203401207,33.4400488067904
723830,절물자연휴양림,제주시,봉개동,제주시 명림로 584(봉개동 산78-1),126.625203401207,33.4400488067904
1078,노루생태관찰원,제주시,봉개동,제주시 봉개동산 51-2,126.626308502394,33.4447384151233
433870,문화예술의 거리,제주시,삼도이동,제주시 관덕로6길 11,126.522207242232,33.5120862132923
1111864,문화의 거리,제주시,삼도이동,제주시 관덕로 16-1,126.521070813538,33.512821940461
149763,제주목관아,제주시,삼도이동,제주시 관덕로 25(삼도이동),126.521803855242,33.5140017079857
150090,제주외국어학습센터,제주시,삼도일동,제주시 삼도일동 305-8(전농로 88),126.522588460938,33.5040124036246
8649,1-1호어린이공원,제주시,삼도일동,제주시 삼도일동 785-1,126.519003915061,33.506063634018
5119,1-2호어린이공원,제주시,삼도일동,제주시 삼도일동 505,126.515866143567,33.5014891806288
6808,1-3호어린이공원,제주시,삼도일동,제주시 삼도일동 547-11,126.521760135373,33.5021879038943
79905,전기차충전소_삼양주민센터,제주시,삼양이동,제주시 삼양이동 2136-9,126.585572950138,33.52182719239
116046,전기차충전소_삼양동 공영주차장,제주시,삼양이동,제주시 삼양이동 2176-13,126.582613160748,33.5197316916244
5459,1-21호어린이공원,제주시,삼양이동,제주시 삼양이동 2154-1,126.580091398326,33.5200833546615
6647,1-27호어린이공원,제주시,삼양이동,제주시 삼양이동 2130-1,126.583180865647,33.5221303052132
18106,1-28호어린이공원,제주시,삼양이동,제주시 삼양이동 2179-10,126.583921949437,33.5202271018702
4551,1-29호어린이공원,제주시,삼양이동,제주시 삼양이동 2100-2,126.581977244578,33.5242251542806
27324,삼화제3근린공원(매화공원),제주시,삼양이동,제주시 삼양이동 2329,126.585625763353,33.5177042975229
28609,전기차충전소_제주삼양유적지,제주시,삼양일동,제주시 삼양일동 1660-5,126.588008943338,33.5236112745595
4629,1-22호공원,제주시,삼양일동,제주시 삼양일동 1593-1,126.593781041924,33.5290959682707
3977,1-23호어린이공원,제주시,삼양일동,제주시 삼양일동 1647-12,126.590513413346,33.5260532462241
806,전기차충전소_그루터기,제주시,삼양일동,제주시 원당북로 65,126.600141647479,33.5330212783381
96545,대유ATV수렵사격랜드,서귀포시,상예동,서귀포시 상예동 144,126.395262483879,33.2776656824111
22584,전기차충전소_예래동주민센터,서귀포시,상예동,서귀포시 예래로 82,126.39786991057,33.2542809792679
9124,제주유리박물관,서귀포시,상예동,서귀포시 상예동 4303,126.37006365526,33.2781921420105
139929,돈내코,서귀포시,상효동,서귀포시 상효동 1460,126.584502095782,33.3003154806399
57545,상효원,서귀포시,상효동,서귀포시 상효동 산25,126.585270489249,33.3067006404859
40459,제주한란전시관,서귀포시,상효동,서귀포시 상효동 1421-15,126.59067799683,33.2963372710066
460,돈내코 한라산 탐방안내소,서귀포시,상효동,서귀포시 상효동 산 1,126.563204196388,33.3275094508865
452043,믿거나말거나박물관,서귀포시,색달동,서귀포시 색달동 2864-2,126.412828394064,33.2512247836138
12452,제주다원,서귀포시,색달동,서귀포시 색달동 산 50,126.422882938008,33.2904534331843
342184,중문·색달해변,서귀포시,색달동,서귀포시 색달동2822-9,126.413896762712,33.245179308007
1547150,중문관광단지,서귀포시,색달동,서귀포시 색달동 3311-17,126.414285616682,33.2450191182757
413690,테디베어뮤지엄,서귀포시,색달동,서귀포시 색달동 2889,126.412150380782,33.24998058856
31236,1100고지 휴게소,서귀포시,색달동,서귀포시 색달동 산 1-1,126.463405399685,33.3579373302406
657,녹차미로공원,서귀포시,색달동,서귀포시 색달동 산 51-4,126.422421654801,33.2935614159543
393444,7-1코스,서귀포시,서귀동,서귀포시 서귀동 316-1,126.558708455169,33.2474136064753
1160822,솔동산 문화의 거리,서귀포시,서귀동,서귀포시 서귀동 573-11,126.564587219714,33.2446708277364
787552,이중섭거리,서귀포시,서귀동,서귀포시 서귀동 523-2,126.563989639671,33.2458633051922
55727,전기차충전소_서귀포성당 뒤 주차장,서귀포시,서귀동,서귀포시 서귀동 600-3,126.562888225443,33.2436762298884
598124,전기차충전소_아랑조을거리 공영주차장,서귀포시,서귀동,서귀포시 서귀동 312-6,126.560344942436,33.2478025050288
230883,전기차충전소_자치경찰단 서귀포지역경찰대,서귀포시,서귀동,서귀포시 서귀동 556-15,126.565630911674,33.2449584908717
478908,제주권역재활병원,서귀포시,서귀동,서귀포시 서귀동 284-1,126.562344139998,33.2527761859668
1655274,칠십리 음식 특화거리,서귀포시,서귀동,서귀포시 서귀동 20-1,126.567331400178,33.2423724983228
392748,중앙공원,서귀포시,서귀동,서귀포시 서귀동 277-1(중앙로62번길 18),126.563411006295,33.2501694464541
35334,전기차충전소_정방동 공영주차장,서귀포시,서귀동,서귀포시 서귀동 403-3,126.565301863643,33.2478321011475
26283,천지공원,서귀포시,서귀동,서귀포시 서귀동 304-4,126.558363866831,33.2512389917024
33933,정모시공원,서귀포시,서귀동,서귀포시 서귀동 109,126.571567505597,33.2463398239635
49024,제석공원,서귀포시,서귀동,서귀포시 서귀동 165-1,126.566330288072,33.2460481181144
32826,작가의산책길,서귀포시,서귀동,서귀포시 서귀동 810-1 화장실,126.556648221668,33.2467942526653
8971,전기차충전소_서귀동 공영주차장,서귀포시,서귀동,서귀포시 서귀동 28-3,126.566608221348,33.2428699352453
1562,미래1공원,서귀포시,서호동,서귀포시 서호동 1150,126.512801220243,33.2591725783766
2851,신학공원,서귀포시,서호동,서귀포시 서호동 1473-4,126.511924874125,33.2516612048109
1471,미래2공원,서귀포시,서호동,서귀포시 서호동 1453,126.511583670105,33.2572860175399
4722,오름어린이 공원,서귀포시,서호동,서귀포시 서호동 1533,126.521950487226,33.2536315240973
81581,기당미술관,서귀포시,서홍동,서귀포시 서홍동 621,126.551727094022,33.2446420933434
381138,세계조가비박물관,서귀포시,서홍동,서귀포시 서홍동 557-1,126.551683118452,33.2475390531659
189937,외돌개,서귀포시,서홍동,서귀포시 서홍동 784-4,126.546777930726,33.2409417180851
990420,전기차충전소_서귀포시청 1청사 1층 지하주차장,서귀포시,서홍동,서귀포시 서홍동 440-1,126.559992263106,33.2539840951257
227388,전기차충전소_서귀포예술의전당,서귀포시,서홍동,서귀포시 서홍동 551-1,126.550392178392,33.2462312671101
592448,걸매생태공원,서귀포시,서홍동,서귀포시 서홍동 1201,126.554263356984,33.2513883690129
479784,새연교,서귀포시,서홍동,서귀포시 서홍동 707-6(남성중로 40),126.558767348499,33.2391731785422
1492878,천지연폭포,서귀포시,서홍동,서귀포시 서홍동 666-1,126.559798168615,33.2447309695007
958813,칠십리공원,서귀포시,서홍동,서귀포시 서홍동 571,126.553780960251,33.2473000918099
76557,서귀포지방법원,서귀포시,서홍동,서귀포시 서홍동 441-12,126.559393141066,33.2530210170833
6186,서홍동 어린이 공원,서귀포시,서홍동,서귀포시 서홍동 1614-4,126.553608603708,33.2646517726961
28144,솜반내(솜반천),서귀포시,서홍동,서귀포시 서홍동 1222,126.553180080208,33.2538528724547
10091,황우지해안,서귀포시,서홍동,서귀포시 서홍동 795-1,126.548102419629,33.2405417950496
168992,1코스,서귀포시,성산읍,성산읍 시흥리 12-64,126.908369607362,33.47793671828
167672,2코스,서귀포시,성산읍,서귀포시 성산읍 고성리 1421-1 앞,126.908577912083,33.4496423005353
428499,모구리야영장,서귀포시,성산읍,서귀포시 성산읍 난산리 2960-1,126.827672690118,33.4078916295898
44247,블루마운틴커피테마파크,서귀포시,성산읍,서귀포시 성산읍 삼달리 1510-1,126.837367457383,33.3799193816407
152317,섭지코지,서귀포시,성산읍,서귀포시 성산읍 고성리 62-1,126.92960195053,33.4236955945943
2091529,성산일출봉,서귀포시,성산읍,서귀포시 성산읍 성산리 104-1,126.936990472753,33.4632335598402
506480,성산포항,서귀포시,성산읍,서귀포시 성산읍 성산리 347-9,126.932306844873,33.4724860156059
275787,아쿠아플라넷,서귀포시,성산읍,서귀포시 성산읍 고성리 127-1,126.926964767755,33.433178604176
69652,일출랜드,서귀포시,성산읍,서귀포시 성산읍 삼달리 1010,126.842173326269,33.3829541279546
158546,전기차충전소_KT성산포지점,서귀포시,성산읍,서귀포시 성산읍 고성리 1106-7,126.911707640368,33.4467684277243
211515,전기차충전소_성산읍 공영주차장,서귀포시,성산읍,서귀포시 성산읍 고성리 327-1,126.916685519851,33.4485644564206
240830,전기차충전소_성산읍사무소,서귀포시,성산읍,서귀포시 성산읍 고성리 1023-2,126.911014584971,33.4424485794568
219960,전기차충전소_성산일출봉,서귀포시,성산읍,서귀포시 성산읍 성산리 114-3,126.93529431573,33.462044274515
15185,전기차충전소_일출랜드,서귀포시,성산읍,서귀포시 성산읍 삼달리 1010,126.842173326269,33.3829541279546
9833,제주공룡휴게소박물관,서귀포시,성산읍,서귀포시 성산읍 난산리 2515,126.844906372447,33.4065962049663
39903,혼인지,서귀포시,성산읍,서귀포시 성산읍 온평리 1702-1,126.894918374535,33.414969660782
86672,동부외국문화학습관,서귀포시,성산읍,서귀포시 성산읍 일주동로 4318,126.911089367252,33.4429382085917
21551,전기차충전소_신산청소년문화의집,서귀포시,성산읍,서귀포시 성산읍 일주동로 5101-1,126.877291306019,33.3812644154402
2108,제주해양동물박물관,서귀포시,성산읍,서귀포시 성산읍 수산리 3233,126.855542180921,33.4296608197667
123176,3-B코스,서귀포시,성산읍,서귀포시 성산읍 온평리 1001-6,126.903962217745,33.4053167061469
4073,3코스,서귀포시,성산읍,서귀포시 성산읍 신산리 32-5 앞,126.897798676009,33.3890176370029
20428,신양연안바다목장,서귀포시,성산읍,서귀포시 성산읍 고성리 186-5,126.922780108682,33.4363086357057
14065,플레이스 캠프 제주,서귀포시,성산읍,서귀포시 성산읍 동류암로 20,126.918168422686,33.4498632234159
2346,3-A코스,서귀포시,성산읍,서귀포시 성산읍 신천리 382,126.85365344482,33.3394540436508
3205,성산.오조 지질트레일,서귀포시,성산읍,서귀포시 성산읍 오조리 259-1,126.914963531561,33.4632880286052
8372,쇠와꽃 승마장,서귀포시,성산읍,서귀포시 성산읍 고성리 354-1,126.920240762983,33.4471823694623
4276,신천리 벽화마을,서귀포시,성산읍,서귀포시 성산읍 신천리 478-1(신천리 복지회관앞 CCTV),126.849580035623,33.3443858510457
3503,오조리 게이트볼장,서귀포시,성산읍,서귀포시 성산읍 오조리 829 - 4,126.914461018985,33.4610369048699
2623,전기차충전소_온평리마을회(온평리사무소),서귀포시,성산읍,서귀포시 성산읍 온평애향로23번길 6(온평리 840-1),126.900173626517,33.408122524818
8221,전기차충전소_동부소방서,서귀포시,성산읍,서귀포시 성산읍 일주동로 4120번길 7,126.909648974203,33.4602889421094
4899,제주쥬티클럽,서귀포시,성산읍,서귀포시 성산읍 신양로 113,126.922073932336,33.4367626972931
375,전기차충전소_제주자연생태공원주차장,서귀포시,성산읍,서귀포시 성산읍 금백조로 446(수산리 4711-1),126.822048928836,33.4405555582142
1886,초록동산,서귀포시,성산읍,서귀포시 성산읍 온평리 1577,126.896740479698,33.4081546978849
1692,오션파크,서귀포시,성산읍,서귀포시 성산읍 시흥리 12-97,126.907923414723,33.4779559524959
444,전기차충전소 제주자연생태공원주차장,서귀포시,성산읍,서귀포시 성산읍 금백조로 446(수산리 4711-1),126.822048928836,33.4405555582142
171158,서귀포감귤박물관,서귀포시,신효동,서귀포시 신효동 1200-6,126.607339318578,33.2713733937788
71512,전기차충전소_제주시자치경찰단,제주시,아라이동,제주시 아라이동 1371-2,126.544224922605,33.484977118754
6670,전기차충전소_한국교통방송제주본부,제주시,아라이동,제주시 기자길 101(아라이동),126.549958047811,33.478412451844
577919,전기차충전소_아라동주민센터,제주시,아라일동,제주시 중앙로 527,126.544989656136,33.4763045916076
22470,전기차충전소_한국폴리텍대학 제주캠퍼스,제주시,아라일동,제주시 산천단동3길 2(아라일동),126.561310328708,33.4487566359715
480439,제주의료원 부속 요양병원,제주시,아라일동,제주시 산천단남길 10(아라일동 4-17),126.560846900382,33.4448911815459
212215,115호공원,제주시,아라일동,제주시 아라일동 6071,126.54291822786,33.4718935710357
169361,117호공원,제주시,아라일동,제주시 아라일동 6077(아란빌라앞),126.544799637638,33.4695806841664
9431,전기차충전소_제주대학교 병원,제주시,아라일동,제주시 아라동 1753-3,126.545528234836,33.4671947544509
22601,전기차충전소_인재개발원,제주시,아라일동,제주시 아라일동 368-20(산천단동길 26),126.559873906504,33.4471513834835
83197,건강과성박물관,서귀포시,안덕면,서귀포시 안덕면 감산리 1404,126.346811029997,33.2550553519867
387657,사계 해변,서귀포시,안덕면,서귀포시 안덕면 사계리 2071-1,126.307697240623,33.2282226491642
166418,사계 해안도로,서귀포시,안덕면,서귀포시 안덕면 사계리 3530-7,126.2950409645,33.2212692608971
346743,산방산,서귀포시,안덕면,서귀포시 안덕면 사계리 181-2,126.312751393747,33.2367248826949
239978,세계자동차박물관,서귀포시,안덕면,서귀포시 안덕면 상창리 2065-4,126.349917297658,33.2832142701782
361654,소인국테마파크,서귀포시,안덕면,서귀포시 안덕면 서광리 725,126.322731451749,33.2906975519851
21972,이상한나라의 앨리스,서귀포시,안덕면,서귀포시 안덕면 서광리 717-3,126.321682053733,33.2889764265794
122180,전기차충전소_GS25 서광점,서귀포시,안덕면,서귀포시 안덕면 중산간서로 1882,126.322006089609,33.2892347025808
113380,전기차충전소_동광로터리 주차장,서귀포시,안덕면,서귀포시 안덕면 동광리 827,126.341618849475,33.310940004277
145259,전기차충전소_안덕계곡,서귀포시,안덕면,서귀포시 안덕면 감산리 345,126.35311100365,33.2576063192603
121851,전기차충전소_안덕면사무소,서귀포시,안덕면,서귀포시 안덕면 화순리 1961-1,126.330591114751,33.2573593685924
65604,전기차충전소_안덕생활체육관,서귀포시,안덕면,서귀포시 안덕면 화순서서로 59,126.32857041329,33.2549408014355
63187,전기차충전소_안덕우체국 뒤 주차장,서귀포시,안덕면,서귀포시 안덕면 화순리 1072,126.335237036785,33.2463149706433
138205,제주서커스월드,서귀포시,안덕면,서귀포시 안덕면 동광리 886,126.344602641455,33.31438414386
196689,카멜리아힐,서귀포시,안덕면,서귀포시 안덕면 상창리 271,126.369804744145,33.2897834216618
164873,토이파크,서귀포시,안덕면,서귀포시 안덕면 동광리 383,126.345676499188,33.3189969285297
215673,헬로키티 아일랜드,서귀포시,안덕면,서귀포시 안덕면 상창리 1963-2,126.352091777668,33.2900918522971
28087,화순 곶자왈 생태탐방숲길,서귀포시,안덕면,서귀포시 안덕면 화순리 2045,126.331409783562,33.2656475361695
227060,화순 금모래해변,서귀포시,안덕면,서귀포시 안덕면 화순리 776-8번지,126.335648464354,33.2396158073822
37551,9코스,서귀포시,안덕면,서귀포시 안덕면 감산리 982-1,126.361508636481,33.2374531037864
32220,전기차충전소_안덕 청소년 문화의 집,서귀포시,안덕면,서귀포시 안덕면 화순리 1298-13,126.337114515457,33.2496380727861
2439,사계어린이공원,서귀포시,안덕면,서귀포시 안덕면 사계리 3589,126.321767454525,33.2498588968966
3203,본태박물관,서귀포시,안덕면,서귀포시 안덕면 상천리 380,126.392502224295,33.3038309634085
14457,사계항,서귀포시,안덕면,서귀포시 안덕면 사계리 2147-32,126.30627667846,33.2281236723296
7799,전기차충전소_서부소방서 안덕 119센터,서귀포시,안덕면,서귀포시 안덕면 화순서서로 2(화순리 1160-10),126.330857823546,33.2512032213501
3144,전기차충전소_안덕종합복지관,서귀포시,안덕면,서귀포시 안덕면 화순로 121-6(화순리 1063-8),126.333088652391,33.2458898972979
2873,피규어뮤지엄 제주,서귀포시,안덕면,서귀포시 안덕면 상창리 1875-8,126.355503038615,33.2819222236415
565,산방정궁도장,서귀포시,안덕면,서귀포시 안덕면 덕수리 산27,126.322922766931,33.2576846280159
285839,16코스,제주시,애월읍,제주시 애월읍 고내리 1114,126.337320972768,33.4668986901855
215438,곽지과물해변,제주시,애월읍,제주시 애월읍 곽지리 1565번지,126.305537194637,33.4507837937137
248508,애월해안로,제주시,애월읍,제주시 애월읍 애월해안로 262 앞,126.339752973871,33.4678780769047
94241,전기차충전소_애월119센터,제주시,애월읍,제주시 애월읍 일주서로 6513,126.348761047496,33.4666644100904
123949,전기차충전소_애월도서관,제주시,애월읍,제주시 애월읍 고내리 1364,126.331266172869,33.4632097052692
74017,전기차충전소_애월읍사무소,제주시,애월읍,제주시 애월읍 애월리 240,126.329413266138,33.4621259980183
48904,제주공룡랜드,제주시,애월읍,제주시 애월읍 광령평화2길 1,126.432360687436,33.4427760245733
49703,제주장미불빛축제,제주시,애월읍,제주시 애월읍 유수암리 1083,126.409058110567,33.4223604486183
525347,한담해변,제주시,애월읍,제주시 애월읍 애월리 2459-1,126.311052034755,33.4596000559075
9387,빅볼랜드,제주시,애월읍,제주시 애월읍 어음리 산 3(산록서로 15),126.375517875656,33.3896876132124
52696,전기차충전소_하귀농협 복지센터,제주시,애월읍,제주시 애월읍 하귀2리 1763-1(일주서로 7020),126.400601795278,33.4814402318453
15476,전기차충전소_하귀농협 장례식장,제주시,애월읍,제주시 애월읍 광령리 3672-1(애조로 405),126.426658813936,33.4730594467156
4341,항파두리 항몽유적지,제주시,애월읍,제주시 애월읍 상귀리 1012(항파두리로 50),126.40788826742,33.4525589155955
26194,근린공원,제주시,애월읍,제주시 애월읍 하귀1리 200-14,126.414273395497,33.482099294264
6921,하귀1근린공원,제주시,애월읍,제주시 애월읍 하귀1리 199,126.413863118297,33.4848829916761
1594,전기차충전소_납읍리보건소,제주시,애월읍,제주시 애월읍 납읍로2길 2(납읍리 1576-13),126.330126068543,33.438727441298
68711,새별오름,제주시,애월읍,제주시 애월읍 봉성리 4554-14,126.358635424585,33.3630943854955
7016,농업기술원(농산물원종장 홍보관),제주시,애월읍,제주시 애월읍 월각로 563-20(봉성리 951-7)(농산물원종장 1층 로비),126.328574250015,33.3755194278588
2267,노꼬메오름,제주시,애월읍,제주시 애월읍 소길리 산 255-4,126.397876687123,33.3914079143708
25417,전기차충전소_중엄리복지회관(새마을회),제주시,애월읍,제주시 애월읍 중용길 6(신엄리 706),126.372792381516,33.4726778597351
1173,쉼터마을 유수암리 농어촌체험마을,제주시,애월읍,제주시 애월읍 유수암리 1904-1,126.401885055613,33.4415586204172
2822,연화지,제주시,애월읍,제주시 애월읍 하가리 1375-1(고하상로 122),126.348544516161,33.4556039548685
1951,전기차충전소_고성2리 경로당,제주시,애월읍,제주시 애월읍 고성남1길 1(고성리 136-1),126.425246179465,33.4356256099307
2459,화조원,제주시,애월읍,제주시 애월읍 납읍리 58,126.371563626374,33.4111340552808
374,전기차충전소_어음1리사무소,제주시,애월읍,제주시 애월읍 어음리 3627-1,126.332495721076,33.4163004369338
1780,전기차충전소_농업기술원(농산물원종장 홍보관),제주시,애월읍,제주시 애월읍 월각로 563-20(봉성리 951-7)(농산물원종장 1층 로비),126.328574250015,33.3755194278588
98232,꿈바당도서관,제주시,연동,제주시 연동 463,126.499963594356,33.4806553218446
1170523,누웨모루거리(구 바오젠거리),제주시,연동,제주시 연동 272-56,126.490911382443,33.4890683758516
376985,삼다공원,제주시,연동,"제주시 연동 301-15(모이세해장국방향,도교육청 쪽)",126.497120334697,33.4903658738056
38766,수목원테마파크,제주시,연동,제주시 연동 1320,126.48835998234,33.4705945023669
21351,전기차충전소_보건환경연구원,제주시,연동,제주시 연동 1452-1,126.4950661309,33.4799559351145
79354,전기차충전소_설문대여성문화센터,제주시,연동,제주시 연동 324-10,126.500492828552,33.4844053798653
234380,전기차충전소_제주도의회,제주시,연동,제주시 연동 311-45,126.49886679219,33.490131051519
482526,전기차충전소_제주도청,제주시,연동,제주시 연동 312-1,126.498089693916,33.4888985854354
58999,전기차충전소_한라수목원,제주시,연동,제주시 연동 998,126.491048587023,33.4699313580353
119838,제원어린이공원,제주시,연동,제주시 연동 252-23(제원3길 31-1),126.486249642808,33.4873954376127
116214,제주러브랜드,제주시,연동,제주시 1100로 2894-72(연동),126.48848296302,33.452111123015
563175,한라수목원,제주시,연동,제주시 수목원길 72(연동),126.493243993723,33.4695867470126
510654,삼무공원,제주시,연동,제주시 연동 271-9(신대로10길 53),126.491004478906,33.4908119861114
177846,전기차충전소_수목원테마파크,제주시,연동,제주시 연동 1320,126.48835998234,33.4705945023669
31929,장수물공원,제주시,연동,제주시 연동 310-33(연동 311-33),126.498883610494,33.4921990111854
87887,전기차충전소_제주도 교육청,제주시,연동,제주시 연동 311-46(문연로 5),126.497983228882,33.4902681236701
73816,전기차충전소_제주도청 2청사 후문 공영주차장,제주시,연동,제주시 연동 322-8,126.500039572145,33.4882179211537
103785,46호공원,제주시,연동,제주시 연동 1962-1,126.483626642594,33.4906317081722
148736,연동공원,제주시,연동,제주시 연동 1369,126.488355213995,33.4823512639193
5903,1-68호어린이공원,제주시,연동,제주시 연동 1504-2,126.491439990973,33.479685236962
6018,1-6호어린이공원,제주시,연동,제주시 연동 293-6,126.494291075209,33.4870616553065
119831,제주도청,제주시,연동,제주시 문연로 6,126.497722598412,33.4882207234688
3127,1-9호공원,제주시,연동,제주시 연동 266-2,126.488823912879,33.483171483561
11472,전기차충전소_양지공원,제주시,영평동,제주시 516로 2810-31,126.578902710556,33.44049962005
6865,제주종합비지니스센터,제주시,영평동,제주시 영평동 2170-4(첨단로 213-65),126.572780373752,33.4524081407424
433,전기차충전소_영평하동 마을회관,제주시,영평동,제주시 영강길 142,126.573894427308,33.4863082209678
95111,전기차충전소_관음사 휴게소,제주시,오등동,제주시 오등동 산180-3,126.550590248156,33.4219407318184
10167,관음사(야영장),제주시,오등동,제주시 오등동 산 180-3,126.550590248156,33.4219407318184
844,전기차충전소_제주교도소 민원인 주차장,제주시,오등동,제주시 정실동길 51,126.514997745643,33.4627871943814
2101,산악박물관(관음사),제주시,오등동,제주시 오등동 산 180-3,126.550590248156,33.4219407318184
119439,전기차충전소_한라도서관,제주시,오라이동,제주시 오라이동 899-3,126.515931881312,33.4763115417707
307809,전기차충전소_제주종합경기장,제주시,오라일동,제주시 오라일동 1137,126.515240097062,33.4963798460779
187647,제주종합경기장,제주시,오라일동,제주시 오라일동 1137(서광로2길 24),126.515240097062,33.4963798460779
193561,17코스,제주시,외도이동,제주시 월대6길 5,126.435988376222,33.4935250574689
436640,전기차충전소_롯데리아 제주외도 DT,제주시,외도이동,제주시 외도이동 343-9,126.430706160456,33.4932503510472
301601,전기차충전소_외도동주민센터,제주시,외도이동,제주시 일주서로 7350,126.432122115434,33.4929257850648
101446,전기차충전소_외도구획정리지구,제주시,외도일동,제주시 외도일동 482-1,126.432571885757,33.4899265483754
10312,1-70호어린이공원,제주시,외도일동,제주시 외도일동 634-6,126.430027959627,33.4857217655375
9998,1-72호어린이공원,제주시,외도일동,제주시 외도일동 442-5,126.430083805354,33.4906164761276
6820,1-73호어린이공원,제주시,외도일동,제주시 외도일동 455-1,126.427601537346,33.4900899578845
26874,1-76호공원,제주시,외도일동,제주시 외도일동 523-3,126.4321831722,33.4885336167751
10867,1-77호공원,제주시,외도일동,제주시 외도일동 453-2,126.433880847861,33.4907888638444
2302,전기차충전소_제주장애인스포츠센터,제주시,외도일동,제주시 외도일동 173-1,126.436915014279,33.4861041475462
1560,1-75호어린이공원,제주시,외도일동,제주시 외도일동 493-3,126.42837227558,33.4880616059945
226604,한라생태숲,제주시,용강동,제주시 516로 2596(용강동),126.597133677587,33.4309974019011
4469,제주 마방목지,제주시,용강동,제주시 용강동 산 14-34(516로 2480),126.606121313785,33.4283929477734
277155,용담레포츠공원,제주시,용담삼동,제주시 용담삼동 1089(서해안로 580),126.498976504587,33.5183418023562
589762,용담해안 카페촌거리,제주시,용담삼동,제주시 서해안로 452 앞,126.487783558057,33.5177092708978
1419504,제주국제공항,제주시,용담이동,제주시 용담이동 2002,126.49313255015,33.5077816117418
2510,전기차충전소_제주공항 입구 공영주차장,제주시,용담이동,제주시 용담이동 1611-2,126.495860461995,33.503074902852
1204644,서문가구거리,제주시,용담일동,제주시 서문로 42,126.51581677223,33.5106841324702
180786,제주서문시장,제주시,용담일동,제주시 서문로4길 13-2,126.517906226919,33.5113511633008
444879,하우목동항,제주시,우도면,제주시 우도면 연평리 2391-1(우도해안길 353),126.943200541511,33.5103880383036
6371,우도 한반도여,제주시,우도면,제주시 우도면 연평리 1723,126.956232215768,33.4915308667378
92212,우도봉,제주시,우도면,제주시 우도면 연평리 343-2,126.95958864218,33.4936601561275
56228,우도 망루등대,제주시,우도면,제주시 우도면 연평리 790-1 (우도자연 앞),126.954411736606,33.5241682447149
328701,하고수동해수욕장,제주시,우도면,제주시 우도면 연평리 682-6,126.959680530847,33.5122489142232
297753,검멀레해수욕장,제주시,우도면,제주시 우도면 연평리 318-1,126.96721342417,33.4983468768627
76895,우도면복지회관,제주시,우도면,제주시 우도면 연평리 1457-1,126.954093053487,33.5069398645578
620310,천진항,제주시,우도면,제주시 우도면 연평리 1748-3 앞,126.950885415729,33.4937551970773
328662,서빈백사해수욕장,제주시,우도면,제주시 우도면 연평리 2512-3,126.943316830693,33.5030482295725
42826,우도비양도,제주시,우도면,제주시 우도면 연평리 33-2,126.964939777591,33.5129484447649
9900,우도해변공연장,제주시,우도면,제주시 우도면 연평리 66,126.965318445659,33.5115573785975
1204,전기차충전소_우도면 조일리사무소,제주시,우도면,제주시 우도면 우도비양길 89(연평리 610-1),126.962894056926,33.5098034194017
267466,이도공원,제주시,이도이동,제주시 이도이동 440,126.544139969573,33.4972481379989
322911,전기차충전소_일도이동공영주차장,제주시,이도이동,제주시 일도이동 488-2,126.543757721644,33.5105620815722
624806,전기차충전소_제주시청,제주시,이도이동,제주시 이도 2동 1176-1,126.53135203108,33.4998056739686
123030,수운근린공원,제주시,이도이동,제주시 이도이동 371,126.539661725269,33.5003146695695
17967,제주교육박물관,제주시,이도이동,제주시 이도이동 539-14(오복4길 25),126.538281616513,33.4943839929653
108651,한마음공원,제주시,이도이동,제주시 이도이동 1942-1,126.544711395507,33.495540366451
124445,제주도서관,제주시,이도이동,제주시 이도이동 414(연삼로 489),126.54129052008,33.5006347351343
337559,전기차충전소_영락교회 인근 공영주차장,제주시,이도이동,제주시 일도이동 488-1,126.544164020654,33.5106437287138
270448,전기차충전소_벤처마루 후문,제주시,이도이동,제주시 이도이동 1176-53(동광로2길 13),126.531073739111,33.5002048379828
5881,1-33호어린이공원,제주시,이도이동,제주시 이도이동 1077-5,126.536913608996,33.4940981318165
7194,1-30호어린이공원,제주시,이도이동,제주시 이도이동 1044-5,126.535587531803,33.4984362340236
7001,1-31호어린이공원,제주시,이도이동,제주시 이도이동 1073,126.537776573975,33.495626309235
6619,1-32호어린이공원,제주시,이도이동,제주시 이도이동 1053,126.534284347872,33.4968865532691
3903,1-39호어린이공원,제주시,이도이동,제주시 이도이동 375-1,126.537978392517,33.5001141108122
9952,1-40호공원,제주시,이도이동,제주시 이도이동 404,126.540793575368,33.4974911127477
341126,삼성혈,제주시,이도일동,제주시 삼성로 22(이도일동 1313),126.528596720964,33.5054524412427
874488,삼성혈 문화의 거리,제주시,이도일동,제주시 중앙로 23길 20,126.526780807146,33.5074713943904
201571,전기차충전소_삼성혈 인근 공영주차장,제주시,이도일동,제주시 이도일동 1293-1,126.530398077725,33.5046187281063
143239,제주시민회관,제주시,이도일동,제주시 고전길 26(이도일동),126.525132495029,33.5083664981938
3892,갤러리둘하나,제주시,이도일동,제주시 이도일동 1695-10(중앙로25길 17),126.527039811321,33.5068074598578
352427,이호테우해변(이호테우해수욕장),제주시,이호일동,제주시 서해안로 45-18,126.454949167485,33.4997094277495
31523,전기차충전소_이호동주민센터,제주시,이호일동,제주시 백포서길 9,126.458102481739,33.4998127867455
2008758,고마로 거리,제주시,일도이동,제주시 고마로 137,126.543012370087,33.5024583483656
779391,국수문화거리,제주시,일도이동,제주시 삼성로 63,126.531931946173,33.5079668228328
420900,신산공원,제주시,일도이동,제주시 일도이동 1034-12(삼성로 63),126.531886498297,33.5079724213028
305855,전기차충전소_문예회관,제주시,일도이동,제주시 일도이동 852(동광로 69),126.535189787259,33.5044777566029
27095,17호공원,제주시,일도이동,제주시 일도이동 372-18(천수동로2길 29),126.5435941686,33.5085245128645
44308,41호공원,제주시,일도이동,제주시 일도이동 65(연수로1길 28),126.544748429326,33.5022599876777
41020,42호공원,제주시,일도이동,제주시 일도이동 87-12(태성로3길 15),126.546667776768,33.5000959888975
58700,민속자연사박물관,제주시,일도이동,제주시 일도이동 996-1(삼성로 40),126.531509341086,33.5063419099635
9768,1-15호어린이공원,제주시,일도이동,제주시 일도이동 355-8,126.540556271223,33.5089217050772
11507,1-14호어린이공원,제주시,일도이동,제주시 일도이동 318,126.537262740878,33.5099442938
13457,1-16호어린이공원,제주시,일도이동,제주시 일도이동 337,126.536298824954,33.5069586755726
4593,1-18호어린이공원,제주시,일도이동,제주시 일도이동 405-3,126.543405859001,33.5063044599711
10389,전기차충전소_6호광장 서쪽 공영주차장,제주시,일도이동,제주시 일도이동 510,126.544234081029,33.5117328386037
404131,18코스,제주시,일도일동,제주시 관덕로8길 7-9,126.524319628046,33.5125707427631
738083,영화의거리,제주시,일도일동,제주시 관덕로15길 23,126.526662736819,33.5152408515607
6486354,제주동문시장,제주시,일도일동,제주시 일도일동 1484-7 앞,126.526761191896,33.5115889753494
1154478,지하상가,제주시,일도일동,제주시 일도일동 1425-3,126.524678267121,33.5132768023436
1647090,칠성로 쇼핑거리,제주시,일도일동,제주시 관덕로9길 1,126.523852871583,33.5138017841227
118881,탐라문화광장,제주시,일도일동,제주시 일도일동 1476-11(관덕로 67),126.526589143125,33.5133385756047
50319,북수구광장,제주시,일도일동,제주시 일도일동 1211(칠성로길 48) 앞,126.527785316575,33.5141391551727
191031,교래자연휴양림,제주시,조천읍,제주시 조천읍 남조로 2023,126.656710998359,33.4513645690599
593419,만세공원,제주시,조천읍,제주시 조천읍 조천리 1142-1,126.642241261276,33.5406244288009
50355,선녀와나무꾼 테마공원,제주시,조천읍,제주시 조천읍 선흘리 1997,126.703473316828,33.4790114787932
48837,선흘곶자왈 생태숲,제주시,조천읍,제주시 조천읍 선흘리 924,126.71528091814,33.5095127332385
137882,에코랜드테마파크,제주시,조천읍,제주시 조천읍 번영로 1278-169,126.668852765522,33.4553485144602
74864,전기차충전소_성판악휴게소,제주시,조천읍,제주시 조천읍 교래리 산137-2,126.59393498314,33.3855952062587
82944,전기차충전소_조천119센터,제주시,조천읍,제주시 조천읍 신북로 337,126.646877231961,33.5410795156401
100116,전기차충전소_조천읍사무소,제주시,조천읍,제주시 조천읍 신북로 194,126.634257277525,33.5348243365723
102524,전기차충전소_조천체육관,제주시,조천읍,제주시 조천읍 조천리 1176-1,126.642714732969,33.539012577717
52005,제주돌문화공원,제주시,조천읍,제주시 조천읍 남조로 2023,126.656710998359,33.4513645690599
79578,제주세계자연유산센터,제주시,조천읍,제주시 조천읍 선교로 569-36,126.714752055141,33.4569198735739
102524,조천체육관,제주시,조천읍,제주시 조천읍 조천리 1176-1,126.642714732969,33.539012577717
1830886,함덕 서우봉 해변,제주시,조천읍,제주시 조천읍 함덕리 산14-1번지,126.670043830018,33.5434400380203
174005,함덕1호어린이공원,제주시,조천읍,제주시 조천읍 함덕리 4154-3,126.675535107387,33.5394300191768
32196,북촌돌하르방공원,제주시,조천읍,제주시 조천읍 북촌서1길 70,126.688812252251,33.538847495859
40042,전기차충전소_제주도 상하수도본부,제주시,조천읍,제주시 조천읍 중산간동로 601,126.650137157232,33.4995583353018
1326,갓전시관,제주시,조천읍,제주시 조천읍 남조로 1904,126.67069358681,33.4372107533967
240003,샘물공원,제주시,조천읍,제주시 조천읍 함덕리 272-74,126.675126518587,33.5404664108837
8911,제주다문화교육센터,제주시,조천읍,제주시 조천읍 신흥리 94(신흥로 2길 2-21),126.653814975661,33.548254766137
10878,교래닭특화거리,제주시,조천읍,제주시 조천읍 교래리 534 앞,126.67744796759,33.437265920816
5607,너븐숭이4.3기념관,제주시,조천읍,제주시 조천읍 북촌리 1599,126.688603660874,33.5460656659971
2861,전기차충전소_조천도서관,제주시,조천읍,제주시 조천읍 일주동로 1189,126.667619639892,33.5377042045143
8567,에코촌 유스호스텔,제주시,조천읍,제주시 조천읍 선흘리 2610,126.704187868174,33.5169038268687
1635,전기차충전소_함덕광명샤인빌,제주시,조천읍,제주시 조천읍 함덕30길 27,126.677022147729,33.5380180446601
1236,전기차충전소_에코촌 유스호스텔,제주시,조천읍,제주시 조천읍 북흘로 376-9,126.703719949917,33.5169099213804
340965,8코스,서귀포시,중문동,서귀포시 중문동 2768-1,126.426393043916,33.2379655211395
1137696,서귀포서부도서관,서귀포시,중문동,서귀포시 중문동 1921-1,126.43210306573,33.2507361738222
117942,전기차충전소_GS25 중문사거리점,서귀포시,중문동,서귀포시 중문동 1351-1,126.426946232416,33.2580424351987
585114,천제연폭포,서귀포시,중문동,서귀포시 중문동 2232,126.418335726991,33.2523664213192
33130,서귀포국민체육센터,서귀포시,중문동,서귀포시 중문동 1921-1,126.43210306573,33.2507361738222
5297,중문진실캠핑장,서귀포시,중문동,서귀포시 천제연로 132(중문동 2232),126.418374242413,33.2526754970693
150639,번개과학체험관,서귀포시,토평동,서귀포시 토평동 1799,126.588907183723,33.2897544307217
115328,전기차충전소_영천동주민센터,서귀포시,토평동,서귀포시 토평동 2202-3,126.586688237558,33.268751692405
142203,전기차충전소_한우명품관,서귀포시,토평동,서귀포시 토평동 262-1,126.58847132166,33.257309255998
3981,토평근린공원,서귀포시,토평동,서귀포시 토평동 3273-1,126.581073557502,33.292546754684
5097,전기차충전소_정혜재활원,서귀포시,토평동,서귀포시 인정오름로85번길 41(토평동 2895),126.581477119706,33.284676562716
287523,4코스,서귀포시,표선면,서귀포시 표선면 표선리 40-34,126.843044449679,33.3250913280394
88435,다이나믹메이즈,서귀포시,표선면,서귀포시 표선면 성읍리 2381,126.785098174903,33.3991414600619
784303,성읍민속마을,서귀포시,표선면,서귀포시 표선면 성읍리 775-1,126.800355627334,33.3844870713251
46751,세계술박물관,서귀포시,표선면,서귀포시 표선면 하천리 1814-1,126.817662538544,33.3539500817685
19082,자연사랑갤러리,서귀포시,표선면,서귀포시 표선면 가시리 1924,126.771657242787,33.3550821802628
137418,전기차충전소_성읍랜드,서귀포시,표선면,서귀포시 표선면 성읍리 2060-1,126.787197231927,33.3984087271157
120611,전기차충전소_표선면사무소,서귀포시,표선면,서귀포시 표선면 표선리 701,126.831720912304,33.3264034316067
124439,전기차충전소_표선생활체육관,서귀포시,표선면,서귀포시 표선면 하천리 1832-1,126.815326999455,33.3542473218539
214883,전기차충전소_표선해수욕장 주차장,서귀포시,표선면,서귀포시 표선면 민속해안로 631-45,126.84349846802,33.3247713718842
273287,제주민속촌,서귀포시,표선면,서귀포시 표선면 표선리 40-1,126.841893223857,33.3221153950566
295787,제주조랑말타운,서귀포시,표선면,서귀포시 표선면 성읍리 2867,126.772857942452,33.4077512762689
95370,제주허브동산,서귀포시,표선면,서귀포시 표선면 표선리 2608,126.815405392513,33.3304357794786
140952,포니벨리,서귀포시,표선면,서귀포시 표선면 성읍리 2684,126.778905588637,33.4029144839175
599774,표선 해비치 해변,서귀포시,표선면,서귀포시 표선면 표선리 44-13번지,126.842467268937,33.3258720388475
35642,사려니숲길,서귀포시,표선면,서귀포시 표선면 가시리 산 158(남조로 붉은오름사려니숲길 입구),126.669144945634,33.3960408950916
7691,녹산로 유채꽃길,서귀포시,표선면,서귀포시 표선면 가시리 3665-85,126.731689024887,33.3935079538689
8855,제주 허브 동산,서귀포시,표선면,서귀포시 표선면 표선리 2608,126.815405392513,33.3304357794786
1606,제주유채꽃축제장,서귀포시,표선면,서귀포시 표선면 가시리 3149-33,126.735980036799,33.3831935536892
33848,예래생태체험관,서귀포시,하예동,서귀포시 하예동 24-1,126.390984681226,33.2443632565645
113235,서귀포자연휴양림,서귀포시,하원동,서귀포시 하원동 산1-1,126.476171521359,33.333153339392
127881,전기차충전소_약천사 GS25,서귀포시,하원동,서귀포시 하원동 1698-1,126.450560929524,33.2436982403742
10968,전기차충전소_영실매표소,서귀포시,하원동,서귀포시 하원동 산1-1,126.476171521359,33.333153339392
785848,하효 쇠소깍 해변,서귀포시,하효동,서귀포시 하효동 995,126.623006619381,33.2522502331569
66758,13코스,제주시,한경면,제주시 한경면 용수리 4240-2,126.165985154496,33.323924992267
153777,14코스,제주시,한경면,제주시 한경면 중산간서로 3687,126.255967351426,33.3336912173584
70638,생각하는정원,제주시,한경면,제주시 한경면 녹차분재로 675,126.255005128834,33.3255844945227
43309,알프스얼음보석궁전,제주시,한경면,제주시 한경면 청수리 958,126.249469492267,33.2912341510913
14671,유리의성,제주시,한경면,제주시 한경면 녹차분재로 462,126.273662413462,33.3146338680657
35970,전기차충전소_GS25 너울빌리지점,제주시,한경면,제주시 한경면 금등리 646-3,126.193374703782,33.3627422168184
48420,전기차충전소_한경119센터,제주시,한경면,제주시 한경면 일주서로 4218,126.182849104955,33.342696870172
130224,전기차충전소_한경면사무소,제주시,한경면,제주시 한경면 두신로 84(신창리),126.184104963209,33.3501105196415
25605,전기차충전소_해양경비안전센터(고산출장소),제주시,한경면,제주시 한경면 노을해안로 1145,126.164095617201,33.3081774233966
146351,판포해변(포구),제주시,한경면,제주시 한경면 판포리 1709 앞,126.200571379615,33.3647593697263
49140,환상숲,제주시,한경면,제주시 한경면 녹차분재로 594-1,126.263238052577,33.3225720333875
7184,방림원,제주시,한경면,제주시 한경면 용금로 864,126.268512900749,33.3372284167289
12526,"전쟁역사박물관 (구,평화박물관)",제주시,한경면,제주시 한경면 청수서5길 63,126.249548049838,33.3058185911377
44639,전기차충전소_한경체육관,제주시,한경면,제주시 한경면 고산리 1881-2,126.184139343607,33.300994918763
44639,한경체육관,제주시,한경면,제주시 한경면 고산리 1881-2,126.184139343607,33.300994918763
5225,문화예술마을 저지리 농어촌체험마을,제주시,한경면,제주시 한경면 저지리 1863-1,126.255856320857,33.3326266661664
2724,제주고산리유적안내센타,제주시,한경면,제주시 한경면 고산리 3650-1,126.166295745223,33.3042058055814
12398,벌내물 공원,제주시,한경면,제주시 한경면 신창리 1322-1,126.173908545785,33.3434285042685
831,청수리 농어촌체험마을,제주시,한경면,제주시 한경면 청수리 1570,126.247288254549,33.3179402873165
7448,한원리 소공원,제주시,한경면,제주시 한경면 두모리 1499-1,126.19624899094,33.3382082865844
4747,힐링카약파크비체올린,제주시,한경면,제주시 한경면 판조로 253-6,126.218190777807,33.3494476861153
452,14-1코스,제주시,한경면,제주시 한경면 저지리 2178-4,126.274772249125,33.335220026144
22146,싱계물공원,제주시,한경면,제주시 한경면 신창리 1322-1,126.173908545785,33.3434285042685
17985,신창풍차해안도로,제주시,한경면,제주시 한경면 신창리 1481-21,126.172163361339,33.34302559305
29955,저지리 예술인 마을,제주시,한경면,제주시 한경면 저지리 2114-97,126.26379545994,33.3385429329733
4564,웃뜨르빛센터,제주시,한경면,제주시 한경면 청수리 113-3,126.259020138355,33.3023010325137
1682,감귤향기힐링파크,제주시,한경면,제주시 한경면 두모리 27,126.215762158429,33.3400794230563
979,성김대건신부표착기념관,제주시,한경면,제주시 한경면 용수리 4266,126.167681932655,33.3226438502024
7445,엉알해안,제주시,한경면,제주시 한경면 고산리 3674-9,126.168052489526,33.2988517357723
155438,15코스,제주시,한림읍,제주시 한림읍 대림리 2019-17,126.262596925607,33.4192408692422
50844,그리스신화박물관,제주시,한림읍,제주시 한림읍 광산로 942,126.357521258907,33.3480861338113
281943,금능으뜸원 해변(금능해수욕장),제주시,한림읍,제주시 한림읍 금능리 2036-1번지,126.235915650007,33.3900733723089
66141,더마파크,제주시,한림읍,제주시 한림읍 월림7길 155,126.241504837278,33.3555387479128
9418,전기차충전소_서부농업기술센터,제주시,한림읍,제주시 한림읍 월림 7길 90,126.247697582116,33.3534662412754
110895,전기차충전소_한림공원 인근 공영주차장,제주시,한림읍,제주시 한림읍 금능리 2018,126.237574815693,33.390881031756
51873,전기차충전소_한림읍사무소,제주시,한림읍,제주시 한림읍 한림리 919,126.267141680945,33.4104662340765
113576,한림공원,제주시,한림읍,제주시 한림읍 한림로 300,126.239691183153,33.3902248567191
349406,한림종합운동장,제주시,한림읍,제주시 한림읍 한림중앙로 71-9,126.268544091817,33.4096918414655
397439,협재 해변(협재해수욕장),제주시,한림읍,제주시 한림읍 협재리 2450번지,126.238560278913,33.3934575109222
18209,전기차충전소_김창열미술관,제주시,한림읍,제주시 한림읍 용금로 883-5,126.268671721329,33.3390713180748
5526,제주돌마을공원,제주시,한림읍,제주시 한림읍 금능남로 421,126.253692271452,33.3537840748852
15496,월령포구,제주시,한림읍,제주시 한림읍 월령리 317-1,126.216300387621,33.3785224357271
67696,한수풀도서관,제주시,한림읍,제주시 한림읍 대림리 1877(한림상로 240-11),126.268326027019,33.4205946266709
19594,전기차충전소_서부소방서,제주시,한림읍,제주시 한림읍 동명리 663(한림중앙로 150),126.270084260295,33.40258457985
6611,옹포천_어울공원,제주시,한림읍,제주시 한림읍 옹포리17,126.259292864414,33.4040647789979
440,그리스 신화박물관,제주시,한림읍,제주시 한림읍 광산로 942,126.357521258907,33.3480861338113
8090,월령선인장 군락지,제주시,한림읍,제주시 한림읍 월령리 376-1,126.214335950519,33.3763138373309
11162,14코스(흴체어구간),제주시,한림읍,제주시 한림읍 금능리 1494-17,126.228988152662,33.3896790877228
4045,금악오름,제주시,한림읍,제주시 한림읍 금악리 1210,126.305846956785,33.3510486540145
3158,전기차충전소_옹포리사무소(새마을회),제주시,한림읍,제주시 한림읍 월계로 21(옹포리 117-1),126.255809442607,33.4035678060498
2479,평수포구,제주시,한림읍,제주시 한림읍 수원리 960-6,126.263814784219,33.4282018437618
2989,금능석물원,제주시,한림읍,제주시 한림읍 금능리 1246,126.227560051219,33.3853478128443
1237,전기차충전소_한림금능농공단지 내 제주맥주,제주시,한림읍,제주시 한림읍 금능농공길 62-11(금능리 407-14),126.241214530803,33.3584997914398
485,돌빛나예술학교,제주시,한림읍,제주시 한림읍 협재리 2190-1,126.247976294372,33.3841828449986
282,비블리아성서식물원,제주시,한림읍,제주시 한림읍 상명리 1191-5,126.275107232255,33.355991015272
7281,백년초박물관,서귀포시,호근동,서귀포시 호근동 310-3,126.543923655568,33.2446757558736
274760,서귀포 치유의 숲,서귀포시,호근동,서귀포시 산록남로 2271,126.527902264226,33.2919386189088
1881,전기차충전소_서귀포시 일터나눔 자활센터,서귀포시,호근동,서귀포시 속골로 22(호근동 1579-1),126.529447657498,33.2417718705544
21028,전기차충전소_화북동주민센터,제주시,화북일동,제주시 화북일동 1976-7,126.565503111573,33.5202607838236
150813,80호공원,제주시,화북일동,제주시 화북일동 1972-9,126.567688947053,33.5196801435028
62244,79호공원,제주시,화북일동,제주시 화북일동 1957,126.564765088589,33.5214939136434
11812,1-86호어린이공원,제주시,화북일동,제주시 화북일동 11-8,126.573761036687,33.5196745897396
23673,1-87호어린이공원,제주시,화북일동,제주시 화북일동 9-2,126.576346557288,33.519826091486
20711,전기차충전소_동화초등학교 맞은편 공영주차장,제주시,화북일동,제주시 화북일동 14-1,126.576666202166,33.5179351033849
95578,전기차충전소_회수사거리,서귀포시,회수동,서귀포시 회수동 788-2,126.442480727738,33.2631002864537
10209,화산석테마공원,서귀포시,회수동,서귀포시 회수동 573-3,126.445874430466,33.2523505323845
