"동별(1)",동별(2),동별(3),2018,2018,2018,2019,2019,2019,2020,2020,2020,2021,2021,2021
"동별(1)",동별(2),동별(3),인구 (명),면적 (㎢),인구밀도 (명/㎢),인구 (명),면적 (㎢),인구밀도 (명/㎢),인구 (명),면적 (㎢),인구밀도 (명/㎢),인구 (명),면적 (㎢),인구밀도 (명/㎢)
"합계",소계,소계,10049607,605.24,16604,10010983,605.24,16541,9911088,605.23,16376,9736027,605.24,16086
"합계",종로구,소계,163026,23.91,6817,161869,23.91,6769,158996,23.91,6649,153789,23.91,6431
"합계",종로구,사직동,9818,1.23,7982,9815,1.23,7980,9806,1.23,7972,-,-,-
"합계",종로구,삼청동,3073,1.49,2062,2997,1.49,2011,2909,1.49,1952,-,-,-
"합계",종로구,부암동,10537,2.27,4642,10551,2.27,4648,10333,2.27,4552,-,-,-
"합계",종로구,평창동,19105,8.87,2154,18816,8.87,2121,18582,8.87,2095,-,-,-
"합계",종로구,무악동,8260,0.36,22944,8740,0.36,24278,8592,0.36,23867,-,-,-
"합계",종로구,교남동,10846,0.35,30989,10708,0.35,30594,10634,0.35,30383,-,-,-
"합계",종로구,가회동,4546,0.54,8419,4488,0.54,8311,4418,0.54,8181,-,-,-
"합계",종로구,종로1.2.3.4가동,8462,2.35,3601,8446,2.35,3594,8448,2.35,3595,-,-,-
"합계",종로구,종로5.6가동,5597,0.60,9328,5839,0.60,9732,5656,0.60,9427,-,-,-
"합계",종로구,이화동,8621,0.78,11053,8470,0.78,10859,8111,0.78,10399,-,-,-
"합계",종로구,창신1동,6237,0.31,20119,6079,0.31,19610,5964,0.31,19239,-,-,-
"합계",종로구,창신2동,10015,0.26,38519,9799,0.26,37688,9503,0.26,36550,-,-,-
"합계",종로구,창신3동,7439,0.23,32343,7271,0.23,31613,7107,0.23,30900,-,-,-
"합계",종로구,숭인1동,6723,0.23,29230,6532,0.23,28400,6388,0.23,27774,-,-,-
"합계",종로구,숭인2동,10088,0.35,28823,9902,0.35,28291,10178,0.35,29080,-,-,-
"합계",종로구,청운효자동,13293,2.57,5172,12981,2.57,5051,12633,2.57,4916,-,-,-
"합계",종로구,혜화동,20366,1.12,18184,20435,1.12,18246,19734,1.12,17620,-,-,-
"합계",중구,소계,135633,9.96,13618,136488,9.96,13704,134635,9.96,13517,131787,9.96,13231
"합계",중구,소공동,2936,0.95,3091,3059,0.95,3220,3011,0.95,3169,-,-,-
"합계",중구,회현동,5952,0.84,7086,5850,0.84,6964,5757,0.84,6854,-,-,-
"합계",중구,명동,3470,0.99,3505,3567,0.99,3603,3685,0.99,3722,-,-,-
"합계",중구,필동,5045,1.14,4425,5020,1.14,4404,4754,1.14,4170,-,-,-
"합계",중구,장충동,5653,1.36,4157,5628,1.36,4138,5468,1.36,4021,-,-,-
"합계",중구,광희동,6057,0.74,8185,6284,0.74,8492,6416,0.74,8670,-,-,-
"합계",중구,을지로동,1901,0.60,3168,2007,0.60,3345,1967,0.60,3278,-,-,-
"합계",중구,신당5동,9691,0.39,24849,10929,0.39,28023,10867,0.39,27864,-,-,-
"합계",중구,황학동,13380,0.33,40545,13689,0.33,41482,13531,0.33,41003,-,-,-
"합계",중구,중림동,12980,0.48,27042,12942,0.48,26963,12801,0.48,26669,-,-,-
"합계",중구,신당동,9419,0.55,17125,9234,0.55,16789,9191,0.55,16711,-,-,-
"합계",중구,다산동,15113,0.51,29633,15035,0.51,29480,14725,0.51,28873,-,-,-
"합계",중구,약수동,17973,0.48,37444,17734,0.48,36946,17354,0.48,36154,-,-,-
"합계",중구,청구동,14844,0.34,43659,14515,0.34,42691,14281,0.34,42003,-,-,-
"합계",중구,동화동,11219,0.26,43150,10995,0.26,42288,10827,0.26,41642,-,-,-
"합계",용산구,소계,245090,21.87,11209,245185,21.87,11213,244645,21.87,11188,237285,21.87,10852
"합계",용산구,후암동,18703,0.86,21748,18445,0.86,21448,18202,0.86,21165,-,-,-
"합계",용산구,용산2가동,12107,1.96,6177,11836,1.96,6039,11272,1.96,5751,-,-,-
"합계",용산구,남영동,8501,1.19,7144,8412,1.19,7069,8116,1.19,6820,-,-,-
"합계",용산구,원효로2동,15064,0.71,21217,14718,0.71,20730,14331,0.71,20185,-,-,-
"합계",용산구,효창동,9054,0.44,20577,10300,0.44,23409,10326,0.44,23468,-,-,-
"합계",용산구,용문동,12757,0.28,45561,12587,0.28,44954,12455,0.28,44482,-,-,-
"합계",용산구,이촌1동,29341,2.86,10259,29255,2.86,10229,28961,2.86,10126,-,-,-
"합계",용산구,이촌2동,9090,1.22,7451,9005,1.22,7381,8808,1.22,7220,-,-,-
"합계",용산구,이태원1동,9315,0.57,16342,9222,0.57,16179,8764,0.57,15375,-,-,-
"합계",용산구,이태원2동,10927,0.86,12706,10811,0.86,12571,10795,0.86,12552,-,-,-
"합계",용산구,서빙고동,14257,2.80,5092,14102,2.80,5036,14000,2.80,5000,-,-,-
"합계",용산구,보광동,16124,0.71,22710,15862,0.71,22341,15531,0.71,21875,-,-,-
"합계",용산구,청파동,20922,0.91,22991,20661,0.91,22704,20496,0.91,22523,-,-,-
"합계",용산구,원효로1동,16034,0.59,27176,16630,0.59,28186,16730,0.59,28356,-,-,-
"합계",용산구,한강로동,19209,2.90,6624,19635,2.90,6771,22097,2.90,7620,-,-,-
"합계",용산구,한남동,23685,3.01,7869,23704,3.01,7875,23761,3.01,7894,-,-,-
"합계",성동구,소계,316463,16.86,18771,308979,16.86,18327,300505,16.86,17822,292672,16.86,17359
"합계",성동구,왕십리2동,18148,0.41,44263,17744,0.41,43278,17416,0.41,42478,-,-,-
"합계",성동구,마장동,24157,1.06,22790,24035,1.05,22890,23459,1.05,22342,-,-,-
"합계",성동구,사근동,13408,1.11,12079,13543,1.10,12312,13512,1.10,12284,-,-,-
"합계",성동구,행당1동,16728,0.59,28353,16463,0.59,27903,14363,0.59,24344,-,-,-
"합계",성동구,행당2동,25075,0.42,59702,24640,0.42,58667,24151,0.42,57502,-,-,-
"합계",성동구,응봉동,16405,0.57,28781,16188,0.57,28400,15824,0.57,27761,-,-,-
"합계",성동구,금호1가동,16191,0.46,35198,15954,0.46,34683,15795,0.46,34337,-,-,-
"합계",성동구,금호4가동,15488,0.84,18438,15227,0.84,18127,14842,0.84,17669,-,-,-
"합계",성동구,성수1가1동,17570,1.98,8874,17168,1.98,8671,16851,1.97,8554,-,-,-
"합계",성동구,성수1가2동,15786,0.89,17737,14735,0.89,16556,13738,0.89,15436,-,-,-
"합계",성동구,성수2가1동,18317,1.18,15523,17722,1.18,15019,17146,1.17,14655,-,-,-
"합계",성동구,성수2가3동,11915,1.03,11568,11682,1.03,11342,11457,1.03,11123,-,-,-
"합계",성동구,송정동,11778,0.68,17321,11428,0.75,15237,11143,0.75,14857,-,-,-
"합계",성동구,용답동,15659,2.32,6750,13290,2.32,5728,12724,2.31,5508,-,-,-
"합계",성동구,왕십리도선동,27853,0.72,38685,27767,0.72,38565,27588,0.72,38317,-,-,-
"합계",성동구,금호2.3가동,24467,0.64,38230,24171,0.64,37767,23584,0.64,36850,-,-,-
"합계",성동구,옥수동,27518,1.95,14112,27222,1.95,13960,26912,1.94,13872,-,-,-
"합계",광진구,소계,371063,17.06,21746,366972,17.06,21507,360109,17.06,21105,352627,17.06,20666
"합계",광진구,화양동,24804,1.16,21383,25537,1.16,22015,25541,1.16,22018,-,-,-
"합계",광진구,군자동,22029,0.74,29769,22109,0.74,29877,21903,0.74,29599,-,-,-
"합계",광진구,중곡1동,16500,0.62,26613,16287,0.62,26269,16190,0.62,26113,-,-,-
"합계",광진구,중곡2동,22699,0.55,41271,22564,0.55,41025,22285,0.55,40518,-,-,-
"합계",광진구,중곡3동,17843,0.60,29738,17315,0.60,28858,16902,0.60,28170,-,-,-
"합계",광진구,중곡4동,31159,2.32,13431,30516,2.32,13153,29815,2.32,12851,-,-,-
"합계",광진구,능동,11891,1.10,10810,11978,1.10,10889,11913,1.10,10830,-,-,-
"합계",광진구,구의1동,23282,0.56,41575,23063,0.56,41184,22700,0.56,40536,-,-,-
"합계",광진구,구의2동,27974,1.39,20125,27902,1.39,20073,27444,1.39,19744,-,-,-
"합계",광진구,구의3동,30476,1.02,29878,30094,1.02,29504,29588,1.02,29008,-,-,-
"합계",광진구,광장동,36309,2.39,15192,36083,2.39,15097,35619,2.39,14903,-,-,-
"합계",광진구,자양1동,24476,0.57,42940,24156,0.57,42379,23710,0.57,41596,-,-,-
"합계",광진구,자양2동,27435,1.68,16330,26893,1.68,16008,26016,1.68,15486,-,-,-
"합계",광진구,자양3동,30132,1.20,25110,29475,1.20,24563,28957,1.20,24131,-,-,-
"합계",광진구,자양4동,24054,1.16,20736,23000,1.16,19828,21526,1.16,18557,-,-,-
"합계",동대문구,소계,364338,14.22,25630,363023,14.22,25537,357014,14.22,25114,352006,14.22,24762
"합계",동대문구,회기동,12868,0.76,16932,13114,0.76,17255,12663,0.76,16662,-,-,-
"합계",동대문구,휘경1동,14653,0.63,23259,16508,0.63,26203,15362,0.63,24384,-,-,-
"합계",동대문구,휘경2동,25147,1.05,23950,25068,1.05,23874,24992,1.05,23802,-,-,-
"합계",동대문구,청량리동,22527,1.20,18773,21808,1.20,18173,20432,1.20,17027,-,-,-
"합계",동대문구,용신동,31961,1.61,19852,32144,1.61,19965,32602,1.61,20250,-,-,-
"합계",동대문구,제기동,27576,1.18,23369,27364,1.18,23190,27017,1.18,22896,-,-,-
"합계",동대문구,전농1동,30988,1.19,26040,31075,1.19,26113,30722,1.19,25817,-,-,-
"합계",동대문구,전농2동,20351,0.86,23664,19990,0.86,23244,19449,0.86,22615,-,-,-
"합계",동대문구,답십리2동,28970,0.85,34082,30486,0.85,35866,29486,0.85,34689,-,-,-
"합계",동대문구,장안1동,39212,1.25,31370,39153,1.25,31322,39287,1.25,31430,-,-,-
"합계",동대문구,장안2동,31649,1.09,29036,33045,1.09,30317,33339,1.09,30586,-,-,-
"합계",동대문구,이문1동,26940,1.04,25904,22311,1.04,21453,21205,1.04,20389,-,-,-
"합계",동대문구,이문2동,22004,0.69,31890,21174,0.69,30687,20947,0.69,30358,-,-,-
"합계",동대문구,답십리1동,29492,0.81,36410,29783,0.81,36769,29511,0.81,36433,-,-,-
"합계",중랑구,소계,408147,18.50,22067,402024,18.50,21736,399562,18.50,21603,391885,18.50,21188
"합계",중랑구,면목2동,26482,0.73,36277,25942,0.73,35537,25214,0.77,32745,-,-,-
"합계",중랑구,면목4동,20730,1.11,18676,20052,1.10,18229,19270,0.87,22149,-,-,-
"합계",중랑구,면목5동,10071,0.64,15736,9825,0.64,15352,14661,0.70,20944,-,-,-
"합계",중랑구,면목7동,22258,0.87,25584,22200,0.87,25517,22714,1.20,18928,-,-,-
"합계",중랑구,상봉1동,25619,0.85,30140,25499,0.85,29999,24912,0.88,28309,-,-,-
"합계",중랑구,상봉2동,19243,0.68,28299,19844,0.68,29182,20214,0.65,31098,-,-,-
"합계",중랑구,중화1동,21030,0.68,30926,20916,0.68,30759,20400,0.64,31875,-,-,-
"합계",중랑구,중화2동,28660,0.98,29245,27274,0.98,27831,26073,1.01,25815,-,-,-
"합계",중랑구,묵1동,36233,1.20,30194,36016,1.20,30013,35588,1.20,29657,-,-,-
"합계",중랑구,묵2동,20355,0.70,29079,19901,0.70,28430,19672,0.67,29361,-,-,-
"합계",중랑구,망우3동,18334,0.99,18519,17941,0.99,18122,17508,0.92,19030,-,-,-
"합계",중랑구,신내1동,41264,2.53,16310,40854,2.53,16148,39831,2.56,15559,-,-,-
"합계",중랑구,신내2동,22379,0.99,22605,21905,0.99,22126,21302,0.93,22905,-,-,-
"합계",중랑구,면목본동,36558,1.01,36196,36195,1.01,35837,35424,0.84,42171,-,-,-
"합계",중랑구,면목3.8동,27139,1.67,16251,26589,1.67,15922,25995,1.63,15948,-,-,-
"합계",중랑구,망우본동,31792,2.88,11039,31071,2.88,10789,30784,3.03,10160,-,-,-
"합계",성북구,소계,447687,24.57,18218,454744,24.57,18505,447056,24.58,18190,440142,24.58,17909
"합계",성북구,돈암1동,16404,0.49,33478,15921,0.49,32492,15379,0.49,31386,-,-,-
"합계",성북구,돈암2동,25273,0.48,52652,25028,0.48,52142,24686,0.48,51429,-,-,-
"합계",성북구,안암동,17260,1.33,12977,17502,1.33,13159,16580,1.33,12466,-,-,-
"합계",성북구,보문동,17067,0.56,30477,16653,0.56,29738,16123,0.56,28791,-,-,-
"합계",성북구,정릉1동,18642,0.44,42368,19455,0.44,44216,18929,0.44,43020,-,-,-
"합계",성북구,정릉2동,24267,1.17,20741,23834,1.17,20371,23736,1.17,20287,-,-,-
"합계",성북구,정릉3동,17294,3.71,4661,17233,3.71,4645,16847,3.71,4541,-,-,-
"합계",성북구,정릉4동,27161,3.13,8678,26792,3.13,8560,25993,3.13,8304,-,-,-
"합계",성북구,길음1동,37829,0.79,47885,37082,0.79,46939,36568,0.79,46289,-,-,-
"합계",성북구,길음2동,11767,0.58,20288,16620,0.58,28655,17167,0.58,29598,-,-,-
"합계",성북구,월곡1동,27854,0.81,34388,27523,0.81,33979,27108,0.81,33467,-,-,-
"합계",성북구,월곡2동,20702,1.36,15222,20509,1.36,15080,20396,1.36,14997,-,-,-
"합계",성북구,장위1동,21228,0.70,30326,20592,0.70,29417,20449,0.70,29213,-,-,-
"합계",성북구,장위2동,15069,0.67,22491,13972,0.67,20854,14106,0.67,21054,-,-,-
"합계",성북구,장위3동,11689,0.65,17983,17580,0.65,27046,17359,0.65,26706,-,-,-
"합계",성북구,성북동,17902,2.86,6259,17584,2.86,6148,17404,2.86,6085,-,-,-
"합계",성북구,삼선동,26971,0.92,29316,26013,0.92,28275,24144,0.92,26243,-,-,-
"합계",성북구,동선동,16386,0.73,22447,16276,0.73,22296,16246,0.73,22255,-,-,-
"합계",성북구,종암동,42876,1.46,29367,42068,1.46,28814,41353,1.46,28324,-,-,-
"합계",성북구,석관동,34046,1.73,19680,36507,1.73,21102,36483,1.73,21088,-,-,-
"합계",강북구,소계,322915,23.60,13683,317695,23.60,13462,311569,23.60,13202,302563,23.60,12820
"합계",강북구,번1동,19964,0.55,36298,19614,0.66,29718,19441,0.66,29456,-,-,-
"합계",강북구,번2동,17504,1.25,14003,17102,0.95,18002,16544,0.95,17415,-,-,-
"합계",강북구,번3동,18967,0.86,22055,18251,1.10,16592,17605,1.10,16005,-,-,-
"합계",강북구,수유1동,22338,1.07,20877,21841,1.67,13078,21468,1.67,12855,-,-,-
"합계",강북구,수유2동,22526,0.73,30858,21939,0.57,38489,21595,0.57,37886,-,-,-
"합계",강북구,수유3동,24280,0.86,28233,24064,0.72,33422,23907,0.72,33204,-,-,-
"합계",강북구,삼양동,26575,0.95,27974,25537,0.91,28063,24742,0.91,27189,-,-,-
"합계",강북구,미아동,23228,0.73,31819,22814,0.93,24531,22723,0.93,24433,-,-,-
"합계",강북구,송중동,29549,1.22,24220,31153,1.01,30845,30934,1.01,30628,-,-,-
"합계",강북구,송천동,29519,0.88,33544,28628,0.90,31809,27871,0.90,30968,-,-,-
"합계",강북구,삼각산동,33524,0.62,54071,32900,0.62,53065,32118,0.62,51803,-,-,-
"합계",강북구,우이동,21895,10.95,2000,21391,10.28,2081,21076,10.28,2050,-,-,-
"합계",강북구,인수동,33046,2.93,11278,32461,3.28,9897,31545,3.28,9617,-,-,-
"합계",도봉구,소계,341649,20.67,16531,335631,20.66,16245,327361,20.65,15852,319373,20.65,15465
"합계",도봉구,쌍문1동,22428,1.24,18087,22364,1.24,18035,22016,1.24,17755,-,-,-
"합계",도봉구,쌍문2동,20580,0.54,38111,20025,0.54,37083,19406,0.54,35937,-,-,-
"합계",도봉구,쌍문3동,17406,0.50,34812,17262,0.50,34524,16922,0.50,33844,-,-,-
"합계",도봉구,쌍문4동,20102,0.52,38658,19811,0.52,38098,19297,0.52,37110,-,-,-
"합계",도봉구,방학1동,30563,0.69,44294,30056,0.69,43559,29236,0.69,42371,-,-,-
"합계",도봉구,방학2동,21648,0.74,29254,21140,0.74,28568,20473,0.74,27666,-,-,-
"합계",도봉구,방학3동,29336,2.64,11112,28782,2.64,10902,27973,2.62,10677,-,-,-
"합계",도봉구,창1동,26725,0.88,30369,26271,0.88,29853,25400,0.88,28864,-,-,-
"합계",도봉구,창2동,31351,1.07,29300,30498,1.07,28503,29912,1.05,28488,-,-,-
"합계",도봉구,창3동,15150,0.67,22612,14777,0.67,22055,14402,0.67,21496,-,-,-
"합계",도봉구,창4동,28464,0.96,29650,27873,0.96,29034,27286,0.95,28722,-,-,-
"합계",도봉구,창5동,26029,0.70,37184,25802,0.70,36860,25308,0.70,36154,-,-,-
"합계",도봉구,도봉1동,22839,8.72,2619,22293,8.72,2557,21810,8.72,2501,-,-,-
"합계",도봉구,도봉2동,29028,0.83,34973,28677,0.83,34551,27920,0.83,33639,-,-,-
"합계",노원구,소계,548160,35.44,15468,537303,35.44,15162,527032,35.44,14872,514946,35.44,14530
"합계",노원구,월계1동,24087,1.16,20765,23883,1.16,20589,23085,1.16,19901,-,-,-
"합계",노원구,월계2동,26692,1.94,13759,27289,1.94,14066,27615,1.94,14235,-,-,-
"합계",노원구,월계3동,32496,1.17,27774,31593,1.17,27003,30790,1.17,26316,-,-,-
"합계",노원구,공릉2동,41539,6.82,6091,41071,6.82,6022,40360,6.82,5918,-,-,-
"합계",노원구,하계1동,29901,1.55,19291,29305,1.55,18906,27965,1.55,18042,-,-,-
"합계",노원구,하계2동,23852,0.51,46769,23318,0.51,45722,22723,0.51,44555,-,-,-
"합계",노원구,중계본동,26863,1.97,13636,25875,1.97,13135,24942,1.97,12661,-,-,-
"합계",노원구,중계1동,28351,0.63,45002,28061,0.63,44541,27556,0.63,43740,-,-,-
"합계",노원구,중계4동,21841,1.70,12848,21324,1.70,12544,20752,1.70,12207,-,-,-
"합계",노원구,상계1동,41010,5.62,7297,40121,5.62,7139,39204,5.62,6976,-,-,-
"합계",노원구,상계2동,21624,0.61,35449,21220,0.61,34787,20692,0.61,33921,-,-,-
"합계",노원구,상계5동,26230,1.01,25970,25483,0.44,57916,24797,0.44,56357,-,-,-
"합계",노원구,상계8동,24427,0.67,36458,23953,0.67,35751,22963,0.67,34273,-,-,-
"합계",노원구,상계9동,22348,0.81,27590,21919,0.81,27060,21221,0.81,26199,-,-,-
"합계",노원구,상계10동,17021,0.80,21276,16619,0.80,20774,17631,0.80,22039,-,-,-
"합계",노원구,상계3.4동,26622,5.05,5272,25818,5.62,4594,27184,5.62,4837,-,-,-
"합계",노원구,상계6.7동,35480,1.11,31964,34648,1.11,31214,33642,1.11,30308,-,-,-
"합계",노원구,중계2.3동,37786,0.90,41984,36763,0.90,40848,35586,0.90,39540,-,-,-
"합계",노원구,공릉1동,39990,1.41,28362,39040,1.41,27688,38324,1.41,27180,-,-,-
"합계",은평구,소계,487666,29.71,16415,484546,29.71,16308,484043,29.71,16292,477173,29.71,16061
"합계",은평구,녹번동,34901,1.79,19498,38411,1.79,21459,37815,1.79,21126,-,-,-
"합계",은평구,불광1동,41585,3.13,13286,40917,3.13,13073,40022,3.13,12787,-,-,-
"합계",은평구,갈현1동,25191,0.97,25970,24536,0.97,25295,23396,0.97,24120,-,-,-
"합계",은평구,갈현2동,30692,0.96,31971,30150,0.96,31406,29239,0.96,30457,-,-,-
"합계",은평구,구산동,34132,1.38,24733,33804,1.38,24496,32997,1.38,23911,-,-,-
"합계",은평구,대조동,32608,0.85,38362,27910,0.85,32835,27579,0.85,32446,-,-,-
"합계",은평구,응암1동,26185,1.20,21821,25654,1.20,21378,31265,1.20,26054,-,-,-
"합계",은평구,응암2동,21086,0.78,27033,25466,0.78,32649,27776,0.78,35610,-,-,-
"합계",은평구,신사1동,28926,0.84,34436,28570,0.84,34012,27776,0.84,33067,-,-,-
"합계",은평구,신사2동,22247,1.00,22247,21875,1.00,21875,20945,1.00,20945,-,-,-
"합계",은평구,증산동,16412,0.81,20262,16172,0.81,19965,15487,0.81,19120,-,-,-
"합계",은평구,수색동,11266,1.29,8733,8952,1.29,6940,11258,1.29,8727,-,-,-
"합계",은평구,진관동,56487,11.53,4899,58006,11.53,5031,57256,11.53,4966,-,-,-
"합계",은평구,불광2동,29914,1.38,21677,29552,1.38,21414,28740,1.38,20826,-,-,-
"합계",은평구,응암3동,26417,0.63,41932,26081,0.63,41398,25553,0.63,40560,-,-,-
"합계",은평구,역촌동,49617,1.16,42773,48490,1.16,41802,46939,1.16,40465,-,-,-
"합계",서대문구,소계,323080,17.62,18331,323171,17.63,18335,322952,17.63,18322,315659,17.63,17908
"합계",서대문구,천연동,19044,0.97,19633,18704,0.97,19282,18049,0.97,18607,-,-,-
"합계",서대문구,홍제1동,23123,1.23,18799,24997,1.23,20323,24604,1.23,20003,-,-,-
"합계",서대문구,홍제3동,16616,0.81,20514,16420,0.81,20272,15983,1.05,15222,-,-,-
"합계",서대문구,홍제2동,14934,1.05,14223,14570,1.05,13876,14334,0.81,17696,-,-,-
"합계",서대문구,홍은1동,24131,1.58,15273,22902,1.58,14495,23266,1.58,14725,-,-,-
"합계",서대문구,홍은2동,29004,2.06,14080,28394,2.06,13783,27734,2.06,13463,-,-,-
"합계",서대문구,남가좌1동,17199,0.51,33724,16918,0.51,33173,16141,0.51,31649,-,-,-
"합계",서대문구,남가좌2동,24989,0.77,32453,25947,0.77,33697,30996,0.77,40255,-,-,-
"합계",서대문구,북가좌1동,19311,0.52,37137,19160,0.55,34836,18557,0.55,33740,-,-,-
"합계",서대문구,북가좌2동,34237,0.84,40758,33810,0.84,40250,32947,0.84,39223,-,-,-
"합계",서대문구,충현동,18291,1.12,16331,18113,1.12,16172,21229,1.12,18954,-,-,-
"합계",서대문구,북아현동,17832,0.46,38765,17525,0.46,38098,16956,0.46,36861,-,-,-
"합계",서대문구,신촌동,23917,2.63,9094,24372,2.63,9267,23051,2.63,8765,-,-,-
"합계",서대문구,연희동,40452,3.05,13263,41339,3.05,13554,39105,3.05,12821,-,-,-
"합계",마포구,소계,386359,23.85,16199,385925,23.85,16180,381858,23.85,16011,378686,23.85,15878
"합계",마포구,용강동,22647,0.84,26961,22441,0.84,26715,22257,0.84,26496,-,-,-
"합계",마포구,대흥동,13661,0.88,15524,13575,0.88,15426,15863,0.87,18233,-,-,-
"합계",마포구,염리동,13063,0.43,30379,13486,0.43,31363,12864,0.44,29236,-,-,-
"합계",마포구,신수동,21806,0.78,27956,23877,0.78,30612,23606,0.78,30264,-,-,-
"합계",마포구,서교동,26264,1.65,15918,25997,1.65,15756,26981,1.65,16352,-,-,-
"합계",마포구,합정동,19535,1.72,11358,19153,1.72,11135,18576,1.72,10800,-,-,-
"합계",마포구,망원1동,22125,1.13,19580,21856,1.13,19342,21113,1.13,18684,-,-,-
"합계",마포구,망원2동,19641,0.67,29315,19386,0.67,28934,19216,0.67,28681,-,-,-
"합계",마포구,연남동,17393,0.64,27177,16953,0.64,26489,16682,0.64,26066,-,-,-
"합계",마포구,성산1동,20443,0.80,25554,20164,0.80,25205,19679,0.80,24599,-,-,-
"합계",마포구,성산2동,41743,2.07,20166,41531,2.07,20063,40669,2.07,19647,-,-,-
"합계",마포구,상암동,33550,8.40,3994,32882,8.40,3915,31997,8.40,3809,-,-,-
"합계",마포구,도화동,22845,0.62,36847,22594,0.62,36442,21998,0.62,35481,-,-,-
"합계",마포구,서강동,25622,1.45,17670,26163,1.45,18043,25386,1.45,17508,-,-,-
"합계",마포구,공덕동,40506,1.01,40105,40509,1.01,40108,38750,1.01,38366,-,-,-
"합계",마포구,아현동,25515,0.76,33572,25358,0.76,33366,26221,0.76,34501,-,-,-
"합계",양천구,소계,468145,17.41,26894,462285,17.41,26559,457781,17.41,26301,450487,17.41,25882
"합계",양천구,목1동,32458,1.41,23020,32173,1.41,22818,31727,1.41,22501,-,-,-
"합계",양천구,목2동,31754,1.03,30829,31477,1.03,30560,30705,1.03,29811,-,-,-
"합계",양천구,목3동,23231,0.53,43832,23095,0.53,43575,22643,0.53,42723,-,-,-
"합계",양천구,목4동,27289,0.57,47875,26909,0.57,47209,26190,0.57,45947,-,-,-
"합계",양천구,신월1동,22379,0.65,34429,21773,0.65,33497,21246,0.65,32686,-,-,-
"합계",양천구,신월2동,22853,0.61,37464,22126,0.61,36272,21520,0.61,35279,-,-,-
"합계",양천구,신월3동,17186,0.87,19754,16719,0.87,19217,15965,0.87,18351,-,-,-
"합계",양천구,신월4동,19335,0.52,37183,19026,0.52,36588,18487,0.52,35552,-,-,-
"합계",양천구,신월5동,15759,0.69,22839,15570,0.69,22565,15189,0.69,22013,-,-,-
"합계",양천구,신월6동,6815,0.41,16622,6615,0.41,16134,13798,0.41,33654,-,-,-
"합계",양천구,신월7동,22347,1.19,18779,21602,1.19,18153,20651,1.19,17354,-,-,-
"합계",양천구,신정1동,21677,0.70,30967,21627,0.70,30896,21074,0.70,30106,-,-,-
"합계",양천구,신정2동,20987,0.52,40360,20685,0.52,39779,20207,0.52,38860,-,-,-
"합계",양천구,신정3동,48799,2.72,17941,48151,2.72,17703,46787,2.72,17201,-,-,-
"합계",양천구,신정6동,25500,0.96,26563,25304,0.96,26358,25038,0.96,26081,-,-,-
"합계",양천구,신정7동,30193,1.21,24953,30904,1.21,25540,30075,1.21,24855,-,-,-
"합계",양천구,목5동,43390,1.81,23972,42948,1.81,23728,42288,1.81,23364,-,-,-
"합계",양천구,신정4동,36193,1.01,35835,35581,1.01,35229,34191,1.01,33852,-,-,-
"합계",강서구,소계,603611,41.44,14567,598273,41.44,14438,585901,41.44,14140,579768,41.45,13986
"합계",강서구,염창동,41016,1.74,23572,42579,1.74,24471,42017,1.74,24148,-,-,-
"합계",강서구,등촌1동,23558,0.59,39929,23717,0.59,40198,24338,0.64,38028,-,-,-
"합계",강서구,등촌2동,22118,0.92,24041,21868,0.92,23770,21216,0.92,23061,-,-,-
"합계",강서구,등촌3동,33279,0.79,42125,32506,0.79,41147,31660,0.79,40076,-,-,-
"합계",강서구,화곡본동,36390,1.11,32784,35918,1.11,32359,34981,0.98,35695,-,-,-
"합계",강서구,화곡2동,20041,0.47,42640,19487,0.47,41462,18727,0.45,41616,-,-,-
"합계",강서구,화곡3동,22730,0.51,44569,22710,0.51,44529,21938,0.53,41392,-,-,-
"합계",강서구,화곡4동,22694,0.82,27676,22044,0.82,26883,21413,0.82,26113,-,-,-
"합계",강서구,화곡6동,24840,1.12,22179,25118,1.12,22427,25133,1.11,22642,-,-,-
"합계",강서구,화곡8동,26833,0.53,50628,26509,0.53,50017,25674,0.53,48442,-,-,-
"합계",강서구,가양1동,33556,4.70,7140,34154,4.70,7267,34540,4.70,7349,-,-,-
"합계",강서구,가양2동,15763,1.00,15763,15140,1.00,15140,14588,1.00,14588,-,-,-
"합계",강서구,가양3동,16516,0.99,16683,16199,0.99,16363,15583,0.50,31166,-,-,-
"합계",강서구,발산1동,38879,2.96,13135,38507,2.96,13009,37530,2.94,12765,-,-,-
"합계",강서구,공항동,28646,10.87,2635,28261,10.87,2600,27627,10.87,2542,-,-,-
"합계",강서구,방화1동,46357,1.04,44574,45668,1.04,43912,44550,1.48,30101,-,-,-
"합계",강서구,방화2동,24391,6.41,3805,24051,6.41,3752,23442,6.41,3657,-,-,-
"합계",강서구,방화3동,24912,2.38,10467,24467,2.38,10280,23577,2.55,9246,-,-,-
"합계",강서구,화곡1동,54687,1.12,48828,54562,1.12,48716,53380,1.12,47661,-,-,-
"합계",강서구,우장산동,46405,1.36,34121,44808,1.36,32947,43987,1.36,32343,-,-,-
"합계",구로구,소계,438486,20.12,21793,439371,20.12,21837,432488,20.12,21496,421163,20.12,20933
"합계",구로구,신도림동,37615,1.47,25588,37188,1.47,25298,36494,1.47,24826,-,-,-
"합계",구로구,구로1동,21911,1.02,21481,22097,1.02,21664,21632,1.02,21208,-,-,-
"합계",구로구,구로3동,26974,1.02,26445,26290,1.02,25775,25722,1.02,25218,-,-,-
"합계",구로구,구로4동,27165,0.46,59054,26219,0.46,56998,25031,0.46,54415,-,-,-
"합계",구로구,구로5동,34085,1.03,33092,33426,1.03,32452,32339,1.03,31397,-,-,-
"합계",구로구,고척1동,24659,1.16,21258,24182,1.16,20847,23547,1.16,20299,-,-,-
"합계",구로구,고척2동,29543,1.02,28964,28950,1.02,28382,27853,1.02,27307,-,-,-
"합계",구로구,개봉2동,33715,0.80,42144,33036,0.80,41295,32218,0.80,40273,-,-,-
"합계",구로구,개봉3동,22156,0.81,27353,22005,0.81,27167,21284,0.81,26277,-,-,-
"합계",구로구,오류1동,22651,0.59,38392,23295,0.59,39483,23360,0.59,39593,-,-,-
"합계",구로구,수궁동,25461,2.67,9536,24890,2.67,9322,24297,2.67,9100,-,-,-
"합계",구로구,가리봉동,16206,0.40,40515,15250,0.40,38125,14263,0.40,35658,-,-,-
"합계",구로구,구로2동,36289,1.76,20619,35208,1.76,20005,33050,1.76,18778,-,-,-
"합계",구로구,개봉1동,34658,1.31,26456,33835,1.31,25828,35239,1.31,26900,-,-,-
"합계",구로구,오류2동,45398,4.60,9869,53500,4.60,11630,39755,3.20,12423,-,-,-
"합계",구로구,항동,-,-,-,-,-,-,16404,1.40,11717,-,-,-
"합계",금천구,소계,254021,13.02,19510,251820,13.02,19341,247835,13.02,19035,244891,13.02,18808
"합계",금천구,가산동,24459,2.52,9706,24455,2.52,9704,25973,2.52,10307,-,-,-
"합계",금천구,독산1동,41826,2.09,20012,43840,2.09,20976,44191,2.09,21144,-,-,-
"합계",금천구,독산2동,22103,0.60,36838,21405,0.60,35675,20666,0.60,34443,-,-,-
"합계",금천구,독산3동,30702,0.92,33372,29916,0.92,32517,28535,0.92,31016,-,-,-
"합계",금천구,독산4동,18776,0.59,31824,18227,0.59,30893,17464,0.59,29600,-,-,-
"합계",금천구,시흥1동,37078,1.71,21683,36706,1.71,21465,35781,1.71,20925,-,-,-
"합계",금천구,시흥2동,23253,1.26,18455,22659,1.26,17983,22092,1.26,17533,-,-,-
"합계",금천구,시흥3동,11740,1.07,10972,11524,1.07,10770,11285,1.07,10547,-,-,-
"합계",금천구,시흥4동,22747,0.87,26146,22216,0.87,25536,21520,0.87,24736,-,-,-
"합계",금천구,시흥5동,21337,1.39,15350,20872,1.39,15016,20328,1.39,14624,-,-,-
"합계",영등포구,소계,403600,24.55,16441,400986,24.55,16334,407367,24.55,16595,400908,24.55,16331
"합계",영등포구,여의동,33973,8.40,4044,34598,8.40,4119,34463,8.40,4103,-,-,-
"합계",영등포구,당산1동,21361,0.75,28481,21524,0.75,28699,21197,0.75,28263,-,-,-
"합계",영등포구,당산2동,36191,1.55,23349,36324,1.55,23435,38011,1.55,24523,-,-,-
"합계",영등포구,양평1동,17959,0.88,20408,18263,0.88,20753,17702,0.88,20116,-,-,-
"합계",영등포구,양평2동,22962,3.00,7654,22802,3.00,7601,22603,3.00,7534,-,-,-
"합계",영등포구,신길1동,19696,0.66,29842,19750,0.66,29924,19167,0.66,29041,-,-,-
"합계",영등포구,신길3동,17563,0.52,33775,18727,0.52,36013,18086,0.52,34781,-,-,-
"합계",영등포구,신길4동,10425,0.35,29786,9985,0.35,28529,12974,0.38,34142,-,-,-
"합계",영등포구,신길5동,11649,0.47,24785,10670,0.47,22702,12496,0.47,26587,-,-,-
"합계",영등포구,신길6동,19801,0.68,29119,19434,0.68,28579,19071,0.65,29340,-,-,-
"합계",영등포구,신길7동,17216,0.64,26900,17075,0.64,26680,20494,0.64,32022,-,-,-
"합계",영등포구,대림1동,17030,0.49,34755,16332,0.49,33331,17751,0.49,36227,-,-,-
"합계",영등포구,대림2동,22231,0.55,40420,21370,0.55,38855,19776,0.55,35956,-,-,-
"합계",영등포구,대림3동,29519,0.95,31073,28638,0.95,30145,26973,0.95,28393,-,-,-
"합계",영등포구,영등포본동,25480,1.02,24980,24813,1.02,24326,23790,1.02,23324,-,-,-
"합계",영등포구,영등포동,26111,1.26,20723,27166,1.26,21560,28749,1.26,22817,-,-,-
"합계",영등포구,도림동,22178,0.89,24919,21552,0.89,24216,20665,0.89,23219,-,-,-
"합계",영등포구,문래동,32255,1.49,21648,31963,1.49,21452,33399,1.49,22415,-,-,-
"합계",동작구,소계,409385,16.35,25032,408912,16.35,25003,401572,16.35,24555,394364,16.36,24113
"합계",동작구,노량진2동,14307,0.64,22355,13789,0.64,21545,13512,0.64,21113,-,-,-
"합계",동작구,상도1동,48317,1.51,31998,48153,1.51,31889,46840,1.51,31020,-,-,-
"합계",동작구,상도2동,27767,0.98,28334,29270,0.98,29867,28162,0.98,28737,-,-,-
"합계",동작구,상도3동,26181,0.60,43635,26041,0.60,43402,25416,0.60,42360,-,-,-
"합계",동작구,상도4동,30264,0.75,40352,29893,0.75,39857,29306,0.75,39075,-,-,-
"합계",동작구,사당1동,24064,0.79,30461,24026,0.79,30413,23632,0.79,29914,-,-,-
"합계",동작구,사당3동,26762,0.92,29089,26034,0.92,28298,25244,0.92,27439,-,-,-
"합계",동작구,사당4동,15091,0.38,39713,14921,0.38,39266,14599,0.38,38418,-,-,-
"합계",동작구,사당5동,13207,0.57,23170,12886,0.57,22607,14811,0.57,25984,-,-,-
"합계",동작구,대방동,40360,1.55,26039,40177,1.55,25921,39172,1.55,25272,-,-,-
"합계",동작구,신대방1동,27214,0.62,43894,26599,0.62,42902,25823,0.62,41650,-,-,-
"합계",동작구,신대방2동,21076,1.03,20462,20719,1.03,20116,20466,1.03,19870,-,-,-
"합계",동작구,흑석동,33231,1.68,19780,35551,1.68,21161,34544,1.68,20562,-,-,-
"합계",동작구,노량진1동,32802,1.58,20761,32563,1.58,20609,32387,1.58,20498,-,-,-
"합계",동작구,사당2동,28742,2.75,10452,28290,2.75,10287,27658,2.75,10057,-,-,-
"합계",관악구,소계,520040,29.57,17587,517334,29.57,17496,509803,29.57,17241,499449,29.57,16891
"합계",관악구,보라매동,26398,0.76,34734,26496,0.76,34863,25278,0.76,33261,-,-,-
"합계",관악구,청림동,16527,0.30,55090,16286,0.30,54287,15711,0.30,52370,-,-,-
"합계",관악구,행운동,30438,0.72,42275,30061,0.72,41751,29799,0.72,41388,-,-,-
"합계",관악구,낙성대동,17780,2.27,7833,17623,2.27,7763,17579,2.27,7744,-,-,-
"합계",관악구,중앙동,15716,0.39,40297,15895,0.39,40756,15758,0.39,40405,-,-,-
"합계",관악구,인헌동,27293,1.08,25271,27088,1.08,25081,26500,1.08,24537,-,-,-
"합계",관악구,남현동,18998,3.27,5810,18980,3.27,5804,18598,3.27,5687,-,-,-
"합계",관악구,서원동,23933,0.65,36820,24068,0.65,37028,23565,0.65,36254,-,-,-
"합계",관악구,신원동,20119,0.55,36580,19742,0.55,35895,19290,0.55,35073,-,-,-
"합계",관악구,서림동,24881,0.99,25132,24339,0.99,24585,24410,0.99,24657,-,-,-
"합계",관악구,신사동,26442,0.64,41316,25960,0.64,40563,25426,0.64,39728,-,-,-
"합계",관악구,신림동,22256,0.54,41215,22525,0.54,41713,22667,0.54,41976,-,-,-
"합계",관악구,난향동,16693,0.80,20866,16394,0.80,20493,15915,0.80,19894,-,-,-
"합계",관악구,조원동,19824,0.67,29588,19579,0.67,29222,19232,0.67,28704,-,-,-
"합계",관악구,대학동,24823,8.30,2991,24457,8.30,2947,24907,8.30,3001,-,-,-
"합계",관악구,은천동,35797,0.78,45894,35337,0.78,45304,34595,0.78,44353,-,-,-
"합계",관악구,성현동,33033,0.68,48578,31175,0.68,45846,30472,0.68,44812,-,-,-
"합계",관악구,청룡동,30242,1.18,25629,34440,1.18,29186,36325,1.18,30784,-,-,-
"합계",관악구,난곡동,29484,0.96,30713,28912,0.96,30117,28054,0.96,29223,-,-,-
"합계",관악구,삼성동,26068,2.66,9800,25226,2.66,9483,23935,2.66,8998,-,-,-
"합계",관악구,미성동,33295,1.38,24127,32751,1.38,23733,31787,1.38,23034,-,-,-
"합계",서초구,소계,438163,46.98,9326,435107,46.98,9261,429025,46.98,9132,416167,46.98,8858
"합계",서초구,서초1동,21574,1.42,15193,21579,1.42,15196,21187,1.42,14920,-,-,-
"합계",서초구,서초2동,18506,1.24,14924,18837,1.24,15191,21731,1.24,17525,-,-,-
"합계",서초구,서초3동,30754,2.93,10496,30951,2.93,10563,32307,2.93,11026,-,-,-
"합계",서초구,서초4동,31817,0.88,36156,31988,0.88,36350,31718,0.88,36043,-,-,-
"합계",서초구,잠원동,34962,1.76,19865,35131,1.76,19961,28532,1.76,16211,-,-,-
"합계",서초구,반포본동,12583,1.01,12458,12190,1.01,12069,11991,1.01,11872,-,-,-
"합계",서초구,반포1동,32109,1.00,32109,33237,1.00,33237,32630,1.00,32630,-,-,-
"합계",서초구,반포2동,16761,1.35,12416,16385,1.35,12137,16240,1.35,12030,-,-,-
"합계",서초구,반포3동,20434,1.28,15964,20390,1.28,15930,22412,1.28,17509,-,-,-
"합계",서초구,반포4동,20600,1.43,14406,20232,1.43,14148,19977,1.43,13970,-,-,-
"합계",서초구,방배본동,21746,0.67,32457,21585,0.67,32216,21293,0.67,31781,-,-,-
"합계",서초구,방배1동,17683,0.70,25261,17524,0.70,25034,17381,0.70,24830,-,-,-
"합계",서초구,방배2동,22491,1.93,11653,20958,1.93,10859,20404,1.93,10572,-,-,-
"합계",서초구,방배3동,22268,2.40,9278,22455,2.40,9356,21441,2.40,8934,-,-,-
"합계",서초구,방배4동,24442,0.98,24941,24083,0.98,24574,24036,0.98,24527,-,-,-
"합계",서초구,양재1동,46713,5.76,8110,45940,5.76,7976,44890,5.76,7793,-,-,-
"합계",서초구,양재2동,24032,7.58,3170,23161,7.58,3056,22709,7.58,2996,-,-,-
"합계",서초구,내곡동,18688,12.68,1474,18481,12.68,1457,18146,12.68,1431,-,-,-
"합계",강남구,소계,547453,39.50,13859,550209,39.50,13929,544055,39.50,13773,537800,39.50,13616
"합계",강남구,신사동,17813,1.89,9425,17546,1.89,9284,16914,1.89,8949,-,-,-
"합계",강남구,논현1동,24061,1.25,19249,23792,1.25,19034,23734,1.25,18987,-,-,-
"합계",강남구,논현2동,22304,1.47,15173,21904,1.47,14901,21997,1.47,14964,-,-,-
"합계",강남구,삼성1동,15252,1.94,7862,14920,1.94,7691,13600,1.94,7010,-,-,-
"합계",강남구,삼성2동,30492,1.24,24590,30674,1.24,24737,30368,1.24,24490,-,-,-
"합계",강남구,대치1동,25590,0.79,32392,25302,0.79,32028,24922,0.79,31547,-,-,-
"합계",강남구,대치4동,21265,0.73,29130,20822,0.73,28523,20744,0.73,28416,-,-,-
"합계",강남구,역삼1동,36861,2.35,15686,37002,2.35,15746,36771,2.35,15647,-,-,-
"합계",강남구,역삼2동,36822,1.15,32019,37336,1.15,32466,37291,1.15,32427,-,-,-
"합계",강남구,도곡1동,22844,1.02,22396,22626,1.02,22182,22227,1.02,21791,-,-,-
"합계",강남구,도곡2동,34704,1.02,34024,34437,1.02,33762,34042,1.02,33375,-,-,-
"합계",강남구,개포1동,7800,1.27,6142,6920,1.27,5449,6670,1.27,5252,-,-,-
"합계",강남구,개포4동,18920,1.49,12698,18405,1.49,12352,22765,1.49,15279,-,-,-
"합계",강남구,일원본동,24781,2.58,9605,24399,2.58,9457,23945,2.58,9281,-,-,-
"합계",강남구,일원1동,17136,0.92,18626,16438,0.92,17867,15827,0.92,17203,-,-,-
"합계",강남구,일원2동,16593,1.24,13381,18160,1.24,14645,17709,1.24,14281,-,-,-
"합계",강남구,수서동,16421,1.43,11483,15934,1.43,11143,15299,1.43,10699,-,-,-
"합계",강남구,세곡동,45445,6.36,7145,45064,6.36,7086,44475,6.36,6993,-,-,-
"합계",강남구,압구정동,28146,2.53,11125,27712,2.53,10953,27440,2.53,10846,-,-,-
"합계",강남구,청담동,30185,2.33,12955,30120,2.33,12927,27266,2.33,11702,-,-,-
"합계",강남구,대치2동,40163,2.00,20082,38647,2.00,19324,37752,2.00,18876,-,-,-
"합계",강남구,개포2동,13855,2.51,5520,22049,2.51,8784,22297,2.51,8883,-,-,-
"합계",송파구,소계,673507,33.87,19883,682741,33.87,20156,673926,33.87,19896,663965,33.88,19599
"합계",송파구,풍납1동,16380,0.77,21273,15518,0.77,20153,14585,0.77,18942,-,-,-
"합계",송파구,풍납2동,25149,1.59,15817,25288,1.59,15904,25703,1.59,16165,-,-,-
"합계",송파구,거여1동,13339,0.51,26155,13221,0.51,25924,13077,0.51,25641,-,-,-
"합계",송파구,거여2동,17299,0.53,32640,16921,0.53,31926,19330,0.53,36472,-,-,-
"합계",송파구,마천1동,21344,0.58,36800,20764,0.58,35800,19909,0.58,34326,-,-,-
"합계",송파구,마천2동,20684,0.89,23240,20242,0.89,22744,19719,0.89,22156,-,-,-
"합계",송파구,방이1동,16631,0.50,33262,16524,0.50,33048,16298,0.50,32596,-,-,-
"합계",송파구,방이2동,25801,0.80,32251,26044,0.80,32555,26675,0.80,33344,-,-,-
"합계",송파구,오륜동,19244,3.17,6071,18864,3.17,5951,18495,3.17,5834,-,-,-
"합계",송파구,오금동,41014,1.65,24857,41067,1.65,24889,39668,1.65,24041,-,-,-
"합계",송파구,송파1동,26401,0.79,33419,26026,0.79,32944,25190,0.79,31886,-,-,-
"합계",송파구,송파2동,21210,0.53,40019,20862,0.53,39362,20800,0.53,39245,-,-,-
"합계",송파구,석촌동,34760,0.95,36589,34309,0.95,36115,33166,0.95,34912,-,-,-
"합계",송파구,삼전동,33440,0.95,35200,32613,0.95,34329,31839,0.95,33515,-,-,-
"합계",송파구,가락본동,28353,1.13,25091,27876,1.13,24669,27368,1.13,24219,-,-,-
"합계",송파구,가락1동,1115,1.34,832,27716,1.34,20684,27876,1.34,20803,-,-,-
"합계",송파구,가락2동,34455,0.96,35891,33920,0.96,35333,33204,0.96,34588,-,-,-
"합계",송파구,문정1동,21731,0.56,38805,21301,0.56,38038,20868,0.56,37264,-,-,-
"합계",송파구,문정2동,30140,2.20,13700,29967,2.20,13621,29547,2.20,13430,-,-,-
"합계",송파구,잠실본동,29756,0.94,31655,29628,0.94,31519,29093,0.94,30950,-,-,-
"합계",송파구,잠실4동,30089,1.56,19288,22240,1.56,14256,21798,1.56,13973,-,-,-
"합계",송파구,잠실6동,17461,2.79,6258,17441,2.79,6251,17366,2.79,6224,-,-,-
"합계",송파구,잠실7동,10369,0.60,17282,10191,0.60,16985,9903,0.60,16505,-,-,-
"합계",송파구,잠실2동,37069,2.18,17004,36809,2.18,16885,36216,2.18,16613,-,-,-
"합계",송파구,잠실3동,36546,1.49,24528,36038,1.49,24187,35497,1.49,23823,-,-,-
"합계",송파구,장지동,34892,1.37,25469,33055,1.37,24128,30370,1.37,22168,-,-,-
"합계",송파구,위례동,28835,2.55,11308,28296,2.55,11096,30366,2.55,11908,-,-,-
"합계",강동구,소계,431920,24.59,17564,440390,24.59,17909,463998,24.59,18869,466472,24.59,18970
"합계",강동구,강일동,32928,2.80,11760,32127,2.80,11474,35778,2.80,12778,-,-,-
"합계",강동구,상일동,11138,2.65,4203,10773,2.65,4065,33345,2.65,12583,-,-,-
"합계",강동구,명일1동,22483,0.61,36857,26758,0.61,43866,26377,0.61,43241,-,-,-
"합계",강동구,명일2동,18020,0.97,18577,17778,0.97,18328,17555,0.97,18098,-,-,-
"합계",강동구,고덕1동,27469,1.73,15878,27079,1.73,15653,26103,1.73,15088,-,-,-
"합계",강동구,고덕2동,7709,2.01,3835,19345,2.01,9624,22568,2.01,11228,-,-,-
"합계",강동구,암사2동,14711,1.18,12467,14774,1.18,12520,15507,1.18,13142,-,-,-
"합계",강동구,암사3동,18943,2.51,7547,18693,2.51,7447,18420,2.51,7339,-,-,-
"합계",강동구,천호1동,29144,0.71,41048,28400,0.71,40000,27745,0.71,39077,-,-,-
"합계",강동구,천호3동,28568,0.79,36162,27996,0.79,35438,27085,0.79,34285,-,-,-
"합계",강동구,성내1동,20996,0.58,36200,20561,0.58,35450,20353,0.58,35091,-,-,-
"합계",강동구,성내2동,25725,0.67,38396,25186,0.67,37591,24948,0.67,37236,-,-,-
"합계",강동구,성내3동,24155,0.71,34021,23921,0.71,33692,23692,0.71,33369,-,-,-
"합계",강동구,둔촌1동,317,0.92,345,283,0.92,308,262,0.92,285,-,-,-
"합계",강동구,둔촌2동,28260,0.98,28837,27752,0.98,28318,26413,0.98,26952,-,-,-
"합계",강동구,암사1동,37760,1.02,37020,36693,1.02,35974,35728,1.02,35027,-,-,-
"합계",강동구,천호2동,36423,1.57,23199,35904,1.57,22869,35251,1.57,22453,-,-,-
"합계",강동구,길동,47171,2.17,21738,46367,2.17,21367,46868,2.17,21598,-,-